Order_ID,Order_Date,Ship_Date,Customer_ID,Customer_Name,Age,Gender,Segment,Region,State,Category,Sub_Category,Product_Name,Sales,Quantity,Discount,Profit
ORD-100000,2023-02-28,2023-03-06,CUST-6510,Manish Kapoor,24.0,Male,Corporate,South,Telangana,Office Supplies,Art,Marker Set,84.2,4,0.2,10.32
ORD-100001,2024-12-01,2024-12-08,CUST-6419,Priya Singh,18.0,Female,Consumer,North,Delhi,Furniture,Tables,Oak Dining Table,1737.02,6,0.1,228.69
ORD-100002,2024-03-31,2024-04-01,CUST-5537,Anita Mehta,47.0,Female,Corporate,West,Maharashtra,Furniture,Furnishings,Table Lamp,504.36,4,0.0,150.84
ORD-100003,2023-11-18,2023-11-25,CUST-2351,Priya Rao,29.0,Female,Home Office,Central,Madhya Pradesh,Technology,Copiers,Compact Copier,3457.37,6,0.0,987.45
ORD-100004,2022-07-26,2022-07-28,CUST-2351,Priya Rao,29.0,Female,Corporate,East,Bihar,Technology,Machines,3D Printer Mini,725.57,2,0.0,195.14
ORD-100005,2022-07-26,2022-07-29,CUST-2583,Rahul Iyer,27.0,Male,Consumer,Central,Chhattisgarh,Technology,Copiers,Office Copier 200,1004.59,2,0.15,281.2
ORD-100006,2022-03-22,2022-03-23,CUST-3525,Manish Reddy,28.0,Male,Home Office,West,Gujarat,Technology,Phones,Cordless Landline,1000.72,3,0.0,253.59
ORD-100007,2024-09-18,2024-09-22,CUST-2351,Priya Rao,26.0,Female,Consumer,South,Tamil Nadu,Furniture,Tables,Round Side Table,1901.07,6,0.3,37.55
ORD-100008,2023-11-20,2023-11-23,CUST-8975,Karan Mehta,46.0,Male,Corporate,West,Rajasthan,Office Supplies,Art,Marker Set,157.6,3,0.4,-26.31
ORD-100009,2024-02-29,2024-03-07,CUST-5776,Priya Nair,18.0,Female,Consumer,West,Gujarat,Furniture,Tables,Glass Coffee Table,525.36,3,0.0,169.03
ORD-100010,2022-01-29,2022-02-02,CUST-9159,Kavita Iyer,34.0,Female,Consumer,West,Gujarat,Technology,Copiers,Compact Copier,3689.71,5,0.1,1244.16
ORD-100011,2024-12-13,2024-12-17,CUST-8408,Neha Kapoor,36.0,Female,Home Office,West,Maharashtra,Office Supplies,Binders,3-Ring Binder,98.9,6,0.0,40.13
ORD-100012,2024-08-07,2024-08-11,CUST-7533,Sanjay Reddy,18.0,Male,Consumer,South,Kerala,Technology,Machines,Laser Printer,3365.23,6,0.0,1267.93
ORD-100013,2022-10-03,2022-10-04,CUST-8836,Manish Kapoor,45.0,Male,Home Office,Central,Chhattisgarh,Office Supplies,Storage,Desk Organizer,225.67,7,0.1,70.85
ORD-100014,2022-08-28,2022-09-02,CUST-3525,Manish Reddy,26.0,Male,Home Office,East,Odisha,Technology,Accessories,Mechanical Keyboard,4686.97,7,0.0,1077.36
ORD-100015,2022-08-30,2022-09-06,CUST-5237,Manish Iyer,51.0,Male,Consumer,South,Tamil Nadu,Office Supplies,Paper,Sticky Notes Pack,18.78,3,0.1,4.58
ORD-100016,2022-12-14,2022-12-17,CUST-3203,Priya Nair,39.0,Female,Home Office,South,Tamil Nadu,Office Supplies,Storage,Storage Box Set,76.89,1,0.15,8.28
ORD-100017,2023-09-09,2023-09-11,CUST-7194,Anjali Mehta,27.0,Female,Home Office,Central,Chhattisgarh,Furniture,Tables,Oak Dining Table,508.1,6,0.0,163.93
ORD-100018,2023-05-13,2023-05-18,CUST-3525,Manish Reddy,25.0,Male,Consumer,East,Odisha,Office Supplies,Envelopes,Window Envelopes,272.82,7,0.0,114.48
ORD-100019,2022-12-06,2022-12-13,CUST-4099,Isha Mehta,47.0,Female,Consumer,West,Maharashtra,Office Supplies,Labels,Address Labels,167.75,3,0.0,40.82
ORD-100020,2023-11-28,2023-11-29,CUST-8666,Priya Rao,36.0,Female,Consumer,West,Gujarat,Technology,Accessories,Webcam HD,2986.36,4,0.15,344.96
ORD-100021,2022-07-03,2022-07-07,CUST-6949,Sanjay Reddy,28.0,Male,Corporate,South,Telangana,Technology,Phones,Cordless Landline,784.66,7,0.0,184.73
ORD-100022,2022-12-07,2022-12-09,CUST-4322,Karan Verma,43.0,Male,Consumer,North,Haryana,Office Supplies,Paper,Notebook Set,189.42,6,0.1,35.38
ORD-100023,2023-02-16,2023-02-23,CUST-5907,Rohan Mehta,40.0,Male,Home Office,North,Uttar Pradesh,Technology,Accessories,Webcam HD,5125.92,7,0.1,1072.48
ORD-100024,2023-06-12,2023-06-15,CUST-4976,Shreya Verma,26.0,Female,Corporate,East,West Bengal,Office Supplies,Paper,A4 Copy Paper Ream,146.69,2,0.1,16.03
ORD-100025,2024-06-06,2024-06-13,CUST-9283,Rohan Iyer,37.0,Male,Corporate,West,Rajasthan,Furniture,Tables,Round Side Table,691.75,2,0.0,249.44
ORD-100026,2022-09-18,2022-09-23,CUST-6431,Nikhil Verma,32.0,Male,Consumer,Central,Madhya Pradesh,Furniture,Furnishings,Curtain Set,1843.21,5,0.15,162.4
ORD-100027,2023-08-27,2023-09-02,CUST-6973,Manish Mehta,36.0,Male,Consumer,West,Rajasthan,Office Supplies,Envelopes,Mailing Envelopes,143.72,2,0.4,-6.91
ORD-100028,2023-11-14,2023-11-19,CUST-6497,Shreya Mehta,49.0,Female,Consumer,Central,Chhattisgarh,Office Supplies,Paper,Notebook Set,355.77,5,0.1,66.57
ORD-100029,2022-03-07,2022-03-14,CUST-4626,Arjun Patel,18.0,Male,Home Office,South,Telangana,Furniture,Tables,Oak Dining Table,1877.01,4,0.0,710.79
ORD-100030,2023-11-25,2023-11-27,CUST-6510,Manish Kapoor,20.0,Male,Home Office,South,Tamil Nadu,Office Supplies,Storage,File Cabinet,158.78,2,0.4,0.28
ORD-100031,2022-08-14,2022-08-21,CUST-8215,Rahul Patel,28.0,Male,Consumer,West,Maharashtra,Technology,Phones,Budget Smartphone S5,982.12,3,0.15,266.11
ORD-100032,2022-03-31,2022-04-07,CUST-4260,Amit Mehta,39.0,Male,Home Office,Central,Chhattisgarh,Office Supplies,Storage,File Cabinet,125.44,5,0.1,29.61
ORD-100033,2024-11-30,2024-12-01,CUST-6431,Nikhil Verma,33.0,Male,Corporate,South,Karnataka,Furniture,Furnishings,Area Rug,2101.66,4,0.0,843.2
ORD-100034,2024-12-11,2024-12-14,CUST-5559,Shreya Mehta,35.0,Female,Consumer,South,Kerala,Furniture,Furnishings,Table Lamp,960.72,6,0.1,325.43
ORD-100035,2024-07-06,2024-07-08,CUST-1548,Divya Sharma,20.0,Female,Consumer,Central,Chhattisgarh,Furniture,Chairs,Executive Leather Chair,263.85,1,0.1,
ORD-100036,2022-12-14,2022-12-21,CUST-4976,Shreya Verma,28.0,Female,Consumer,South,Telangana,Furniture,Bookcases,Corner Bookcase,341.25,1,0.15,48.41
ORD-100037,2022-05-11,2022-05-15,CUST-5907,Rohan Mehta,41.0,Male,Corporate,Central,Madhya Pradesh,Furniture,Bookcases,5-Shelf Bookcase,887.78,6,0.0,395.38
ORD-100038,2024-01-25,2024-01-28,CUST-4976,Shreya Verma,25.0,Female,Consumer,South,Kerala,Office Supplies,Envelopes,Window Envelopes,159.98,3,0.0,61.81
ORD-100039,2023-05-23,2023-05-28,CUST-9131,Amit Gupta,19.0,Male,Consumer,North,Delhi,Technology,Copiers,Office Copier 200,606.9,1,0.0,132.8
ORD-100040,2022-06-10,2022-06-12,CUST-2421,Meera Patel,50.0,Female,Consumer,South,Karnataka,Technology,Phones,Budget Smartphone S5,82.66,1,0.2,9.86
ORD-100041,2023-08-03,2023-08-08,CUST-6645,Anjali Rao,37.0,Female,Home Office,North,Haryana,Office Supplies,Envelopes,Window Envelopes,193.56,3,0.0,50.16
ORD-100042,2022-02-18,2022-02-25,CUST-3105,Anjali Singh,49.0,Female,Consumer,Central,Madhya Pradesh,Office Supplies,Storage,Storage Box Set,159.9,2,0.3,11.83
ORD-100043,2024-11-01,2024-11-06,CUST-7114,Karan Reddy,31.0,Male,Consumer,North,Uttar Pradesh,Office Supplies,Art,Colored Pencils,18.32,2,0.2,3.4
ORD-100044,2022-11-13,2022-11-18,CUST-4030,Manish Mehta,30.0,Male,Corporate,Central,Chhattisgarh,Furniture,Tables,Glass Coffee Table,491.93,1,0.1,121.2
ORD-100045,2023-12-29,2023-12-30,CUST-4307,Vikram Joshi,26.0,Male,Corporate,North,Punjab,Technology,Machines,Label Maker,3407.04,6,0.1,365.42
ORD-100046,2022-12-18,2022-12-23,CUST-8836,Manish Kapoor,46.0,Male,Home Office,South,Tamil Nadu,Office Supplies,Art,Marker Set,103.33,5,0.0,23.13
ORD-100047,2023-09-04,2023-09-08,CUST-4260,Amit Mehta,37.0,Male,Consumer,North,Punjab,Furniture,Tables,Round Side Table,1662.37,3,0.3,156.88
ORD-100048,2023-10-04,2023-10-08,CUST-4030,Manish Mehta,31.0,Male,Consumer,West,Maharashtra,Technology,Copiers,Compact Copier,1365.09,2,0.1,173.55
ORD-100049,2022-09-01,2022-09-04,CUST-8120,Vivek Gupta,22.0,Male,Corporate,East,Bihar,Furniture,Tables,Glass Coffee Table,2565.29,6,0.3,181.52
ORD-100050,2024-12-13,2024-12-20,CUST-5722,Vivek Mehta,24.0,Male,Home Office,West,Maharashtra,Office Supplies,Art,Sketch Pad,68.69,1,0.2,4.21
ORD-100051,2024-05-24,2024-05-30,CUST-2110,Vivek Mehta,27.0,Male,Corporate,Central,Madhya Pradesh,Technology,Phones,Budget Smartphone S5,1413.74,4,0.0,326.16
ORD-100052,2024-11-23,2024-11-28,CUST-7196,Neha Iyer,36.0,Female,Consumer,Central,Chhattisgarh,Office Supplies,Paper,A4 Copy Paper Ream,97.22,6,0.2,12.41
ORD-100053,2024-10-18,2024-10-23,CUST-9159,Kavita Iyer,30.0,Female,Corporate,South,Kerala,Furniture,Bookcases,5-Shelf Bookcase,637.22,3,0.3,54.29
ORD-100054,2023-11-18,2023-11-20,CUST-4281,Rahul Iyer,22.0,Male,Consumer,East,West Bengal,Furniture,Chairs,Ergo Mesh Office Chair,148.71,1,0.3,16.1
ORD-100055,2024-11-11,2024-11-12,CUST-1869,Rohan Patel,31.0,Male,Consumer,West,Rajasthan,Office Supplies,Binders,Clip Binder,185.61,4,0.1,62.85
ORD-100056,2022-04-30,2022-05-06,CUST-5468,Karan Reddy,38.0,Male,Corporate,South,Karnataka,Office Supplies,Art,Sketch Pad,47.0,1,0.4,
ORD-100057,2022-09-14,2022-09-17,CUST-6007,Neha Reddy,18.0,Female,Home Office,East,Bihar,Furniture,Tables,Adjustable Standing Desk,3209.97,6,0.0,1115.56
ORD-100058,2022-03-05,2022-03-11,CUST-5920,Aditya Joshi,34.0,Male,Corporate,Central,Chhattisgarh,Office Supplies,Art,Sketch Pad,246.14,4,0.4,-10.35
ORD-100059,2022-12-27,2023-01-01,CUST-4413,Karan Sharma,29.0,Male,Home Office,Central,Madhya Pradesh,Office Supplies,Storage,File Cabinet,364.09,6,0.15,94.46
ORD-100060,2023-03-18,2023-03-20,CUST-9808,Karan Patel,30.0,Male,Home Office,West,Gujarat,Office Supplies,Paper,Sticky Notes Pack,101.43,2,0.0,29.89
ORD-100061,2022-11-23,2022-11-30,CUST-9359,Nikhil Gupta,57.0,Male,Corporate,North,Uttar Pradesh,Furniture,Bookcases,5-Shelf Bookcase,786.01,3,0.1,258.21
ORD-100062,2024-08-03,2024-08-04,CUST-2438,Meera Gupta,,Female,Corporate,Central,Chhattisgarh,Technology,Copiers,Office Copier 200,1638.77,3,0.0,464.08
ORD-100063,2023-02-02,2023-02-09,CUST-3804,Sneha Reddy,25.0,Female,Consumer,East,Bihar,Furniture,Chairs,Ergo Mesh Office Chair,1000.35,4,0.15,95.16
ORD-100064,2022-11-30,2022-12-03,CUST-7817,Arjun Verma,34.0,Male,Corporate,North,Punjab,Technology,Accessories,Mechanical Keyboard,299.81,1,0.1,54.87
ORD-100065,2023-09-30,2023-10-06,CUST-1402,Shreya Singh,31.0,Female,Corporate,South,Tamil Nadu,Office Supplies,Storage,File Cabinet,158.21,3,0.15,43.09
ORD-100066,2022-07-05,2022-07-08,CUST-6082,Neha Joshi,63.0,Female,Consumer,East,Bihar,Office Supplies,Storage,Desk Organizer,86.41,3,0.1,11.83
ORD-100067,2024-06-28,2024-07-03,CUST-7724,Anita Rao,35.0,Female,Consumer,East,Bihar,Office Supplies,Binders,3-Ring Binder,199.74,3,0.1,33.62
ORD-100068,2022-04-12,2022-04-15,CUST-5907,Rohan Mehta,43.0,Male,Home Office,North,Punjab,Technology,Machines,Laser Printer,1262.5,3,0.15,120.96
ORD-100069,2024-12-24,2024-12-31,CUST-5145,Shreya Mehta,43.0,Female,Home Office,South,Kerala,Technology,Accessories,Mechanical Keyboard,2747.59,5,0.1,807.83
ORD-100070,2024-05-20,2024-05-22,CUST-6311,Aditya Verma,26.0,Male,Consumer,East,West Bengal,Technology,Phones,Budget Smartphone S5,3413.02,4,0.2,795.3
ORD-100071,2022-09-17,2022-09-20,CUST-1402,Shreya Singh,31.0,Female,Consumer,East,Odisha,Furniture,Bookcases,5-Shelf Bookcase,850.91,2,0.3,124.82
ORD-100072,2022-01-08,2022-01-12,CUST-7817,Arjun Verma,32.0,Male,Consumer,West,Rajasthan,Office Supplies,Binders,3-Ring Binder,34.7,2,0.0,8.16
ORD-100073,2024-07-16,2024-07-18,CUST-6149,Anita Gupta,37.0,Female,Corporate,North,Punjab,Office Supplies,Paper,Sticky Notes Pack,99.5,2,0.0,37.96
ORD-100074,2024-02-27,2024-03-04,CUST-1386,Vivek Nair,33.0,Male,Home Office,North,Haryana,Office Supplies,Art,Colored Pencils,59.68,1,0.0,13.1
ORD-100075,2024-03-27,2024-03-28,CUST-5177,Vikram Joshi,31.0,Male,Consumer,West,Gujarat,Technology,Accessories,Mechanical Keyboard,1384.34,2,0.0,372.14
ORD-100076,2024-05-19,2024-05-20,CUST-8836,Manish Kapoor,47.0,Male,Home Office,East,Odisha,Office Supplies,Labels,Shipping Labels,249.09,4,0.1,32.19
ORD-100077,2022-04-11,2022-04-16,CUST-2320,Meera Patel,52.0,Female,Home Office,West,Rajasthan,Technology,Copiers,Compact Copier,2425.21,6,0.0,839.17
ORD-100078,2023-02-05,2023-02-10,CUST-1402,Shreya Singh,31.0,Female,Consumer,East,West Bengal,Office Supplies,Binders,View Binder,148.77,3,0.0,
ORD-100079,2022-06-02,2022-06-06,CUST-2438,Meera Gupta,18.0,Female,Home Office,Central,Chhattisgarh,Furniture,Furnishings,Table Lamp,904.92,3,0.0,339.49
ORD-100080,2024-09-14,2024-09-20,CUST-4651,Rohan Reddy,39.0,Male,Home Office,East,Bihar,Technology,Phones,Cordless Landline,2246.69,5,0.3,203.49
ORD-100081,2023-12-05,2023-12-12,CUST-8599,Shreya Nair,22.0,Female,Home Office,South,Tamil Nadu,Furniture,Chairs,Recliner Lounge Chair,288.85,1,0.1,50.33
ORD-100082,2022-12-30,2022-12-31,CUST-8393,Aditya Reddy,18.0,Male,Corporate,West,Gujarat,Furniture,Chairs,Executive Leather Chair,1292.92,5,0.2,100.37
ORD-100083,2022-03-29,2022-03-30,CUST-5592,Rohan Sharma,29.0,Male,Consumer,East,Odisha,Technology,Phones,Budget Smartphone S5,2038.67,6,0.1,657.85
ORD-100084,2022-12-18,2022-12-19,CUST-1402,Shreya Singh,31.0,Female,Consumer,East,Bihar,Technology,Accessories,Wireless Mouse,1189.31,7,0.3,58.51
ORD-100085,2022-12-27,2023-01-03,CUST-3731,Rahul Sharma,46.0,Male,Consumer,East,Odisha,Office Supplies,Paper,Sticky Notes Pack,69.78,5,0.1,9.57
ORD-100086,2024-03-28,2024-03-29,CUST-6458,Amit Rao,34.0,Male,Home Office,East,Bihar,Technology,Accessories,USB-C Hub,3719.55,7,0.2,174.6
ORD-100087,2023-12-14,2023-12-17,CUST-5237,Manish Iyer,50.0,Male,Home Office,South,Telangana,Office Supplies,Binders,View Binder,144.16,6,0.0,60.87
ORD-100088,2024-10-11,2024-10-17,CUST-2436,Vikram Mehta,25.0,Male,Corporate,North,Delhi,Office Supplies,Binders,View Binder,223.95,4,0.1,77.08
ORD-100089,2023-07-03,2023-07-05,CUST-5237,Manish Iyer,50.0,Male,Consumer,East,Bihar,Office Supplies,Labels,Address Labels,283.22,7,0.0,65.65
ORD-100090,2022-06-07,2022-06-09,CUST-7810,Anita Reddy,30.0,Female,Consumer,North,Haryana,Technology,Accessories,Mechanical Keyboard,955.37,6,0.1,118.57
ORD-100091,2024-03-06,2024-03-10,CUST-2184,Anjali Patel,26.0,Female,Consumer,Central,Madhya Pradesh,Furniture,Chairs,Ergo Mesh Office Chair,1557.56,7,0.15,288.78
ORD-100092,2024-05-06,2024-05-09,CUST-5571,Nikhil Rao,39.0,Male,Consumer,East,Odisha,Furniture,Chairs,Recliner Lounge Chair,1982.9,6,0.1,255.04
ORD-100093,2023-10-18,2023-10-19,CUST-2436,Vikram Mehta,26.0,Male,Consumer,South,Tamil Nadu,Technology,Accessories,USB-C Hub,225.74,2,0.2,32.21
ORD-100094,2024-05-19,2024-05-20,CUST-6840,Neha Reddy,41.0,Female,Consumer,East,West Bengal,Furniture,Chairs,Ergo Mesh Office Chair,437.82,1,0.2,0.85
ORD-100095,2023-08-01,2023-08-06,CUST-4033,Amit Verma,42.0,Male,Corporate,North,Haryana,Office Supplies,Paper,Sticky Notes Pack,183.43,3,0.1,61.5
ORD-100096,2023-09-07,2023-09-12,CUST-8638,Neha Reddy,33.0,Female,Corporate,West,Maharashtra,Office Supplies,Envelopes,Window Envelopes,11.74,1,0.4,-1.05
ORD-100097,2023-05-07,2023-05-11,CUST-8323,Arjun Gupta,37.0,Male,Home Office,South,Kerala,Office Supplies,Envelopes,Window Envelopes,35.66,1,0.15,9.5
ORD-100098,2022-02-05,2022-02-06,CUST-2310,Rohan Kapoor,54.0,Male,Home Office,North,Punjab,Office Supplies,Labels,Shipping Labels,173.85,7,0.0,64.9
ORD-100099,2022-05-24,2022-05-28,CUST-8890,Anita Joshi,55.0,Female,Home Office,West,Gujarat,Office Supplies,Labels,Address Labels,28.29,1,0.0,6.42
ORD-100100,2022-02-13,2022-02-16,CUST-6840,Neha Reddy,42.0,Female,Consumer,East,West Bengal,Furniture,Bookcases,5-Shelf Bookcase,1011.91,4,0.15,275.29
ORD-100101,2023-12-13,2023-12-15,CUST-7441,Rahul Kapoor,36.0,Male,Consumer,East,Bihar,Office Supplies,Storage,Desk Organizer,43.18,2,0.0,18.97
ORD-100102,2022-12-20,2022-12-21,CUST-6840,Neha Reddy,44.0,Female,Corporate,North,Delhi,Furniture,Tables,Round Side Table,2129.82,4,0.1,294.83
ORD-100103,2023-08-20,2023-08-26,CUST-8899,Suresh Reddy,48.0,Male,Home Office,East,West Bengal,Office Supplies,Storage,Desk Organizer,132.04,4,0.15,22.2
ORD-100104,2024-10-31,2024-11-07,CUST-7356,Anjali Singh,30.0,Female,Home Office,West,Gujarat,Furniture,Furnishings,Curtain Set,1928.48,4,0.15,368.17
ORD-100105,2022-11-06,2022-11-09,CUST-6458,Amit Rao,30.0,Male,Consumer,South,Tamil Nadu,Technology,Phones,Smartphone X12,885.07,2,0.3,14.78
ORD-100106,2023-04-15,2023-04-16,CUST-6203,Manish Singh,22.0,Male,Consumer,West,Gujarat,Furniture,Bookcases,5-Shelf Bookcase,671.27,7,0.1,145.68
ORD-100107,2024-04-30,2024-05-07,CUST-8890,Anita Joshi,57.0,Female,Consumer,West,Gujarat,Technology,Copiers,Office Copier 200,3688.69,5,0.15,194.88
ORD-100108,2022-10-19,2022-10-25,CUST-8899,Suresh Reddy,47.0,Male,Home Office,West,Gujarat,Office Supplies,Labels,Shipping Labels,65.23,1,0.0,27.4
ORD-100109,2022-04-15,2022-04-20,CUST-4573,Arjun Sharma,18.0,Male,Corporate,East,Odisha,Office Supplies,Art,Marker Set,149.93,3,0.0,48.76
ORD-100110,2022-12-05,2022-12-09,CUST-7731,Isha Mehta,46.0,Female,Corporate,North,Uttar Pradesh,Office Supplies,Art,Marker Set,132.38,6,0.3,-0.11
ORD-100111,2022-08-02,2022-08-07,CUST-5349,Sanjay Verma,48.0,Male,Consumer,Central,Chhattisgarh,Furniture,Furnishings,Wall Clock,2031.9,4,0.0,539.82
ORD-100112,2024-11-16,2024-11-18,CUST-6475,Anita Iyer,26.0,Female,Consumer,Central,Madhya Pradesh,Office Supplies,Envelopes,Window Envelopes,115.66,2,0.0,48.32
ORD-100113,2024-07-05,2024-07-10,CUST-7613,Aditya Iyer,36.0,Male,Consumer,Central,Madhya Pradesh,Furniture,Chairs,Ergo Mesh Office Chair,1789.66,3,0.2,69.39
ORD-100114,2023-12-11,2023-12-12,CUST-7613,Aditya Iyer,37.0,Male,Consumer,East,Odisha,Office Supplies,Paper,A4 Copy Paper Ream,45.99,1,0.1,13.27
ORD-100115,2024-09-24,2024-09-30,CUST-6203,Manish Singh,23.0,Male,Consumer,North,Uttar Pradesh,Office Supplies,Binders,View Binder,383.37,7,0.1,123.91
ORD-100116,2024-06-29,2024-07-04,CUST-9709,Sanjay Singh,40.0,Male,Consumer,South,Karnataka,Office Supplies,Art,Colored Pencils,28.05,1,0.1,3.56
ORD-100117,2022-09-03,2022-09-04,CUST-9709,Sanjay Singh,44.0,Male,Home Office,North,Uttar Pradesh,Office Supplies,Binders,View Binder,470.66,6,0.2,91.22
ORD-100118,2024-10-16,2024-10-18,CUST-6322,Rohan Joshi,33.0,Male,Home Office,North,Haryana,Technology,Phones,Budget Smartphone S5,506.23,7,0.1,138.04
ORD-100119,2023-09-26,2023-10-03,CUST-3589,Nikhil Gupta,27.0,Male,Consumer,West,Rajasthan,Office Supplies,Envelopes,Window Envelopes,102.57,5,0.1,15.58
ORD-100120,2024-07-05,2024-07-11,CUST-7966,Divya Mehta,29.0,Female,Home Office,West,Maharashtra,Furniture,Tables,Round Side Table,869.6,3,0.15,53.85
ORD-100121,2024-10-19,2024-10-24,CUST-5945,Ritu Nair,26.0,Female,Consumer,West,Rajasthan,Technology,Accessories,USB-C Hub,259.01,1,0.1,33.97
ORD-100122,2022-12-22,2022-12-26,CUST-7098,Neha Joshi,18.0,Female,Consumer,North,Uttar Pradesh,Furniture,Tables,Round Side Table,581.15,5,0.0,225.99
ORD-100123,2022-05-26,2022-05-30,CUST-9709,Sanjay Singh,42.0,Male,Consumer,East,Bihar,Furniture,Bookcases,Ladder Bookshelf,211.78,2,0.4,-31.62
ORD-100124,2022-10-18,2022-10-24,CUST-6149,Anita Gupta,36.0,Female,Consumer,West,Maharashtra,Office Supplies,Art,Sketch Pad,61.81,2,0.2,3.71
ORD-100125,2023-05-07,2023-05-11,CUST-8250,Vivek Iyer,39.0,Male,Consumer,East,Bihar,Office Supplies,Envelopes,Mailing Envelopes,159.05,4,0.0,62.34
ORD-100126,2024-07-19,2024-07-24,CUST-8250,Vivek Iyer,38.0,Male,Corporate,South,Kerala,Technology,Accessories,USB-C Hub,2263.58,5,0.0,476.75
ORD-100127,2024-09-12,2024-09-17,CUST-5349,Sanjay Verma,46.0,Male,Home Office,South,Karnataka,Technology,Phones,Cordless Landline,3440.61,7,0.1,1071.77
ORD-100128,2022-01-10,2022-01-16,CUST-1037,Sneha Verma,39.0,Female,Consumer,East,Odisha,Office Supplies,Binders,View Binder,31.07,1,0.15,4.03
ORD-100129,2023-08-23,2023-08-28,CUST-4120,Shreya Iyer,41.0,Female,Consumer,East,Bihar,Furniture,Bookcases,Ladder Bookshelf,3556.07,7,0.1,858.98
ORD-100130,2023-04-24,2023-05-01,CUST-4120,Shreya Iyer,43.0,Female,Home Office,Central,Madhya Pradesh,Office Supplies,Paper,Sticky Notes Pack,90.86,5,0.0,40.6
ORD-100131,2022-10-12,2022-10-13,CUST-6322,Rohan Joshi,34.0,Male,Corporate,South,Kerala,Technology,Accessories,USB-C Hub,2807.73,6,0.1,503.65
ORD-100132,2022-06-08,2022-06-10,CUST-8975,Nikhil Sharma,22.0,Male,Consumer,North,Delhi,Furniture,Chairs,Ergo Mesh Office Chair,366.15,1,0.0,135.24
ORD-100133,2023-01-07,2023-01-14,CUST-2896,Pooja Rao,18.0,Female,Consumer,East,West Bengal,Furniture,Bookcases,Corner Bookcase,889.73,7,0.15,264.89
ORD-100134,2024-11-26,2024-12-03,CUST-5523,Divya Patel,18.0,Female,Corporate,North,Delhi,Technology,Machines,Laser Printer,767.33,3,0.0,196.28
ORD-100135,2022-12-25,2022-12-29,CUST-5190,Meera Iyer,44.0,Female,Corporate,South,Tamil Nadu,Office Supplies,Binders,Clip Binder,29.73,1,0.2,2.84
ORD-100136,2023-09-02,2023-09-03,CUST-5349,Sanjay Verma,45.0,Male,Consumer,North,Haryana,Technology,Copiers,Office Copier 200,179.15,3,0.1,34.72
ORD-100137,2024-02-21,2024-02-27,CUST-5911,Ritu Iyer,26.0,Female,Consumer,Central,Madhya Pradesh,Technology,Accessories,USB-C Hub,1793.03,4,0.0,580.44
ORD-100138,2023-02-12,2023-02-16,CUST-3121,Vikram Patel,47.0,Male,Corporate,West,Gujarat,Technology,Copiers,Office Copier 200,2918.63,7,0.3,431.81
ORD-100139,2024-12-14,2024-12-15,CUST-8975,Nikhil Sharma,22.0,Male,Home Office,East,Bihar,Office Supplies,Art,Sketch Pad,498.26,7,0.15,45.98
ORD-100140,2024-12-09,2024-12-14,CUST-2695,Aditya Sharma,48.0,Male,Corporate,North,Delhi,Office Supplies,Paper,Notebook Set,10.85,2,0.15,0.94
ORD-100141,2022-11-08,2022-11-14,CUST-8389,Ritu Mehta,21.0,Female,Corporate,East,Odisha,Furniture,Tables,Glass Coffee Table,304.48,1,0.15,79.72
ORD-100142,2023-08-06,2023-08-12,CUST-2213,Meera Mehta,,Female,Home Office,South,Kerala,Technology,Phones,Smartphone X12,4068.25,7,0.0,1246.75
ORD-100143,2022-12-12,2022-12-16,CUST-5190,Meera Iyer,41.0,Female,Consumer,East,West Bengal,Office Supplies,Envelopes,Window Envelopes,45.58,1,0.15,3.75
ORD-100144,2022-12-02,2022-12-07,CUST-8630,Amit Verma,37.0,Male,Corporate,West,Maharashtra,Technology,Phones,Budget Smartphone S5,704.01,3,,295.19
ORD-100145,2022-02-21,2022-02-25,CUST-2310,Rohan Kapoor,53.0,Male,Consumer,Central,Chhattisgarh,Office Supplies,Art,Sketch Pad,283.95,5,0.1,88.7
ORD-100146,2023-11-26,2023-11-29,CUST-7900,Rohan Reddy,39.0,Male,Corporate,West,Maharashtra,Office Supplies,Storage,Storage Box Set,167.35,7,0.1,17.6
ORD-100147,2023-08-13,2023-08-14,CUST-9558,Suresh Joshi,45.0,Male,Home Office,North,Uttar Pradesh,Office Supplies,Labels,Shipping Labels,114.24,2,0.2,15.2
ORD-100148,2022-03-13,2022-03-16,CUST-4403,Shreya Nair,48.0,Female,Consumer,North,Punjab,Office Supplies,Paper,Notebook Set,289.56,5,0.3,-5.63
ORD-100149,2022-11-28,2022-11-29,CUST-9709,Sanjay Singh,41.0,Male,Consumer,South,Tamil Nadu,Office Supplies,Binders,3-Ring Binder,64.44,3,0.0,22.66
ORD-100150,2024-11-01,2024-11-03,CUST-2213,Meera Mehta,37.0,Female,Consumer,West,Rajasthan,Furniture,Chairs,Executive Leather Chair,1648.83,7,,79.67
ORD-100151,2022-10-30,2022-11-06,CUST-8593,Karan Gupta,26.0,Male,Home Office,West,Gujarat,Furniture,Furnishings,Table Lamp,1235.52,5,0.1,127.0
ORD-100152,2022-07-10,2022-07-16,CUST-3846,Amit Joshi,39.0,Male,Corporate,Central,Madhya Pradesh,Technology,Copiers,Compact Copier,250.39,1,0.0,71.78
ORD-100153,2023-07-26,2023-07-30,CUST-9558,Suresh Joshi,45.0,Male,Consumer,North,Delhi,Furniture,Furnishings,Wall Clock,634.39,6,0.3,60.63
ORD-100154,2024-12-23,2024-12-25,CUST-5661,Arjun Mehta,28.0,Male,Consumer,East,West Bengal,Furniture,Chairs,Executive Leather Chair,1230.58,3,0.15,129.64
ORD-100155,2022-11-01,2022-11-03,CUST-6837,Priya Nair,52.0,Female,Corporate,Central,Chhattisgarh,Furniture,Chairs,Executive Leather Chair,1268.87,3,0.1,392.79
ORD-100156,2024-01-09,2024-01-15,CUST-2213,Meera Mehta,36.0,Female,Consumer,East,Odisha,Office Supplies,Labels,Address Labels,74.3,3,0.3,-2.17
ORD-100157,2024-05-08,2024-05-14,CUST-7176,Karan Patel,37.0,Male,Corporate,South,Tamil Nadu,Technology,Accessories,USB-C Hub,1800.58,4,0.0,636.68
ORD-100158,2022-10-28,2022-10-29,CUST-9709,Sanjay Singh,40.0,Male,Home Office,Central,Chhattisgarh,Office Supplies,Binders,3-Ring Binder,15.15,1,0.2,1.35
ORD-100159,2024-03-26,2024-03-29,CUST-8775,Sneha Gupta,32.0,Female,Consumer,North,Haryana,Office Supplies,Storage,Storage Box Set,272.07,6,0.0,65.11
ORD-100160,2023-02-18,2023-02-23,CUST-6279,Ritu Mehta,22.0,Female,Corporate,East,Odisha,Furniture,Chairs,Executive Leather Chair,464.6,4,0.0,181.94
ORD-100161,2023-12-11,2023-12-12,CUST-8775,Sneha Gupta,31.0,Female,Consumer,East,Odisha,Office Supplies,Labels,Address Labels,192.19,5,0.3,21.17
ORD-100162,2023-12-12,2023-12-17,CUST-2785,Ritu Iyer,48.0,Female,Consumer,North,Punjab,Office Supplies,Labels,Shipping Labels,102.23,7,0.0,32.68
ORD-100163,2023-09-22,2023-09-24,CUST-1248,Shreya Nair,45.0,Female,Consumer,North,Punjab,Technology,Copiers,Office Copier 200,1315.29,5,0.2,21.08
ORD-100164,2022-05-02,2022-05-07,CUST-5671,Vivek Kapoor,42.0,Male,Consumer,South,Kerala,Furniture,Chairs,Recliner Lounge Chair,1135.99,7,0.0,251.07
ORD-100165,2024-08-11,2024-08-14,CUST-9898,Isha Rao,43.0,Female,Home Office,East,Odisha,Technology,Phones,Smartphone X12,984.51,3,0.1,206.84
ORD-100166,2022-12-24,2022-12-25,CUST-2213,Meera Mehta,36.0,Female,Consumer,Central,Madhya Pradesh,Office Supplies,Binders,View Binder,41.6,1,0.1,9.19
ORD-100167,2022-09-03,2022-09-09,CUST-4299,Sanjay Iyer,37.0,Male,Consumer,North,Haryana,Furniture,Bookcases,Corner Bookcase,1030.49,2,0.0,424.89
ORD-100168,2022-02-27,2022-03-02,CUST-6279,Ritu Mehta,24.0,Female,Corporate,East,Bihar,Office Supplies,Labels,Address Labels,55.17,3,0.0,22.09
ORD-100169,2023-11-13,2023-11-20,CUST-1256,Pooja Iyer,19.0,Female,Corporate,North,Uttar Pradesh,Office Supplies,Envelopes,Mailing Envelopes,23.16,3,0.15,3.93
ORD-100170,2024-01-16,2024-01-19,CUST-8775,Sneha Gupta,34.0,Female,Consumer,East,Bihar,Technology,Accessories,Wireless Mouse,496.7,5,0.2,29.17
ORD-100171,2022-01-23,2022-01-30,CUST-1248,Shreya Nair,49.0,Female,Consumer,South,Tamil Nadu,Furniture,Bookcases,5-Shelf Bookcase,396.91,3,0.0,100.0
ORD-100172,2023-08-25,2023-08-26,CUST-5671,Vivek Kapoor,43.0,Male,Corporate,East,Odisha,Technology,Phones,Cordless Landline,2896.78,4,0.0,1048.29
ORD-100173,2022-10-17,2022-10-23,CUST-6322,Rohan Joshi,30.0,Male,Corporate,South,Kerala,Furniture,Tables,Oak Dining Table,579.05,1,0.15,107.85
ORD-100174,2023-12-19,2023-12-22,CUST-5661,Arjun Mehta,27.0,Male,Consumer,South,Karnataka,Furniture,Furnishings,Curtain Set,2571.66,6,0.0,642.71
ORD-100175,2022-08-19,2022-08-26,CUST-3522,Shreya Gupta,69.0,Female,Home Office,North,Punjab,Office Supplies,Storage,File Cabinet,190.27,3,0.1,27.18
ORD-100176,2024-02-04,2024-02-10,CUST-8890,Anita Joshi,56.0,Female,Consumer,East,West Bengal,Office Supplies,Storage,File Cabinet,40.79,2,0.3,-1.99
ORD-100177,2023-03-16,2023-03-20,CUST-6279,Ritu Mehta,23.0,Female,Consumer,South,Karnataka,Technology,Phones,Cordless Landline,1153.57,6,0.1,281.09
ORD-100178,2024-11-21,2024-11-25,CUST-6322,Rohan Joshi,32.0,Male,Consumer,Central,Chhattisgarh,Office Supplies,Binders,View Binder,194.6,4,0.15,11.3
ORD-100179,2022-06-30,2022-07-04,CUST-7196,Karan Nair,40.0,Male,Home Office,Central,Madhya Pradesh,Technology,Accessories,Wireless Mouse,1063.84,3,0.0,445.4
ORD-100180,2023-01-11,2023-01-16,CUST-1967,Karan Joshi,49.0,Male,Corporate,Central,Madhya Pradesh,Office Supplies,Binders,3-Ring Binder,26.2,1,0.15,6.51
ORD-100181,2022-05-30,2022-06-02,CUST-3155,Karan Iyer,45.0,Male,Home Office,West,Maharashtra,Furniture,Bookcases,5-Shelf Bookcase,232.01,1,0.3,14.94
ORD-100182,2024-11-13,2024-11-14,CUST-6376,Divya Sharma,37.0,Female,Consumer,North,Uttar Pradesh,Technology,Copiers,Office Copier 200,798.64,5,0.4,-101.55
ORD-100183,2024-10-01,2024-10-02,CUST-8549,Vivek Singh,23.0,Male,Home Office,North,Punjab,Furniture,Chairs,Recliner Lounge Chair,258.86,1,0.0,96.38
ORD-100184,2022-11-13,2022-11-18,CUST-4299,Sanjay Iyer,36.0,Male,Consumer,West,Gujarat,Technology,Accessories,USB-C Hub,1756.34,2,0.2,82.55
ORD-100185,2023-12-28,2023-12-29,CUST-5364,Rohan Gupta,39.0,Male,Home Office,Central,Madhya Pradesh,Furniture,Tables,Glass Coffee Table,691.6,7,0.1,170.43
ORD-100186,2024-07-18,2024-07-25,CUST-9022,Shreya Verma,30.0,Female,Corporate,Central,Madhya Pradesh,Technology,Accessories,USB-C Hub,2136.33,6,0.0,788.71
ORD-100187,2023-10-12,2023-10-16,CUST-4573,Arjun Sharma,18.0,Male,Home Office,East,Bihar,Furniture,Bookcases,5-Shelf Bookcase,4031.0,7,0.0,973.06
ORD-100188,2023-09-15,2023-09-18,CUST-2658,Isha Patel,29.0,Female,Consumer,North,Delhi,Furniture,Furnishings,Wall Clock,3547.91,7,0.0,969.06
ORD-100189,2022-11-01,2022-11-02,CUST-6376,Divya Sharma,36.0,Female,Corporate,West,Gujarat,Technology,Phones,Cordless Landline,815.61,4,0.0,311.59
ORD-100190,2022-05-06,2022-05-07,CUST-6681,Vivek Gupta,55.0,Male,Consumer,West,Rajasthan,Technology,Accessories,Mechanical Keyboard,1564.51,4,0.0,
ORD-100191,2024-10-21,2024-10-23,CUST-8537,Vikram Reddy,33.0,Male,Consumer,North,Punjab,Technology,Machines,Laser Printer,3540.61,5,0.15,719.44
ORD-100192,2024-10-24,2024-10-26,CUST-8537,Vikram Reddy,34.0,Male,Consumer,North,Delhi,Technology,Machines,Laser Printer,4246.13,7,0.0,1215.63
ORD-100193,2023-12-11,2023-12-13,CUST-5661,Arjun Mehta,25.0,Male,Consumer,East,West Bengal,Furniture,Tables,Adjustable Standing Desk,570.02,2,0.15,167.13
ORD-100194,2023-01-09,2023-01-12,CUST-1511,Pooja Verma,26.0,Female,Consumer,West,Rajasthan,Furniture,Chairs,Ergo Mesh Office Chair,1139.84,7,0.2,199.36
ORD-100195,2023-01-23,2023-01-27,CUST-4573,Arjun Sharma,18.0,Male,Consumer,North,Haryana,Office Supplies,Envelopes,Window Envelopes,317.27,7,0.0,99.6
ORD-100196,2024-03-23,2024-03-29,CUST-1381,Ritu Rao,18.0,Female,Corporate,Central,Chhattisgarh,Technology,Machines,3D Printer Mini,4079.32,7,0.0,1355.82
ORD-100197,2024-10-20,2024-10-24,CUST-7181,Rahul Gupta,48.0,Male,Home Office,North,Punjab,Furniture,Tables,Oak Dining Table,3557.84,6,,1095.09
ORD-100198,2024-10-10,2024-10-14,CUST-6171,Sanjay Mehta,25.0,Male,Corporate,East,Bihar,Office Supplies,Binders,View Binder,215.03,4,0.15,55.36
ORD-100199,2024-05-30,2024-06-02,CUST-5364,Rohan Gupta,36.0,Male,Consumer,North,Punjab,Furniture,Furnishings,Wall Clock,952.0,2,0.2,24.47
ORD-100200,2023-12-17,2023-12-24,CUST-1169,Manish Kapoor,38.0,Male,Consumer,South,Telangana,Office Supplies,Storage,File Cabinet,213.98,4,0.4,-40.78
ORD-100201,2022-04-24,2022-05-01,CUST-9179,Rahul Nair,46.0,Male,Consumer,North,Delhi,Furniture,Bookcases,Corner Bookcase,488.2,2,0.0,187.26
ORD-100202,2022-08-02,2022-08-05,CUST-1098,Karan Gupta,29.0,Male,Consumer,North,Uttar Pradesh,Furniture,Tables,Glass Coffee Table,546.89,6,0.1,103.65
ORD-100203,2024-10-22,2024-10-24,CUST-3680,Sneha Kapoor,29.0,Female,Home Office,West,Rajasthan,Technology,Machines,Label Maker,3143.34,6,0.2,768.45
ORD-100204,2023-11-24,2023-11-25,CUST-2335,Meera Rao,25.0,Female,Consumer,East,Bihar,Office Supplies,Binders,Clip Binder,427.15,6,0.15,70.37
ORD-100205,2022-01-13,2022-01-18,CUST-3945,Priya Mehta,49.0,Female,Corporate,East,West Bengal,Technology,Machines,3D Printer Mini,672.28,1,0.0,189.29
ORD-100206,2022-05-16,2022-05-21,CUST-5583,Sanjay Gupta,37.0,Male,Consumer,South,Tamil Nadu,Technology,Accessories,Webcam HD,4047.5,5,0.3,293.43
ORD-100207,2023-12-30,2024-01-05,CUST-9022,Shreya Verma,34.0,Female,Consumer,West,Gujarat,Office Supplies,Labels,Shipping Labels,46.62,1,0.1,10.47
ORD-100208,2022-01-07,2022-01-08,CUST-8549,Vivek Singh,22.0,Male,Consumer,Central,Chhattisgarh,Technology,Phones,Budget Smartphone S5,2284.42,5,0.1,586.9
ORD-100209,2022-08-01,2022-08-07,CUST-5609,Shreya Reddy,42.0,Female,Consumer,North,Punjab,Office Supplies,Labels,Shipping Labels,360.08,7,0.2,73.88
ORD-100210,2023-10-06,2023-10-08,CUST-3473,Pooja Joshi,18.0,Female,Consumer,South,Tamil Nadu,Technology,Machines,Laser Printer,729.76,7,0.1,154.4
ORD-100211,2024-02-05,2024-02-11,CUST-1832,Nikhil Reddy,18.0,Male,Consumer,East,West Bengal,Technology,Copiers,Office Copier 200,4211.81,7,0.3,258.45
ORD-100212,2023-12-23,2023-12-24,CUST-2335,Meera Rao,26.0,Female,Consumer,West,Maharashtra,Technology,Accessories,Mechanical Keyboard,3373.81,4,0.2,610.0
ORD-100213,2022-10-15,2022-10-16,CUST-2671,Ritu Rao,34.0,Female,Consumer,West,Gujarat,Office Supplies,Paper,A4 Copy Paper Ream,103.05,3,0.1,28.46
ORD-100214,2024-03-05,2024-03-10,CUST-2766,Shreya Mehta,39.0,Female,Home Office,West,Maharashtra,Technology,Phones,Budget Smartphone S5,1373.22,7,0.0,375.89
ORD-100215,2022-10-27,2022-11-03,CUST-8537,Vikram Reddy,32.0,Male,Consumer,South,Telangana,Office Supplies,Art,Marker Set,124.09,4,0.2,23.73
ORD-100216,2022-12-27,2022-12-29,CUST-1098,Karan Gupta,27.0,Male,Consumer,East,West Bengal,Office Supplies,Envelopes,Mailing Envelopes,33.65,6,0.15,9.16
ORD-100217,2024-04-18,2024-04-21,CUST-1771,Meera Iyer,54.0,Female,Consumer,South,Kerala,Furniture,Bookcases,Corner Bookcase,1377.3,5,0.3,-35.39
ORD-100218,2023-12-21,2023-12-27,CUST-9722,Isha Nair,50.0,Female,Consumer,North,Uttar Pradesh,Furniture,Chairs,Recliner Lounge Chair,181.05,1,0.1,42.23
ORD-100219,2024-08-29,2024-09-03,CUST-2766,Shreya Mehta,37.0,Female,Home Office,South,Telangana,Technology,Accessories,Webcam HD,615.66,4,0.0,192.74
ORD-100220,2023-12-26,2024-01-01,CUST-9697,Kavita Nair,38.0,Female,Home Office,South,Kerala,Furniture,Chairs,Executive Leather Chair,323.89,1,0.15,25.37
ORD-100221,2023-10-25,2023-10-31,CUST-8537,Vikram Reddy,32.0,Male,Consumer,Central,Chhattisgarh,Office Supplies,Binders,View Binder,260.88,4,0.2,59.29
ORD-100222,2022-05-06,2022-05-09,CUST-1098,Karan Gupta,26.0,Male,Consumer,South,Tamil Nadu,Office Supplies,Art,Marker Set,176.63,3,0.1,38.07
ORD-100223,2023-02-18,2023-02-20,CUST-6073,Amit Reddy,25.0,Male,Corporate,Central,Chhattisgarh,Technology,Machines,Label Maker,2459.22,3,0.0,547.86
ORD-100224,2022-11-18,2022-11-19,CUST-4685,Vikram Nair,18.0,Male,Consumer,North,Delhi,Technology,Copiers,Compact Copier,1230.33,7,0.15,293.17
ORD-100225,2022-11-02,2022-11-06,CUST-5583,Sanjay Gupta,38.0,Male,Consumer,West,Gujarat,Office Supplies,Storage,File Cabinet,221.11,6,0.0,91.71
ORD-100226,2024-12-15,2024-12-21,CUST-9179,Rahul Nair,48.0,Male,Consumer,Central,Madhya Pradesh,Technology,Copiers,Compact Copier,2854.64,5,0.15,781.87
ORD-100227,2023-03-24,2023-03-28,CUST-9751,Ritu Joshi,48.0,Female,Corporate,North,Punjab,Office Supplies,Storage,Storage Box Set,5.11,1,0.1,1.08
ORD-100228,2024-10-15,2024-10-17,CUST-4912,Suresh Patel,66.0,Male,Consumer,North,Haryana,Office Supplies,Paper,Notebook Set,487.32,7,0.3,-39.72
ORD-100229,2023-12-10,2023-12-14,CUST-6921,Vivek Sharma,49.0,Male,Home Office,North,Uttar Pradesh,Technology,Accessories,Mechanical Keyboard,5047.16,7,0.1,1765.7
ORD-100230,2024-06-18,2024-06-24,CUST-6073,Amit Reddy,27.0,Male,Corporate,East,West Bengal,Office Supplies,Paper,Notebook Set,87.94,4,0.0,20.55
ORD-100231,2023-08-13,2023-08-16,CUST-5583,Sanjay Gupta,37.0,Male,Corporate,West,Gujarat,Office Supplies,Envelopes,Mailing Envelopes,143.9,4,0.0,53.55
ORD-100232,2023-11-02,2023-11-06,CUST-1479,Karan Reddy,53.0,Male,Consumer,North,Uttar Pradesh,Furniture,Furnishings,Curtain Set,3570.25,6,0.0,780.65
ORD-100233,2023-07-30,2023-08-01,CUST-2671,Ritu Rao,32.0,Female,Consumer,North,Punjab,Office Supplies,Envelopes,Mailing Envelopes,351.69,5,0.1,63.3
ORD-100234,2022-09-13,2022-09-15,CUST-7065,Anjali Mehta,24.0,Female,Corporate,South,Kerala,Technology,Machines,3D Printer Mini,1444.49,7,0.2,81.43
ORD-100235,2024-03-18,2024-03-25,CUST-7278,Rohan Joshi,25.0,Male,Consumer,South,Tamil Nadu,Technology,Accessories,Wireless Mouse,2429.16,3,0.2,73.29
ORD-100236,2022-11-29,2022-12-06,CUST-4044,Rahul Sharma,20.0,Male,Home Office,North,Haryana,Technology,Phones,Budget Smartphone S5,658.87,7,0.0,192.91
ORD-100237,2022-02-03,2022-02-06,CUST-2335,Meera Rao,25.0,Female,Consumer,Central,Chhattisgarh,Technology,Copiers,Office Copier 200,402.86,7,0.1,60.61
ORD-100238,2023-12-19,2023-12-23,CUST-2539,Manish Nair,34.0,Male,Corporate,South,Telangana,Furniture,Tables,Oak Dining Table,2003.62,6,0.1,381.46
ORD-100239,2022-08-22,2022-08-26,CUST-7196,Karan Nair,44.0,Male,Consumer,South,Kerala,Technology,Phones,Budget Smartphone S5,489.41,1,0.4,-23.94
ORD-100240,2024-11-24,2024-12-01,CUST-7191,Divya Iyer,34.0,Female,Consumer,West,Maharashtra,Office Supplies,Storage,File Cabinet,222.43,3,0.4,5.77
ORD-100241,2024-12-03,2024-12-04,CUST-5583,Sanjay Gupta,37.0,Male,Consumer,North,Haryana,Furniture,Chairs,Recliner Lounge Chair,1414.7,3,0.2,116.81
ORD-100242,2024-11-05,2024-11-10,CUST-7154,Kavita Reddy,58.0,Female,Consumer,East,Bihar,Technology,Accessories,USB-C Hub,3433.51,4,0.0,1109.65
ORD-100243,2023-02-22,2023-02-24,CUST-7490,Suresh Sharma,37.0,Male,Consumer,Central,Chhattisgarh,Office Supplies,Labels,Shipping Labels,216.47,3,0.15,58.3
ORD-100244,2022-01-22,2022-01-23,CUST-7567,Meera Gupta,30.0,Female,Corporate,South,Telangana,Technology,Machines,Laser Printer,2724.35,5,0.15,212.43
ORD-100245,2024-11-15,2024-11-17,CUST-1142,Sneha Kapoor,55.0,Female,Consumer,West,Gujarat,Office Supplies,Labels,Shipping Labels,327.92,7,0.0,79.39
ORD-100246,2023-05-08,2023-05-09,CUST-2539,Manish Nair,31.0,Male,Corporate,Central,Madhya Pradesh,Office Supplies,Paper,Notebook Set,368.96,5,0.0,157.41
ORD-100247,2024-12-11,2024-12-18,CUST-4738,Vivek Gupta,44.0,Male,Home Office,Central,Chhattisgarh,Furniture,Chairs,Ergo Mesh Office Chair,584.81,1,0.3,-20.69
ORD-100248,2024-12-09,2024-12-16,CUST-5328,Anjali Reddy,19.0,Female,Corporate,East,Bihar,Office Supplies,Binders,Clip Binder,173.07,5,0.0,69.22
ORD-100249,2024-09-03,2024-09-08,CUST-9697,Kavita Nair,36.0,Female,Corporate,South,Kerala,Furniture,Furnishings,Table Lamp,2588.18,5,0.0,780.82
ORD-100250,2022-12-08,2022-12-09,CUST-2335,Meera Rao,27.0,Female,Consumer,Central,Chhattisgarh,Furniture,Furnishings,Table Lamp,682.93,2,0.0,303.75
ORD-100251,2023-03-14,2023-03-16,CUST-4497,Sneha Rao,24.0,Female,Home Office,West,Gujarat,Technology,Phones,Smartphone X12,3778.71,7,0.4,47.93
ORD-100252,2024-09-01,2024-09-05,CUST-3793,Nikhil Sharma,21.0,Male,Corporate,South,Telangana,Technology,Phones,Smartphone X12,1609.9,2,0.0,555.68
ORD-100253,2022-12-22,2022-12-24,CUST-1072,Manish Nair,35.0,Male,Consumer,North,Punjab,Office Supplies,Labels,Address Labels,121.36,4,0.15,16.01
ORD-100254,2022-08-12,2022-08-18,CUST-2539,Manish Nair,34.0,Male,Corporate,South,Karnataka,Office Supplies,Binders,3-Ring Binder,157.7,2,0.3,5.93
ORD-100255,2023-10-14,2023-10-21,CUST-2835,Ritu Iyer,48.0,Female,Consumer,South,Telangana,Office Supplies,Labels,Address Labels,50.55,1,0.15,7.67
ORD-100256,2024-11-21,2024-11-24,CUST-3045,Pooja Sharma,28.0,Female,Corporate,East,West Bengal,Furniture,Bookcases,Corner Bookcase,722.87,2,0.0,302.46
ORD-100257,2024-02-11,2024-02-14,CUST-2967,Amit Reddy,28.0,Male,Consumer,Central,Madhya Pradesh,Office Supplies,Storage,File Cabinet,118.75,2,0.0,29.18
ORD-100258,2023-10-27,2023-11-03,CUST-7558,Karan Verma,33.0,Male,Home Office,East,Odisha,Furniture,Furnishings,Area Rug,1911.27,7,0.4,-27.6
ORD-100259,2022-05-11,2022-05-17,CUST-8020,Amit Mehta,35.0,Male,Corporate,South,Karnataka,Office Supplies,Labels,Address Labels,171.88,6,0.0,39.24
ORD-100260,2023-11-30,2023-12-03,CUST-8966,Meera Singh,21.0,Female,Consumer,South,Karnataka,Office Supplies,Envelopes,Window Envelopes,164.97,7,0.2,6.91
ORD-100261,2024-12-25,2025-01-01,CUST-3369,Neha Sharma,45.0,Female,Corporate,Central,Madhya Pradesh,Technology,Machines,3D Printer Mini,3949.22,5,0.0,972.07
ORD-100262,2022-07-04,2022-07-07,CUST-8466,Arjun Reddy,26.0,Male,Home Office,Central,Chhattisgarh,Technology,Accessories,USB-C Hub,3075.24,7,0.1,723.51
ORD-100263,2023-09-02,2023-09-09,CUST-8020,Amit Mehta,36.0,Male,Consumer,North,Haryana,Technology,Phones,Smartphone X12,1083.52,6,0.0,340.66
ORD-100264,2024-10-01,2024-10-06,CUST-3045,Pooja Sharma,28.0,Female,Corporate,East,Odisha,Furniture,Bookcases,5-Shelf Bookcase,1684.57,3,0.0,386.92
ORD-100265,2024-04-11,2024-04-15,CUST-1122,Rahul Joshi,58.0,Male,Consumer,North,Haryana,Technology,Machines,Label Maker,493.54,1,0.15,62.95
ORD-100266,2024-02-13,2024-02-17,CUST-1654,Sanjay Reddy,35.0,Male,Corporate,South,Karnataka,Office Supplies,Envelopes,Window Envelopes,498.19,7,0.1,90.12
ORD-100267,2024-02-21,2024-02-23,CUST-4685,Vikram Nair,18.0,Male,Home Office,South,Telangana,Furniture,Tables,Oak Dining Table,2019.62,4,0.0,488.82
ORD-100268,2023-02-06,2023-02-12,CUST-7144,Isha Patel,35.0,Female,Home Office,Central,Chhattisgarh,Furniture,Furnishings,Area Rug,540.98,3,0.2,58.29
ORD-100269,2022-12-07,2022-12-14,CUST-2982,Priya Patel,18.0,Female,Corporate,West,Maharashtra,Technology,Machines,Label Maker,469.32,2,0.0,202.64
ORD-100270,2024-07-07,2024-07-08,CUST-4015,Aditya Kapoor,27.0,Male,Corporate,West,Gujarat,Furniture,Chairs,Executive Leather Chair,411.09,1,0.1,76.69
ORD-100271,2024-07-08,2024-07-10,CUST-2692,Arjun Iyer,37.0,Male,Corporate,North,Uttar Pradesh,Office Supplies,Storage,Storage Box Set,395.09,5,0.1,108.96
ORD-100272,2024-09-19,2024-09-21,CUST-2031,Pooja Nair,41.0,Female,Consumer,North,Haryana,Furniture,Bookcases,Corner Bookcase,953.9,3,0.3,-92.24
ORD-100273,2024-11-04,2024-11-11,CUST-2031,Pooja Nair,41.0,Female,Home Office,South,Telangana,Furniture,Furnishings,Wall Clock,492.09,1,0.0,149.85
ORD-100274,2023-08-24,2023-08-31,CUST-7144,Isha Patel,38.0,Female,Corporate,North,Delhi,Office Supplies,Storage,Storage Box Set,190.42,3,0.2,22.7
ORD-100275,2023-08-11,2023-08-13,CUST-7406,Vikram Patel,34.0,Male,Consumer,Central,Madhya Pradesh,Technology,Copiers,Office Copier 200,3901.43,7,0.2,346.17
ORD-100276,2024-06-22,2024-06-24,CUST-3159,Aditya Reddy,30.0,Male,Corporate,North,Uttar Pradesh,Office Supplies,Envelopes,Window Envelopes,320.61,6,0.0,81.02
ORD-100277,2023-12-22,2023-12-26,CUST-9691,Isha Rao,37.0,Female,Consumer,North,Delhi,Office Supplies,Labels,Address Labels,38.25,1,0.0,9.3
ORD-100278,2024-02-20,2024-02-21,CUST-1422,Ritu Verma,32.0,Female,Consumer,East,West Bengal,Office Supplies,Binders,3-Ring Binder,138.8,2,0.0,47.44
ORD-100279,2024-06-19,2024-06-21,CUST-4685,Vikram Nair,18.0,Male,Consumer,West,Rajasthan,Office Supplies,Storage,File Cabinet,245.08,7,0.0,101.47
ORD-100280,2024-10-13,2024-10-17,CUST-3159,Aditya Reddy,32.0,Male,Consumer,North,Haryana,Office Supplies,Binders,Clip Binder,543.73,7,0.3,-53.42
ORD-100281,2023-01-07,2023-01-09,CUST-3159,Aditya Reddy,33.0,Male,Corporate,East,West Bengal,Technology,Phones,Budget Smartphone S5,1565.83,2,0.15,439.4
ORD-100282,2023-03-01,2023-03-04,CUST-4168,Anita Rao,34.0,Female,Consumer,South,Karnataka,Technology,Phones,Budget Smartphone S5,835.29,4,0.2,163.08
ORD-100283,2022-05-07,2022-05-09,CUST-4168,Anita Rao,32.0,Female,Home Office,South,Tamil Nadu,Furniture,Chairs,Executive Leather Chair,470.82,1,0.1,160.92
ORD-100284,2023-11-03,2023-11-10,CUST-3243,Arjun Verma,31.0,Male,Home Office,South,Telangana,Office Supplies,Envelopes,Mailing Envelopes,210.59,5,0.3,30.93
ORD-100285,2022-02-20,2022-02-26,CUST-9842,Nikhil Nair,39.0,Male,Consumer,South,Karnataka,Office Supplies,Art,Colored Pencils,228.16,6,0.1,35.7
ORD-100286,2023-06-24,2023-06-30,CUST-1719,Sneha Verma,20.0,Female,Consumer,South,Karnataka,Furniture,Tables,Oak Dining Table,1059.69,3,0.0,443.37
ORD-100287,2023-09-30,2023-10-02,CUST-6353,Aditya Iyer,44.0,Male,Corporate,East,Odisha,Technology,Machines,3D Printer Mini,690.37,2,0.0,193.34
ORD-100288,2022-12-03,2022-12-08,CUST-8564,Aditya Sharma,30.0,Male,Home Office,South,Kerala,Furniture,Chairs,Ergo Mesh Office Chair,887.43,6,0.1,217.66
ORD-100289,2023-11-13,2023-11-16,CUST-6921,Vivek Sharma,45.0,Male,Home Office,Central,Chhattisgarh,Technology,Phones,Budget Smartphone S5,2383.9,3,0.1,336.71
ORD-100290,2022-02-12,2022-02-13,CUST-9861,Sanjay Nair,28.0,Male,Consumer,South,Tamil Nadu,Technology,Phones,Smartphone X12,2293.25,6,0.1,322.39
ORD-100291,2022-02-22,2022-02-24,CUST-9092,Neha Joshi,18.0,Female,Consumer,North,Punjab,Furniture,Furnishings,Table Lamp,272.05,1,0.0,65.75
ORD-100292,2024-07-25,2024-07-26,CUST-6873,Sanjay Patel,44.0,Male,Corporate,South,Tamil Nadu,Furniture,Chairs,Executive Leather Chair,1215.93,5,0.2,73.58
ORD-100293,2023-02-07,2023-02-10,CUST-4062,Kavita Rao,52.0,Female,Consumer,South,Karnataka,Office Supplies,Paper,Sticky Notes Pack,177.71,3,,43.67
ORD-100294,2022-06-17,2022-06-19,CUST-9861,Sanjay Nair,29.0,Male,Consumer,West,Maharashtra,Technology,Accessories,Wireless Mouse,3177.25,4,0.0,800.88
ORD-100295,2023-09-06,2023-09-11,CUST-9041,Vivek Mehta,29.0,Male,Corporate,North,Punjab,Furniture,Furnishings,Table Lamp,3168.84,7,0.0,1387.45
ORD-100296,2024-05-18,2024-05-22,CUST-5401,Pooja Patel,40.0,Female,Consumer,West,Rajasthan,Office Supplies,Paper,Notebook Set,125.79,7,0.1,25.99
ORD-100297,2022-10-06,2022-10-11,CUST-3369,Neha Sharma,48.0,Female,Consumer,East,West Bengal,Technology,Phones,Smartphone X12,1005.8,2,0.1,318.26
ORD-100298,2023-12-05,2023-12-12,CUST-1719,Sneha Verma,21.0,Female,Consumer,North,Haryana,Technology,Copiers,Office Copier 200,1259.46,7,0.3,-104.67
ORD-100299,2022-04-26,2022-05-01,CUST-4685,Vikram Nair,18.0,Male,Consumer,North,Punjab,Technology,Copiers,Office Copier 200,274.84,2,0.3,0.43
ORD-100300,2022-03-13,2022-03-17,CUST-7030,Ritu Joshi,18.0,Female,Home Office,North,Uttar Pradesh,Technology,Accessories,Webcam HD,1505.89,2,0.2,367.05
ORD-100301,2023-09-17,2023-09-24,CUST-8782,Anjali Reddy,53.0,Female,Consumer,North,Uttar Pradesh,Office Supplies,Binders,Clip Binder,303.28,4,0.2,19.82
ORD-100302,2023-09-27,2023-10-01,CUST-2161,Priya Joshi,37.0,Female,Home Office,East,West Bengal,Furniture,Bookcases,5-Shelf Bookcase,352.3,1,0.1,67.86
ORD-100303,2023-12-14,2023-12-20,CUST-6921,Vivek Sharma,45.0,Male,Home Office,West,Rajasthan,Office Supplies,Storage,Desk Organizer,57.57,3,0.0,24.88
ORD-100304,2024-03-23,2024-03-27,CUST-3203,Anjali Gupta,43.0,Female,Consumer,West,Maharashtra,Office Supplies,Paper,Notebook Set,334.23,5,0.0,117.53
ORD-100305,2024-12-17,2024-12-19,CUST-5862,Sanjay Patel,32.0,Male,Corporate,West,Maharashtra,Furniture,Furnishings,Curtain Set,2053.49,7,0.2,423.62
ORD-100306,2023-08-30,2023-08-31,CUST-2522,Anita Rao,23.0,Female,Corporate,East,Odisha,Office Supplies,Binders,View Binder,94.87,3,0.3,
ORD-100307,2022-12-25,2022-12-31,CUST-9041,Vivek Mehta,27.0,Male,Corporate,North,Uttar Pradesh,Office Supplies,Binders,View Binder,57.49,7,,14.9
ORD-100308,2024-06-18,2024-06-24,CUST-4168,Anita Rao,31.0,Female,Corporate,South,Kerala,Furniture,Chairs,Executive Leather Chair,436.84,1,0.0,188.53
ORD-100309,2022-11-22,2022-11-23,CUST-2161,Priya Joshi,35.0,Female,Consumer,North,Haryana,Technology,Accessories,USB-C Hub,128.93,1,0.3,13.27
ORD-100310,2023-05-21,2023-05-27,CUST-3793,Nikhil Sharma,22.0,Male,Consumer,East,Odisha,Office Supplies,Paper,Sticky Notes Pack,161.37,6,0.0,69.82
ORD-100311,2022-04-17,2022-04-21,CUST-3364,Priya Reddy,29.0,Female,Consumer,West,Maharashtra,Furniture,Bookcases,Ladder Bookshelf,1723.81,5,0.0,668.37
ORD-100312,2022-02-05,2022-02-10,CUST-8313,Amit Nair,35.0,Male,Consumer,South,Tamil Nadu,Office Supplies,Labels,Shipping Labels,271.66,4,0.0,107.14
ORD-100313,2024-12-09,2024-12-12,CUST-6140,Nikhil Reddy,23.0,Male,Consumer,West,Maharashtra,Technology,Copiers,Office Copier 200,3291.47,5,0.0,813.36
ORD-100314,2024-08-12,2024-08-16,CUST-1110,Kavita Reddy,18.0,Female,Consumer,Central,Chhattisgarh,Office Supplies,Paper,Notebook Set,238.67,4,0.15,39.11
ORD-100315,2024-02-11,2024-02-18,CUST-2902,Arjun Sharma,26.0,Male,Consumer,West,Rajasthan,Furniture,Tables,Oak Dining Table,2207.92,7,0.15,340.36
ORD-100316,2023-04-14,2023-04-21,CUST-5925,Pooja Reddy,22.0,Female,Corporate,North,Delhi,Office Supplies,Art,Colored Pencils,64.35,3,0.15,3.89
ORD-100317,2022-08-17,2022-08-22,CUST-3203,Anjali Gupta,44.0,Female,Consumer,Central,Chhattisgarh,Technology,Machines,Label Maker,213.84,1,0.15,44.32
ORD-100318,2022-07-26,2022-07-31,CUST-8612,Manish Iyer,33.0,Male,Home Office,North,Uttar Pradesh,Furniture,Tables,Glass Coffee Table,432.24,1,,66.58
ORD-100319,2022-11-07,2022-11-13,CUST-3338,Neha Nair,,Female,Consumer,South,Tamil Nadu,Office Supplies,Binders,3-Ring Binder,62.99,4,0.2,8.6
ORD-100320,2023-10-06,2023-10-08,CUST-9192,Priya Mehta,39.0,Female,Consumer,North,Haryana,Office Supplies,Art,Marker Set,129.1,4,0.0,35.76
ORD-100321,2024-03-08,2024-03-10,CUST-3697,Nikhil Patel,25.0,Male,Consumer,North,Delhi,Furniture,Tables,Oak Dining Table,351.95,1,0.1,64.24
ORD-100322,2023-12-28,2024-01-03,CUST-1122,Rahul Joshi,58.0,Male,Corporate,South,Tamil Nadu,Office Supplies,Art,Sketch Pad,53.63,5,0.15,9.5
ORD-100323,2022-11-29,2022-12-05,CUST-4724,Suresh Patel,18.0,Male,Consumer,Central,Chhattisgarh,Office Supplies,Labels,Shipping Labels,311.24,7,0.15,81.93
ORD-100324,2024-12-04,2024-12-05,CUST-3380,Meera Iyer,46.0,Female,Consumer,Central,Chhattisgarh,Technology,Accessories,Wireless Mouse,2549.28,6,0.0,972.98
ORD-100325,2024-04-07,2024-04-08,CUST-8612,Manish Iyer,32.0,Male,Corporate,Central,Chhattisgarh,Office Supplies,Storage,Desk Organizer,193.01,6,0.0,73.65
ORD-100326,2023-10-12,2023-10-15,CUST-6921,Vivek Sharma,45.0,Male,Corporate,West,Rajasthan,Furniture,Bookcases,Corner Bookcase,139.1,1,0.1,22.85
ORD-100327,2023-11-28,2023-12-01,CUST-7700,Aditya Verma,43.0,Male,Consumer,South,Telangana,Office Supplies,Envelopes,Mailing Envelopes,67.69,4,0.3,3.61
ORD-100328,2023-04-27,2023-04-30,CUST-2452,Aditya Rao,44.0,Male,Home Office,South,Telangana,Office Supplies,Art,Colored Pencils,44.1,1,0.15,8.56
ORD-100329,2022-11-05,2022-11-08,CUST-9066,Manish Rao,26.0,Male,Consumer,North,Delhi,Office Supplies,Binders,View Binder,440.79,6,0.0,197.3
ORD-100330,2023-02-01,2023-02-06,CUST-7026,Anita Reddy,29.0,Female,Consumer,South,Kerala,Furniture,Bookcases,Ladder Bookshelf,1073.47,2,0.0,418.53
ORD-100331,2024-05-03,2024-05-08,CUST-8313,Amit Nair,39.0,Male,Home Office,Central,Madhya Pradesh,Office Supplies,Labels,Shipping Labels,218.54,3,0.1,47.8
ORD-100332,2022-01-20,2022-01-21,CUST-8546,Vikram Verma,18.0,Male,Consumer,Central,Chhattisgarh,Office Supplies,Art,Colored Pencils,292.23,5,0.2,54.0
ORD-100333,2022-06-03,2022-06-05,CUST-3338,Neha Nair,56.0,Female,Consumer,East,Bihar,Technology,Machines,Label Maker,1690.78,2,0.15,224.47
ORD-100334,2022-03-06,2022-03-12,CUST-8313,Amit Nair,36.0,Male,Consumer,East,Bihar,Technology,Copiers,Office Copier 200,2583.3,3,0.2,403.53
ORD-100335,2022-02-27,2022-03-06,CUST-8612,Manish Iyer,32.0,Male,Consumer,West,Rajasthan,Office Supplies,Art,Sketch Pad,207.33,6,0.2,15.75
ORD-100336,2024-09-06,2024-09-08,CUST-2688,Rohan Kapoor,43.0,Male,Corporate,Central,Madhya Pradesh,Technology,Machines,Laser Printer,4430.26,5,0.15,1244.8
ORD-100337,2024-02-22,2024-02-26,CUST-3179,Anita Mehta,23.0,Female,Consumer,Central,Chhattisgarh,Office Supplies,Paper,Sticky Notes Pack,19.87,3,0.15,2.07
ORD-100338,2023-07-05,2023-07-10,CUST-7026,Anita Reddy,27.0,Female,Corporate,Central,Madhya Pradesh,Office Supplies,Binders,View Binder,344.64,6,0.2,84.75
ORD-100339,2022-05-11,2022-05-14,CUST-9294,Rohan Singh,34.0,Male,Consumer,South,Tamil Nadu,Office Supplies,Labels,Shipping Labels,546.44,7,0.0,179.14
ORD-100340,2023-07-29,2023-08-01,CUST-1766,Pooja Rao,68.0,Female,Consumer,West,Maharashtra,Office Supplies,Art,Sketch Pad,136.47,2,0.2,26.81
ORD-100341,2023-07-04,2023-07-08,CUST-6921,Vivek Sharma,47.0,Male,Consumer,East,Odisha,Technology,Copiers,Office Copier 200,3021.86,4,0.15,372.22
ORD-100342,2022-08-17,2022-08-19,CUST-4168,Anita Rao,33.0,Female,Home Office,Central,Madhya Pradesh,Technology,Machines,Laser Printer,345.52,2,0.3,14.9
ORD-100343,2023-05-15,2023-05-18,CUST-9294,Rohan Singh,31.0,Male,Corporate,East,Bihar,Office Supplies,Binders,3-Ring Binder,524.45,7,0.3,55.37
ORD-100344,2023-03-31,2023-04-02,CUST-7697,Arjun Nair,46.0,Male,Home Office,North,Punjab,Office Supplies,Envelopes,Mailing Envelopes,58.32,2,0.1,19.07
ORD-100345,2023-12-01,2023-12-07,CUST-2607,Kavita Rao,43.0,Female,Consumer,South,Karnataka,Office Supplies,Storage,Storage Box Set,64.82,1,0.1,11.41
ORD-100346,2023-12-13,2023-12-17,CUST-3215,Aditya Mehta,28.0,Male,Consumer,West,Rajasthan,Office Supplies,Envelopes,Window Envelopes,297.96,7,,119.96
ORD-100347,2022-03-05,2022-03-12,CUST-1110,Kavita Reddy,18.0,Female,Consumer,West,Maharashtra,Furniture,Chairs,Recliner Lounge Chair,470.31,1,0.2,19.23
ORD-100348,2023-02-28,2023-03-02,CUST-1561,Manish Joshi,31.0,Male,Corporate,East,Bihar,Furniture,Tables,Glass Coffee Table,758.56,6,0.2,35.07
ORD-100349,2023-12-07,2023-12-13,CUST-3621,Pooja Joshi,43.0,Female,Corporate,South,Telangana,Technology,Copiers,Compact Copier,2775.21,7,0.15,536.96
ORD-100350,2023-08-13,2023-08-15,CUST-3165,Anita Rao,40.0,Female,Home Office,North,Haryana,Technology,Machines,Laser Printer,809.88,1,0.0,224.62
ORD-100351,2024-09-07,2024-09-09,CUST-2688,Rohan Kapoor,41.0,Male,Corporate,West,Maharashtra,Office Supplies,Paper,A4 Copy Paper Ream,274.43,4,0.0,96.58
ORD-100352,2023-12-27,2023-12-30,CUST-4168,Anita Rao,32.0,Female,Corporate,Central,Madhya Pradesh,Furniture,Furnishings,Wall Clock,1367.15,6,0.0,376.88
ORD-100353,2022-08-04,2022-08-05,CUST-4168,Anita Rao,30.0,Female,Home Office,West,Maharashtra,Office Supplies,Art,Colored Pencils,17.64,1,0.0,7.66
ORD-100354,2022-04-07,2022-04-12,CUST-4629,Divya Rao,27.0,Female,Corporate,Central,Chhattisgarh,Office Supplies,Art,Colored Pencils,112.81,6,0.1,14.84
ORD-100355,2023-12-17,2023-12-19,CUST-5753,Nikhil Joshi,24.0,Male,Home Office,North,Punjab,Office Supplies,Labels,Address Labels,34.87,1,,-3.34
ORD-100356,2022-02-06,2022-02-08,CUST-3560,Anita Joshi,45.0,Female,Corporate,North,Uttar Pradesh,Office Supplies,Paper,A4 Copy Paper Ream,162.76,3,0.4,-16.04
ORD-100357,2023-11-09,2023-11-11,CUST-7582,Isha Iyer,48.0,Female,Consumer,North,Uttar Pradesh,Technology,Copiers,Compact Copier,2099.12,6,0.4,-177.44
ORD-100358,2024-11-24,2024-11-25,CUST-7034,Anita Mehta,48.0,Female,Consumer,South,Tamil Nadu,Office Supplies,Paper,Sticky Notes Pack,13.14,1,0.0,4.31
ORD-100359,2023-11-01,2023-11-07,CUST-2982,Manish Joshi,34.0,Male,Corporate,North,Delhi,Furniture,Bookcases,Corner Bookcase,418.98,2,0.15,97.23
ORD-100360,2023-03-18,2023-03-25,CUST-4629,Divya Rao,28.0,Female,Consumer,West,Rajasthan,Office Supplies,Binders,3-Ring Binder,99.68,3,0.15,12.03
ORD-100361,2023-12-18,2023-12-25,CUST-8546,Vikram Verma,19.0,Male,Corporate,East,Odisha,Office Supplies,Art,Colored Pencils,35.21,1,0.3,-1.88
ORD-100362,2023-06-14,2023-06-18,CUST-5753,Nikhil Joshi,22.0,Male,Consumer,Central,Madhya Pradesh,Office Supplies,Binders,Clip Binder,49.8,1,0.15,8.1
ORD-100363,2023-10-03,2023-10-06,CUST-8313,Amit Nair,38.0,Male,Consumer,West,Gujarat,Technology,Accessories,Webcam HD,1414.88,3,0.15,398.7
ORD-100364,2024-11-25,2024-11-26,CUST-4355,Manish Iyer,48.0,Male,Consumer,Central,Chhattisgarh,Technology,Copiers,Compact Copier,3999.69,5,0.15,1028.3
ORD-100365,2023-03-15,2023-03-21,CUST-1122,Rahul Joshi,59.0,Male,Corporate,West,Rajasthan,Technology,Machines,3D Printer Mini,4652.05,7,0.0,1622.0
ORD-100366,2024-12-08,2024-12-10,CUST-2639,Suresh Reddy,44.0,Male,Consumer,South,Tamil Nadu,Furniture,Tables,Round Side Table,433.03,1,0.0,184.51
ORD-100367,2024-10-29,2024-11-04,CUST-6819,Pooja Rao,25.0,Female,Corporate,West,Maharashtra,Furniture,Chairs,Recliner Lounge Chair,1312.43,6,0.0,300.52
ORD-100368,2022-09-14,2022-09-15,CUST-1638,Shreya Sharma,18.0,Female,Corporate,Central,Chhattisgarh,Office Supplies,Art,Sketch Pad,124.09,4,0.15,36.2
ORD-100369,2022-04-05,2022-04-06,CUST-8313,Amit Nair,38.0,Male,Corporate,West,Gujarat,Technology,Accessories,Webcam HD,1019.73,3,0.4,-152.61
ORD-100370,2022-05-15,2022-05-16,CUST-1490,Karan Nair,34.0,Male,Consumer,West,Maharashtra,Office Supplies,Art,Sketch Pad,93.79,7,0.0,34.91
ORD-100371,2022-01-25,2022-01-29,CUST-5753,Nikhil Joshi,23.0,Male,Corporate,South,Kerala,Office Supplies,Labels,Shipping Labels,225.45,3,0.0,80.92
ORD-100372,2022-05-07,2022-05-12,CUST-3880,Arjun Mehta,18.0,Male,Consumer,North,Uttar Pradesh,Office Supplies,Art,Sketch Pad,396.58,7,0.3,10.36
ORD-100373,2024-01-24,2024-01-27,CUST-1637,Meera Kapoor,39.0,Female,Consumer,East,West Bengal,Technology,Machines,Label Maker,2504.65,5,0.0,712.49
ORD-100374,2022-04-08,2022-04-12,CUST-4411,Aditya Sharma,33.0,Male,Consumer,South,Telangana,Furniture,Furnishings,Area Rug,874.01,5,0.3,56.43
ORD-100375,2022-12-23,2022-12-27,CUST-5231,Arjun Mehta,41.0,Male,Home Office,West,Rajasthan,Office Supplies,Envelopes,Window Envelopes,21.75,1,0.1,6.05
ORD-100376,2024-08-23,2024-08-28,CUST-7750,Rohan Singh,47.0,Male,Consumer,East,Odisha,Furniture,Tables,Oak Dining Table,2172.89,4,0.4,-92.21
ORD-100377,2022-02-01,2022-02-05,CUST-5099,Rahul Verma,35.0,Male,Home Office,North,Delhi,Office Supplies,Art,Sketch Pad,50.45,7,0.2,7.46
ORD-100378,2024-07-14,2024-07-15,CUST-8433,Kavita Rao,30.0,Female,Home Office,East,Odisha,Furniture,Bookcases,5-Shelf Bookcase,305.31,3,0.0,69.58
ORD-100379,2022-11-30,2022-12-01,CUST-1638,Shreya Sharma,18.0,Female,Consumer,North,Delhi,Furniture,Chairs,Executive Leather Chair,1397.87,3,0.0,538.39
ORD-100380,2022-06-05,2022-06-11,CUST-2745,Meera Gupta,31.0,Female,Corporate,West,Maharashtra,Office Supplies,Paper,Sticky Notes Pack,83.5,4,0.0,25.98
ORD-100381,2024-02-12,2024-02-14,CUST-6333,Anjali Kapoor,26.0,Female,Consumer,South,Karnataka,Technology,Accessories,Mechanical Keyboard,4217.87,5,0.1,506.64
ORD-100382,2023-12-09,2023-12-13,CUST-1084,Divya Nair,39.0,Female,Consumer,North,Punjab,Furniture,Chairs,Recliner Lounge Chair,3268.84,7,0.1,471.74
ORD-100383,2024-10-01,2024-10-03,CUST-3338,Neha Nair,59.0,Female,Corporate,East,West Bengal,Technology,Accessories,Webcam HD,2708.54,6,0.1,802.67
ORD-100384,2024-04-04,2024-04-07,CUST-5753,Nikhil Joshi,23.0,Male,Consumer,West,Gujarat,Furniture,Bookcases,Ladder Bookshelf,188.1,1,0.15,54.67
ORD-100385,2024-06-29,2024-07-06,CUST-4877,Sneha Patel,18.0,Female,Consumer,South,Kerala,Technology,Accessories,Webcam HD,520.54,2,0.0,121.62
ORD-100386,2022-11-30,2022-12-01,CUST-5753,Nikhil Joshi,21.0,Male,Consumer,West,Rajasthan,Office Supplies,Art,Marker Set,73.38,3,0.15,7.99
ORD-100387,2022-08-23,2022-08-29,CUST-5489,Isha Rao,37.0,Female,Consumer,East,West Bengal,Technology,Accessories,Wireless Mouse,739.35,2,0.4,-43.54
ORD-100388,2024-04-24,2024-04-27,CUST-5231,Arjun Mehta,40.0,Male,Consumer,Central,Madhya Pradesh,Office Supplies,Paper,Notebook Set,212.09,3,0.15,41.64
ORD-100389,2024-07-04,2024-07-10,CUST-4877,Sneha Patel,18.0,Female,Consumer,North,Haryana,Technology,Copiers,Office Copier 200,3951.81,5,0.15,245.89
ORD-100390,2024-12-26,2025-01-02,CUST-8453,Divya Joshi,18.0,Female,Home Office,East,Odisha,Technology,Accessories,Webcam HD,4982.29,7,0.1,686.57
ORD-100391,2023-04-18,2023-04-25,CUST-6996,Pooja Reddy,33.0,Female,Consumer,South,Telangana,Technology,Machines,Label Maker,995.81,4,0.2,245.45
ORD-100392,2023-02-24,2023-03-01,CUST-8782,Anjali Reddy,52.0,Female,Consumer,West,Maharashtra,Technology,Copiers,Compact Copier,1573.94,7,0.15,351.71
ORD-100393,2024-05-26,2024-05-27,CUST-6996,Pooja Reddy,30.0,Female,Consumer,Central,Chhattisgarh,Furniture,Chairs,Ergo Mesh Office Chair,328.92,1,0.0,103.98
ORD-100394,2023-01-11,2023-01-14,CUST-7711,Divya Mehta,18.0,Female,Consumer,North,Delhi,Technology,Accessories,USB-C Hub,1311.19,4,0.1,320.84
ORD-100395,2024-11-17,2024-11-22,CUST-4429,Aditya Sharma,28.0,Male,Corporate,Central,Chhattisgarh,Technology,Accessories,Wireless Mouse,2028.96,7,0.3,-196.23
ORD-100396,2024-09-09,2024-09-16,CUST-9767,Aditya Mehta,39.0,Male,Consumer,East,Odisha,Furniture,Furnishings,Wall Clock,782.61,3,0.15,40.29
ORD-100397,2023-05-09,2023-05-12,CUST-6333,Anjali Kapoor,25.0,Female,Consumer,North,Delhi,Office Supplies,Labels,Address Labels,98.64,7,0.0,21.3
ORD-100398,2024-04-24,2024-04-30,CUST-4926,Karan Rao,36.0,Male,Corporate,South,Karnataka,Furniture,Furnishings,Wall Clock,443.26,1,0.1,150.07
ORD-100399,2024-04-29,2024-05-04,CUST-6333,Anjali Kapoor,29.0,Female,Home Office,Central,Chhattisgarh,Technology,Accessories,Mechanical Keyboard,752.65,1,0.15,205.32
ORD-100400,2022-05-18,2022-05-23,CUST-7750,Rohan Singh,47.0,Male,Home Office,West,Gujarat,Technology,Accessories,Webcam HD,3874.97,5,0.0,1415.58
ORD-100401,2024-10-26,2024-10-27,CUST-5274,Aditya Kapoor,42.0,Male,Corporate,South,Karnataka,Office Supplies,Paper,A4 Copy Paper Ream,64.01,1,0.15,12.58
ORD-100402,2023-08-16,2023-08-18,CUST-4338,Karan Verma,42.0,Male,Home Office,West,Gujarat,Office Supplies,Labels,Address Labels,210.5,4,0.2,16.0
ORD-100403,2024-07-31,2024-08-06,CUST-9302,Anjali Mehta,36.0,Female,Corporate,Central,Chhattisgarh,Office Supplies,Labels,Shipping Labels,68.36,1,0.0,26.43
ORD-100404,2022-12-24,2022-12-30,CUST-3774,Karan Mehta,48.0,Male,Corporate,South,Tamil Nadu,Office Supplies,Binders,Clip Binder,388.47,6,0.0,125.71
ORD-100405,2024-10-19,2024-10-24,CUST-7711,Divya Mehta,19.0,Female,Consumer,West,Gujarat,Office Supplies,Labels,Shipping Labels,132.84,5,0.0,53.22
ORD-100406,2023-03-19,2023-03-24,CUST-7711,Divya Mehta,18.0,Female,Consumer,Central,Chhattisgarh,Furniture,Tables,Oak Dining Table,1433.66,3,0.2,88.99
ORD-100407,2022-01-15,2022-01-16,CUST-1688,Rahul Verma,44.0,Male,Corporate,East,Odisha,Office Supplies,Envelopes,Window Envelopes,34.28,6,0.4,1.22
ORD-100408,2024-10-29,2024-10-31,CUST-3774,Karan Mehta,49.0,Male,Home Office,Central,Madhya Pradesh,Office Supplies,Paper,Notebook Set,211.21,3,0.0,63.99
ORD-100409,2022-05-03,2022-05-09,CUST-4429,Aditya Sharma,26.0,Male,Consumer,South,Tamil Nadu,Technology,Accessories,Wireless Mouse,829.29,2,0.15,139.63
ORD-100410,2022-12-23,2022-12-30,CUST-1693,Rohan Joshi,45.0,Male,Corporate,East,Bihar,Office Supplies,Paper,Sticky Notes Pack,182.81,7,0.4,-17.46
ORD-100411,2024-12-01,2024-12-05,CUST-8455,Karan Rao,18.0,Male,Consumer,Central,Madhya Pradesh,Technology,Phones,Budget Smartphone S5,2833.61,5,0.15,564.98
ORD-100412,2024-12-01,2024-12-05,CUST-4926,Karan Rao,36.0,Male,Consumer,West,Rajasthan,Technology,Machines,Laser Printer,1709.37,4,0.1,263.64
ORD-100413,2023-10-31,2023-11-02,CUST-3338,Neha Nair,55.0,Female,Home Office,South,Telangana,Technology,Phones,Smartphone X12,220.55,2,0.0,61.06
ORD-100414,2023-12-11,2023-12-14,CUST-4411,Aditya Sharma,30.0,Male,Consumer,West,Gujarat,Furniture,Chairs,Foldable Study Chair,341.12,1,0.15,38.08
ORD-100415,2023-06-02,2023-06-03,CUST-6831,Sanjay Kapoor,47.0,Male,Corporate,North,Haryana,Furniture,Bookcases,Ladder Bookshelf,672.12,4,0.1,221.34
ORD-100416,2022-12-07,2022-12-09,CUST-7026,Vikram Nair,49.0,Male,Consumer,North,Haryana,Technology,Accessories,Mechanical Keyboard,1118.35,3,0.4,-86.78
ORD-100417,2022-12-29,2023-01-02,CUST-1322,Suresh Joshi,18.0,Male,Home Office,North,Haryana,Technology,Machines,Label Maker,937.44,2,0.1,140.42
ORD-100418,2024-01-09,2024-01-14,CUST-4411,Aditya Sharma,31.0,Male,Corporate,Central,Madhya Pradesh,Office Supplies,Labels,Address Labels,155.67,3,0.15,36.6
ORD-100419,2024-04-26,2024-04-30,CUST-8116,Nikhil Joshi,32.0,Male,Consumer,North,Haryana,Office Supplies,Envelopes,Mailing Envelopes,139.46,3,0.3,17.5
ORD-100420,2024-06-14,2024-06-19,CUST-8782,Anjali Reddy,51.0,Female,Corporate,West,Rajasthan,Office Supplies,Storage,Storage Box Set,232.78,6,0.4,-9.79
ORD-100421,2024-06-11,2024-06-12,CUST-5228,Manish Mehta,18.0,Male,Consumer,East,Odisha,Office Supplies,Paper,A4 Copy Paper Ream,31.79,3,0.2,2.96
ORD-100422,2022-05-03,2022-05-08,CUST-5392,Anita Iyer,29.0,Female,Consumer,East,Odisha,Furniture,Bookcases,Corner Bookcase,1160.41,7,0.0,457.46
ORD-100423,2023-08-02,2023-08-04,CUST-5692,Vivek Joshi,28.0,Male,Consumer,East,Bihar,Office Supplies,Paper,Notebook Set,132.45,3,0.4,-16.72
ORD-100424,2022-03-21,2022-03-26,CUST-9302,Anjali Mehta,37.0,Female,Corporate,North,Punjab,Furniture,Chairs,Foldable Study Chair,3595.78,6,0.1,886.5
ORD-100425,2023-10-07,2023-10-10,CUST-8198,Arjun Rao,18.0,Male,Consumer,South,Kerala,Office Supplies,Storage,Storage Box Set,72.59,3,0.1,14.99
ORD-100426,2023-05-24,2023-05-26,CUST-8116,Nikhil Joshi,33.0,Male,Consumer,East,Bihar,Office Supplies,Binders,Clip Binder,256.66,4,0.0,62.71
ORD-100427,2024-10-11,2024-10-12,CUST-6996,Pooja Reddy,34.0,Female,Consumer,East,West Bengal,Office Supplies,Art,Marker Set,108.8,7,0.3,0.83
ORD-100428,2023-01-25,2023-01-27,CUST-5692,Vivek Joshi,28.0,Male,Corporate,East,Bihar,Office Supplies,Labels,Shipping Labels,66.62,3,0.1,10.13
ORD-100429,2022-06-04,2022-06-07,CUST-4926,Karan Rao,39.0,Male,Corporate,South,Tamil Nadu,Office Supplies,Art,Colored Pencils,460.49,6,0.2,51.62
ORD-100430,2022-07-08,2022-07-09,CUST-8663,Amit Verma,49.0,Male,Consumer,North,Delhi,Technology,Machines,3D Printer Mini,1019.86,3,0.15,131.76
ORD-100431,2024-05-07,2024-05-11,CUST-2042,Rahul Nair,59.0,Male,Consumer,North,Punjab,Office Supplies,Envelopes,Window Envelopes,148.11,2,0.1,44.6
ORD-100432,2023-12-02,2023-12-05,CUST-5692,Vivek Joshi,28.0,Male,Home Office,Central,Madhya Pradesh,Office Supplies,Storage,Storage Box Set,63.49,2,0.2,4.2
ORD-100433,2022-05-15,2022-05-16,CUST-8198,Arjun Rao,18.0,Male,Consumer,North,Punjab,Technology,Accessories,Mechanical Keyboard,441.64,1,0.3,10.99
ORD-100434,2022-04-24,2022-05-01,CUST-6710,Vivek Mehta,28.0,Male,Consumer,East,Bihar,Office Supplies,Paper,Sticky Notes Pack,162.47,7,0.1,36.32
ORD-100435,2024-02-18,2024-02-23,CUST-8936,Anjali Mehta,43.0,Female,Consumer,North,Delhi,Furniture,Furnishings,Curtain Set,1141.16,3,0.15,135.4
ORD-100436,2022-04-10,2022-04-12,CUST-9443,Vivek Verma,22.0,Male,Consumer,North,Uttar Pradesh,Office Supplies,Storage,Storage Box Set,300.69,6,0.3,-26.72
ORD-100437,2024-07-24,2024-07-25,CUST-6032,Sanjay Patel,,Male,Consumer,East,Odisha,Office Supplies,Art,Marker Set,195.4,4,0.2,5.73
ORD-100438,2024-02-26,2024-02-28,CUST-7034,Anita Mehta,49.0,Female,Corporate,Central,Madhya Pradesh,Technology,Copiers,Compact Copier,2374.07,6,0.0,758.59
ORD-100439,2022-04-21,2022-04-26,CUST-3702,Nikhil Mehta,35.0,Male,Home Office,East,Odisha,Technology,Accessories,Webcam HD,447.83,6,0.2,14.42
ORD-100440,2022-04-25,2022-04-26,CUST-8936,Anjali Mehta,41.0,Female,Consumer,North,Haryana,Furniture,Bookcases,Ladder Bookshelf,2597.32,6,0.1,293.19
ORD-100441,2024-12-23,2024-12-27,CUST-8936,Anjali Mehta,42.0,Female,Corporate,West,Maharashtra,Furniture,Tables,Round Side Table,685.08,7,0.1,89.02
ORD-100442,2023-02-28,2023-03-07,CUST-1688,Rahul Verma,42.0,Male,Corporate,Central,Chhattisgarh,Technology,Accessories,Webcam HD,2325.25,3,0.3,-122.27
ORD-100443,2023-02-22,2023-03-01,CUST-5719,Priya Gupta,22.0,Female,Home Office,South,Kerala,Furniture,Bookcases,5-Shelf Bookcase,604.4,2,0.4,-21.36
ORD-100444,2024-07-12,2024-07-15,CUST-6996,Pooja Reddy,32.0,Female,Corporate,East,West Bengal,Technology,Copiers,Compact Copier,1284.5,7,0.0,263.92
ORD-100445,2024-11-29,2024-11-30,CUST-6710,Vivek Mehta,28.0,Male,Home Office,Central,Madhya Pradesh,Furniture,Chairs,Executive Leather Chair,851.16,2,0.1,202.02
ORD-100446,2024-12-23,2024-12-28,CUST-5392,Anita Iyer,29.0,Female,Consumer,East,Bihar,Office Supplies,Storage,Storage Box Set,75.15,3,0.0,30.73
ORD-100447,2024-04-27,2024-04-28,CUST-1479,Karan Reddy,52.0,Male,Consumer,East,West Bengal,Furniture,Tables,Adjustable Standing Desk,695.74,2,0.3,80.94
ORD-100448,2023-03-02,2023-03-04,CUST-9302,Anjali Mehta,39.0,Female,Home Office,Central,Madhya Pradesh,Technology,Machines,Label Maker,2328.96,3,0.0,530.07
ORD-100449,2022-04-23,2022-04-29,CUST-5059,Nikhil Singh,38.0,Male,Consumer,West,Rajasthan,Technology,Accessories,Webcam HD,2262.11,5,0.0,956.8
ORD-100450,2024-05-26,2024-05-27,CUST-9302,Anjali Mehta,38.0,Female,Consumer,North,Delhi,Office Supplies,Labels,Address Labels,459.36,6,0.2,
ORD-100451,2023-10-16,2023-10-23,CUST-5447,Rohan Sharma,27.0,Male,Consumer,East,West Bengal,Furniture,Chairs,Ergo Mesh Office Chair,979.53,4,0.0,303.17
ORD-100452,2023-05-03,2023-05-10,CUST-7711,Divya Mehta,18.0,Female,Home Office,South,Telangana,Office Supplies,Envelopes,Window Envelopes,74.62,1,0.4,-5.82
ORD-100453,2024-10-30,2024-11-06,CUST-2093,Amit Reddy,23.0,Male,Corporate,West,Rajasthan,Office Supplies,Envelopes,Window Envelopes,115.13,4,0.15,29.36
ORD-100454,2022-05-28,2022-06-01,CUST-5059,Nikhil Singh,37.0,Male,Corporate,South,Telangana,Office Supplies,Art,Sketch Pad,318.47,6,0.0,86.09
ORD-100455,2023-07-31,2023-08-01,CUST-6032,Sanjay Patel,18.0,Male,Consumer,East,Odisha,Furniture,Bookcases,5-Shelf Bookcase,654.64,4,0.1,215.29
ORD-100456,2022-01-16,2022-01-19,CUST-6996,Pooja Reddy,30.0,Female,Consumer,West,Gujarat,Office Supplies,Binders,Clip Binder,290.04,6,0.0,130.49
ORD-100457,2023-06-28,2023-06-29,CUST-2828,Vikram Reddy,34.0,Male,Corporate,West,Rajasthan,Furniture,Bookcases,5-Shelf Bookcase,2782.09,5,0.15,326.04
ORD-100458,2022-03-19,2022-03-25,CUST-4111,Amit Rao,36.0,Male,Home Office,East,West Bengal,Office Supplies,Binders,Clip Binder,44.7,2,0.0,19.68
ORD-100459,2022-06-06,2022-06-13,CUST-9302,Anjali Mehta,35.0,Female,Corporate,South,Telangana,Furniture,Furnishings,Area Rug,1379.63,3,0.1,358.47
ORD-100460,2022-06-05,2022-06-07,CUST-1435,Arjun Sharma,38.0,Male,Consumer,North,Haryana,Office Supplies,Storage,File Cabinet,144.12,3,0.0,44.55
ORD-100461,2023-12-21,2023-12-28,CUST-5392,Anita Iyer,29.0,Female,Consumer,East,West Bengal,Technology,Phones,Cordless Landline,556.1,6,0.15,33.57
ORD-100462,2024-04-18,2024-04-19,CUST-5698,Vikram Verma,36.0,Male,Consumer,Central,Chhattisgarh,Office Supplies,Envelopes,Window Envelopes,471.56,7,0.0,203.99
ORD-100463,2023-11-07,2023-11-11,CUST-8936,Anjali Mehta,41.0,Female,Home Office,Central,Chhattisgarh,Office Supplies,Paper,Notebook Set,202.31,3,0.1,22.1
ORD-100464,2024-12-08,2024-12-13,CUST-1688,Rahul Verma,42.0,Male,Consumer,West,Gujarat,Office Supplies,Envelopes,Mailing Envelopes,237.69,6,0.3,17.47
ORD-100465,2023-03-01,2023-03-02,CUST-5158,Divya Iyer,40.0,Female,Consumer,South,Kerala,Furniture,Tables,Oak Dining Table,581.2,2,0.3,-41.56
ORD-100466,2022-12-03,2022-12-04,CUST-3763,Rahul Sharma,45.0,Male,Home Office,East,Bihar,Furniture,Tables,Oak Dining Table,177.31,2,0.0,41.58
ORD-100467,2024-09-21,2024-09-24,CUST-1617,Kavita Gupta,38.0,Female,Consumer,North,Delhi,Office Supplies,Art,Colored Pencils,324.3,5,0.1,47.78
ORD-100468,2022-10-14,2022-10-18,CUST-1479,Karan Reddy,50.0,Male,Corporate,North,Uttar Pradesh,Technology,Phones,Budget Smartphone S5,1893.86,6,0.1,312.42
ORD-100469,2024-12-09,2024-12-15,CUST-7785,Sanjay Nair,29.0,Male,Home Office,East,West Bengal,Furniture,Bookcases,5-Shelf Bookcase,922.05,2,0.2,57.36
ORD-100470,2022-01-17,2022-01-22,CUST-9295,Anita Singh,28.0,Female,Corporate,West,Rajasthan,Technology,Copiers,Compact Copier,2506.64,7,0.0,901.35
ORD-100471,2024-12-13,2024-12-20,CUST-3173,Sanjay Reddy,37.0,Male,Consumer,West,Maharashtra,Furniture,Bookcases,5-Shelf Bookcase,2331.88,7,0.2,264.02
ORD-100472,2022-03-02,2022-03-04,CUST-6134,Priya Joshi,32.0,Female,Consumer,South,Kerala,Office Supplies,Paper,Sticky Notes Pack,149.27,3,0.0,37.47
ORD-100473,2024-10-15,2024-10-16,CUST-7744,Priya Patel,37.0,Female,Home Office,East,Bihar,Furniture,Chairs,Ergo Mesh Office Chair,1920.53,5,0.1,670.48
ORD-100474,2023-09-12,2023-09-18,CUST-7799,Sanjay Iyer,33.0,Male,Corporate,West,Gujarat,Office Supplies,Paper,Sticky Notes Pack,124.03,5,0.0,49.62
ORD-100475,2024-12-27,2025-01-01,CUST-7707,Meera Joshi,18.0,Female,Consumer,West,Maharashtra,Furniture,Chairs,Executive Leather Chair,2655.66,6,0.0,836.06
ORD-100476,2022-04-11,2022-04-13,CUST-5317,Rohan Sharma,40.0,Male,Consumer,East,Odisha,Office Supplies,Storage,File Cabinet,77.42,5,0.2,0.14
ORD-100477,2023-10-11,2023-10-17,CUST-3763,Rahul Sharma,47.0,Male,Home Office,North,Delhi,Office Supplies,Paper,A4 Copy Paper Ream,153.26,5,0.4,-1.62
ORD-100478,2024-12-13,2024-12-17,CUST-9651,Priya Gupta,42.0,Female,Consumer,South,Tamil Nadu,Office Supplies,Envelopes,Window Envelopes,279.61,4,0.0,91.83
ORD-100479,2023-09-07,2023-09-11,CUST-9295,Anita Singh,28.0,Female,Home Office,North,Uttar Pradesh,Furniture,Chairs,Foldable Study Chair,799.43,7,0.0,330.9
ORD-100480,2023-12-09,2023-12-14,CUST-5909,Rohan Patel,22.0,Male,Consumer,East,West Bengal,Technology,Copiers,Compact Copier,422.64,4,0.4,-18.09
ORD-100481,2024-02-11,2024-02-18,CUST-4501,Priya Mehta,36.0,Female,Consumer,North,Uttar Pradesh,Furniture,Tables,Glass Coffee Table,1778.27,3,0.2,19.01
ORD-100482,2023-06-10,2023-06-12,CUST-4894,Rahul Singh,35.0,Male,Consumer,East,Bihar,Office Supplies,Binders,Clip Binder,318.93,7,0.1,36.94
ORD-100483,2023-12-08,2023-12-12,CUST-5909,Rohan Patel,22.0,Male,Consumer,South,Tamil Nadu,Furniture,Chairs,Executive Leather Chair,345.18,3,0.4,-10.84
ORD-100484,2023-11-08,2023-11-13,CUST-5317,Rohan Sharma,44.0,Male,Consumer,North,Uttar Pradesh,Technology,Accessories,Wireless Mouse,3233.58,4,0.1,864.03
ORD-100485,2024-10-25,2024-10-29,CUST-6134,Priya Joshi,31.0,Female,Home Office,South,Karnataka,Technology,Accessories,Webcam HD,288.69,3,0.1,42.64
ORD-100486,2022-03-05,2022-03-09,CUST-6774,Shreya Singh,29.0,Female,Home Office,Central,Chhattisgarh,Office Supplies,Storage,Desk Organizer,107.74,6,0.3,-0.81
ORD-100487,2022-11-30,2022-12-06,CUST-9651,Priya Gupta,40.0,Female,Corporate,East,Odisha,Furniture,Furnishings,Wall Clock,1972.72,6,0.0,544.93
ORD-100488,2024-12-01,2024-12-07,CUST-7936,Rahul Reddy,21.0,Male,Home Office,West,Rajasthan,Technology,Machines,Laser Printer,6015.0,7,0.1,1325.34
ORD-100489,2024-10-14,2024-10-18,CUST-6850,Priya Sharma,52.0,Female,Consumer,Central,Madhya Pradesh,Technology,Copiers,Compact Copier,849.9,6,0.1,201.71
ORD-100490,2023-06-11,2023-06-14,CUST-1835,Ritu Gupta,49.0,Female,Corporate,North,Uttar Pradesh,Furniture,Bookcases,Corner Bookcase,475.03,3,0.2,26.02
ORD-100491,2023-12-03,2023-12-09,CUST-1151,Shreya Verma,51.0,Female,Consumer,East,Bihar,Technology,Copiers,Office Copier 200,499.79,2,0.0,133.41
ORD-100492,2022-11-27,2022-11-29,CUST-7688,Meera Iyer,44.0,Female,Consumer,West,Rajasthan,Office Supplies,Labels,Shipping Labels,112.19,6,0.2,4.24
ORD-100493,2022-09-05,2022-09-10,CUST-6402,Sanjay Joshi,27.0,Male,Consumer,North,Punjab,Furniture,Furnishings,Table Lamp,542.89,2,0.2,85.58
ORD-100494,2023-06-21,2023-06-26,CUST-6402,Sanjay Joshi,27.0,Male,Corporate,Central,Chhattisgarh,Office Supplies,Envelopes,Mailing Envelopes,407.69,7,0.1,80.85
ORD-100495,2023-01-28,2023-02-04,CUST-9484,Amit Gupta,26.0,Male,Consumer,North,Haryana,Office Supplies,Labels,Address Labels,61.74,2,0.0,27.07
ORD-100496,2023-11-07,2023-11-09,CUST-4749,Meera Nair,30.0,Female,Consumer,Central,Madhya Pradesh,Technology,Machines,3D Printer Mini,658.03,3,0.1,70.19
ORD-100497,2022-04-16,2022-04-18,CUST-9484,Amit Gupta,28.0,Male,Home Office,North,Uttar Pradesh,Technology,Machines,Laser Printer,3695.0,5,0.0,1135.99
ORD-100498,2024-12-16,2024-12-18,CUST-1307,Anjali Reddy,18.0,Female,Consumer,North,Punjab,Office Supplies,Envelopes,Mailing Envelopes,275.87,4,0.0,120.02
ORD-100499,2024-12-23,2024-12-30,CUST-7799,Sanjay Iyer,33.0,Male,Corporate,West,Gujarat,Furniture,Tables,Adjustable Standing Desk,413.71,1,0.0,
ORD-100500,2024-02-14,2024-02-16,CUST-7210,Arjun Reddy,42.0,Male,Corporate,West,Gujarat,Technology,Machines,Label Maker,543.92,2,0.3,39.83
ORD-100501,2023-09-22,2023-09-23,CUST-6774,Shreya Singh,29.0,Female,Consumer,West,Rajasthan,Furniture,Bookcases,5-Shelf Bookcase,171.54,1,0.0,56.62
ORD-100502,2022-12-17,2022-12-24,CUST-7799,Sanjay Iyer,31.0,Male,Consumer,West,Gujarat,Office Supplies,Art,Sketch Pad,221.18,7,0.2,15.25
ORD-100503,2024-07-13,2024-07-18,CUST-8432,Rahul Kapoor,34.0,Male,Corporate,Central,Madhya Pradesh,Furniture,Furnishings,Curtain Set,1092.0,4,0.15,105.54
ORD-100504,2024-01-26,2024-01-27,CUST-4988,Shreya Reddy,29.0,Female,Consumer,East,Odisha,Office Supplies,Paper,Notebook Set,196.78,3,0.1,32.33
ORD-100505,2022-08-04,2022-08-11,CUST-4749,Meera Nair,31.0,Female,Corporate,South,Tamil Nadu,Furniture,Chairs,Executive Leather Chair,3140.75,6,0.3,315.95
ORD-100506,2024-11-03,2024-11-07,CUST-1835,Ritu Gupta,46.0,Female,Consumer,North,Haryana,Technology,Copiers,Compact Copier,484.78,2,,75.25
ORD-100507,2024-07-25,2024-07-29,CUST-2604,Rohan Gupta,27.0,Male,Home Office,West,Gujarat,Furniture,Chairs,Executive Leather Chair,1513.24,6,0.2,291.35
ORD-100508,2024-12-01,2024-12-06,CUST-2604,Rohan Gupta,29.0,Male,Corporate,South,Karnataka,Technology,Phones,Cordless Landline,116.92,2,0.3,4.95
ORD-100509,2024-03-23,2024-03-27,CUST-3817,Anjali Nair,23.0,Female,Corporate,North,Uttar Pradesh,Furniture,Chairs,Ergo Mesh Office Chair,2106.76,4,0.15,169.49
ORD-100510,2023-11-29,2023-12-01,CUST-6937,Karan Reddy,21.0,Male,Home Office,East,Odisha,Office Supplies,Art,Sketch Pad,87.41,5,0.0,24.17
ORD-100511,2023-04-26,2023-05-03,CUST-4894,Rahul Singh,36.0,Male,Consumer,East,Odisha,Technology,Phones,Smartphone X12,2015.39,3,,676.87
ORD-100512,2024-11-18,2024-11-19,CUST-8318,Karan Joshi,23.0,Male,Corporate,West,Gujarat,Furniture,Bookcases,5-Shelf Bookcase,3358.84,7,0.15,883.03
ORD-100513,2024-09-18,2024-09-20,CUST-7688,Meera Iyer,40.0,Female,Home Office,Central,Chhattisgarh,Office Supplies,Envelopes,Mailing Envelopes,355.79,5,0.3,18.25
ORD-100514,2022-03-05,2022-03-09,CUST-9799,Vivek Reddy,45.0,Male,Home Office,East,West Bengal,Office Supplies,Labels,Address Labels,9.12,1,0.2,1.68
ORD-100515,2022-02-06,2022-02-12,CUST-3817,Anjali Nair,22.0,Female,Consumer,West,Rajasthan,Office Supplies,Binders,View Binder,143.73,3,0.2,12.34
ORD-100516,2023-03-03,2023-03-04,CUST-8056,Priya Patel,18.0,Female,Consumer,North,Delhi,Office Supplies,Envelopes,Mailing Envelopes,75.53,5,0.1,25.16
ORD-100517,2024-07-09,2024-07-11,CUST-5067,Suresh Patel,49.0,Male,Home Office,West,Rajasthan,Office Supplies,Binders,3-Ring Binder,191.54,6,0.0,73.65
ORD-100518,2024-12-24,2024-12-31,CUST-6368,Manish Sharma,38.0,Male,Corporate,South,Telangana,Technology,Copiers,Office Copier 200,356.4,3,0.2,72.46
ORD-100519,2022-07-18,2022-07-23,CUST-2546,Manish Gupta,53.0,Male,Consumer,East,Bihar,Office Supplies,Envelopes,Mailing Envelopes,424.26,7,0.2,29.09
ORD-100520,2023-11-15,2023-11-17,CUST-4988,Shreya Reddy,25.0,Female,Corporate,North,Haryana,Office Supplies,Paper,A4 Copy Paper Ream,110.53,6,0.1,23.85
ORD-100521,2023-03-08,2023-03-14,CUST-6057,Vivek Singh,21.0,Male,Home Office,South,Telangana,Furniture,Tables,Oak Dining Table,1461.33,7,0.3,53.7
ORD-100522,2024-12-13,2024-12-17,CUST-4749,Meera Nair,34.0,Female,Consumer,West,Maharashtra,Technology,Accessories,USB-C Hub,443.24,2,0.1,49.13
ORD-100523,2024-08-20,2024-08-21,CUST-2604,Rohan Gupta,29.0,Male,Consumer,North,Uttar Pradesh,Technology,Accessories,Webcam HD,5248.1,7,0.2,334.38
ORD-100524,2024-08-15,2024-08-20,CUST-2604,Rohan Gupta,26.0,Male,Consumer,East,Bihar,Furniture,Bookcases,5-Shelf Bookcase,2925.03,7,0.1,499.92
ORD-100525,2023-06-28,2023-06-29,CUST-7210,Arjun Reddy,42.0,Male,Consumer,South,Telangana,Technology,Copiers,Compact Copier,3776.82,6,0.0,1303.16
ORD-100526,2023-04-21,2023-04-26,CUST-1835,Ritu Gupta,46.0,Female,Corporate,South,Kerala,Technology,Phones,Budget Smartphone S5,462.9,1,0.0,151.31
ORD-100527,2022-11-24,2022-12-01,CUST-8442,Ritu Sharma,31.0,Female,Consumer,East,West Bengal,Furniture,Tables,Adjustable Standing Desk,360.93,2,0.0,115.51
ORD-100528,2022-03-19,2022-03-20,CUST-4501,Priya Mehta,36.0,Female,Home Office,South,Tamil Nadu,Furniture,Furnishings,Area Rug,321.78,4,0.15,16.5
ORD-100529,2024-09-16,2024-09-20,CUST-4880,Aditya Patel,26.0,Male,Corporate,East,Bihar,Office Supplies,Paper,Sticky Notes Pack,427.3,6,0.0,156.48
ORD-100530,2024-07-12,2024-07-19,CUST-1835,Ritu Gupta,47.0,Female,Consumer,East,West Bengal,Furniture,Chairs,Executive Leather Chair,2769.26,6,0.0,946.97
ORD-100531,2024-12-31,2025-01-07,CUST-8056,Priya Patel,18.0,Female,Consumer,South,Kerala,Office Supplies,Binders,View Binder,390.03,7,0.4,-35.99
ORD-100532,2024-12-29,2025-01-03,CUST-8056,Priya Patel,18.0,Female,Consumer,West,Maharashtra,Furniture,Furnishings,Curtain Set,493.1,1,0.3,60.7
ORD-100533,2023-10-13,2023-10-16,CUST-8076,Nikhil Patel,54.0,Male,Consumer,South,Kerala,Furniture,Chairs,Foldable Study Chair,1899.52,7,0.15,303.62
ORD-100534,2024-05-17,2024-05-18,CUST-6468,Manish Gupta,57.0,Male,Consumer,West,Rajasthan,Technology,Phones,Budget Smartphone S5,2588.93,5,0.0,828.82
ORD-100535,2024-11-27,2024-11-28,CUST-5336,Isha Iyer,29.0,Female,Consumer,South,Telangana,Office Supplies,Paper,Sticky Notes Pack,168.9,5,0.0,55.47
ORD-100536,2024-08-30,2024-09-01,CUST-7539,Pooja Sharma,25.0,Female,Consumer,South,Karnataka,Office Supplies,Binders,View Binder,28.62,1,0.0,7.32
ORD-100537,2022-11-05,2022-11-10,CUST-2360,Nikhil Reddy,47.0,Male,Consumer,West,Rajasthan,Technology,Accessories,USB-C Hub,3787.5,6,0.0,1414.2
ORD-100538,2023-06-04,2023-06-10,CUST-7697,Aditya Reddy,18.0,Male,Consumer,South,Karnataka,Technology,Phones,Cordless Landline,2011.13,5,0.2,392.63
ORD-100539,2022-06-20,2022-06-23,CUST-8442,Ritu Sharma,33.0,Female,Consumer,West,Rajasthan,Furniture,Bookcases,5-Shelf Bookcase,1304.02,6,0.0,455.1
ORD-100540,2024-12-03,2024-12-07,CUST-4880,Aditya Patel,27.0,Male,Home Office,South,Tamil Nadu,Technology,Phones,Cordless Landline,2591.89,3,0.15,420.19
ORD-100541,2023-11-24,2023-11-26,CUST-9405,Shreya Iyer,18.0,Female,Consumer,South,Tamil Nadu,Technology,Copiers,Office Copier 200,1292.73,3,0.1,383.47
ORD-100542,2022-10-19,2022-10-22,CUST-4726,Rahul Singh,28.0,Male,Corporate,North,Delhi,Technology,Copiers,Office Copier 200,138.61,1,0.15,28.81
ORD-100543,2024-01-08,2024-01-13,CUST-5311,Neha Verma,47.0,Female,Home Office,South,Karnataka,Office Supplies,Envelopes,Window Envelopes,197.28,3,0.0,87.28
ORD-100544,2023-12-02,2023-12-05,CUST-4726,Rahul Singh,,Male,Consumer,South,Telangana,Office Supplies,Storage,Storage Box Set,76.05,1,0.0,33.99
ORD-100545,2023-02-04,2023-02-11,CUST-7697,Aditya Reddy,18.0,Male,Consumer,North,Uttar Pradesh,Office Supplies,Art,Marker Set,16.51,1,0.2,1.5
ORD-100546,2022-05-30,2022-05-31,CUST-4266,Sneha Nair,31.0,Female,Consumer,Central,Chhattisgarh,Technology,Phones,Budget Smartphone S5,2790.93,4,0.0,742.22
ORD-100547,2024-01-08,2024-01-15,CUST-6363,Rahul Reddy,35.0,Male,Corporate,Central,Chhattisgarh,Office Supplies,Paper,A4 Copy Paper Ream,17.15,3,0.0,7.45
ORD-100548,2023-09-04,2023-09-05,CUST-8432,Rahul Kapoor,32.0,Male,Home Office,West,Maharashtra,Technology,Copiers,Compact Copier,786.48,1,0.0,348.27
ORD-100549,2024-05-21,2024-05-23,CUST-6082,Neha Joshi,61.0,Female,Consumer,West,Gujarat,Furniture,Furnishings,Wall Clock,389.13,2,0.0,104.43
ORD-100550,2023-09-04,2023-09-09,CUST-3817,Anjali Nair,24.0,Female,Corporate,North,Uttar Pradesh,Office Supplies,Art,Sketch Pad,66.16,4,0.3,4.57
ORD-100551,2024-09-02,2024-09-07,CUST-6799,Rohan Patel,59.0,Male,Consumer,South,Kerala,Technology,Machines,Laser Printer,724.67,3,0.3,49.08
ORD-100552,2023-10-09,2023-10-12,CUST-4501,Priya Mehta,39.0,Female,Consumer,North,Delhi,Office Supplies,Art,Marker Set,368.12,7,0.15,58.33
ORD-100553,2023-10-18,2023-10-20,CUST-7539,Pooja Sharma,28.0,Female,Corporate,East,Bihar,Furniture,Tables,Round Side Table,2464.55,5,0.0,632.18
ORD-100554,2024-09-30,2024-10-05,CUST-9143,Nikhil Verma,26.0,Male,Consumer,North,Delhi,Office Supplies,Labels,Address Labels,230.65,7,0.3,22.22
ORD-100555,2023-04-06,2023-04-12,CUST-4139,Anjali Kapoor,35.0,Female,Consumer,North,Delhi,Office Supplies,Art,Sketch Pad,198.88,6,0.0,69.52
ORD-100556,2022-06-26,2022-07-02,CUST-8072,Aditya Gupta,,Male,Home Office,East,Bihar,Office Supplies,Binders,View Binder,79.37,5,0.2,9.7
ORD-100557,2022-02-10,2022-02-17,CUST-4888,Ritu Joshi,38.0,Female,Consumer,South,Tamil Nadu,Furniture,Furnishings,Area Rug,1524.81,6,0.0,634.42
ORD-100558,2024-04-30,2024-05-01,CUST-8076,Nikhil Patel,53.0,Male,Consumer,West,Gujarat,Furniture,Bookcases,5-Shelf Bookcase,2428.53,5,,355.43
ORD-100559,2023-12-04,2023-12-07,CUST-6723,Nikhil Nair,44.0,Male,Consumer,South,Tamil Nadu,Technology,Copiers,Compact Copier,3082.86,7,0.2,264.95
ORD-100560,2024-02-23,2024-02-27,CUST-2634,Rohan Joshi,18.0,Male,Consumer,West,Gujarat,Technology,Phones,Budget Smartphone S5,2173.85,3,0.0,929.53
ORD-100561,2022-10-03,2022-10-04,CUST-8406,Pooja Sharma,21.0,Female,Consumer,South,Telangana,Furniture,Tables,Adjustable Standing Desk,2373.26,7,0.3,41.12
ORD-100562,2022-06-29,2022-07-01,CUST-8072,Aditya Gupta,30.0,Male,Consumer,East,Odisha,Technology,Accessories,USB-C Hub,3836.3,6,0.1,876.62
ORD-100563,2022-01-20,2022-01-25,CUST-4888,Ritu Joshi,37.0,Female,Home Office,West,Rajasthan,Furniture,Chairs,Executive Leather Chair,476.02,2,0.0,125.28
ORD-100564,2023-01-24,2023-01-25,CUST-9405,Shreya Iyer,18.0,Female,Home Office,West,Gujarat,Office Supplies,Labels,Shipping Labels,164.34,7,0.2,6.33
ORD-100565,2023-11-12,2023-11-16,CUST-4266,Sneha Nair,32.0,Female,Corporate,West,Rajasthan,Furniture,Chairs,Executive Leather Chair,1424.29,3,0.3,70.7
ORD-100566,2023-03-23,2023-03-27,CUST-4266,Sneha Nair,34.0,Female,Home Office,East,Odisha,Office Supplies,Storage,File Cabinet,413.33,6,0.0,107.18
ORD-100567,2023-05-19,2023-05-25,CUST-6363,Rahul Reddy,37.0,Male,Home Office,North,Punjab,Office Supplies,Labels,Address Labels,555.1,7,0.1,144.74
ORD-100568,2024-10-28,2024-10-30,CUST-4552,Karan Joshi,43.0,Male,Corporate,East,Odisha,Office Supplies,Storage,Desk Organizer,33.92,1,0.3,4.48
ORD-100569,2023-01-21,2023-01-22,CUST-9143,Nikhil Verma,25.0,Male,Corporate,North,Delhi,Technology,Machines,3D Printer Mini,1845.31,7,0.2,256.5
ORD-100570,2023-08-27,2023-08-30,CUST-4482,Sanjay Reddy,33.0,Male,Consumer,East,Odisha,Technology,Phones,Cordless Landline,1900.21,4,0.4,62.41
ORD-100571,2024-06-04,2024-06-05,CUST-7462,Meera Gupta,32.0,Female,Home Office,East,Bihar,Office Supplies,Labels,Address Labels,32.32,1,0.0,14.07
ORD-100572,2023-03-29,2023-04-04,CUST-4552,Karan Joshi,41.0,Male,Consumer,North,Delhi,Technology,Accessories,Webcam HD,2497.95,6,0.0,531.07
ORD-100573,2023-12-05,2023-12-12,CUST-9405,Shreya Iyer,18.0,Female,Home Office,North,Delhi,Furniture,Tables,Oak Dining Table,2347.67,5,0.2,322.12
ORD-100574,2024-09-13,2024-09-17,CUST-4552,Karan Joshi,40.0,Male,Consumer,West,Maharashtra,Technology,Copiers,Office Copier 200,3562.95,4,0.15,376.58
ORD-100575,2024-12-01,2024-12-03,CUST-5807,Nikhil Mehta,38.0,Male,Consumer,North,Uttar Pradesh,Office Supplies,Labels,Shipping Labels,54.74,6,0.0,13.44
ORD-100576,2022-07-13,2022-07-15,CUST-4552,Karan Joshi,44.0,Male,Consumer,North,Delhi,Technology,Copiers,Compact Copier,934.77,5,0.0,395.84
ORD-100577,2024-11-14,2024-11-17,CUST-6552,Meera Mehta,36.0,Female,Consumer,East,Bihar,Technology,Copiers,Office Copier 200,4032.53,5,0.2,278.73
ORD-100578,2023-07-30,2023-08-01,CUST-3338,Neha Nair,56.0,Female,Consumer,South,Karnataka,Office Supplies,Envelopes,Mailing Envelopes,209.03,4,0.0,
ORD-100579,2022-11-13,2022-11-19,CUST-4308,Divya Joshi,44.0,Female,Consumer,East,Bihar,Office Supplies,Paper,Notebook Set,290.71,6,0.2,50.84
ORD-100580,2023-06-16,2023-06-22,CUST-7609,Manish Gupta,41.0,Male,Corporate,North,Haryana,Office Supplies,Art,Colored Pencils,79.15,7,0.3,4.88
ORD-100581,2024-12-19,2024-12-25,CUST-2870,Shreya Mehta,27.0,Female,Corporate,North,Delhi,Furniture,Furnishings,Curtain Set,3199.73,6,0.15,443.89
ORD-100582,2023-07-31,2023-08-02,CUST-6605,Pooja Mehta,31.0,Female,Consumer,West,Rajasthan,Office Supplies,Envelopes,Mailing Envelopes,239.29,6,0.2,18.55
ORD-100583,2022-12-29,2022-12-31,CUST-5104,Isha Patel,34.0,Female,Consumer,North,Haryana,Office Supplies,Storage,Desk Organizer,47.58,2,0.2,10.25
ORD-100584,2023-12-11,2023-12-17,CUST-4308,Divya Joshi,42.0,Female,Consumer,North,Delhi,Technology,Phones,Smartphone X12,2582.25,6,0.0,867.39
ORD-100585,2022-10-30,2022-11-01,CUST-4909,Divya Verma,26.0,Female,Consumer,Central,Madhya Pradesh,Furniture,Tables,Round Side Table,884.51,6,0.1,279.84
ORD-100586,2022-04-14,2022-04-16,CUST-5723,Rohan Kapoor,22.0,Male,Corporate,Central,Madhya Pradesh,Office Supplies,Paper,Sticky Notes Pack,287.82,7,0.0,82.02
ORD-100587,2022-06-19,2022-06-23,CUST-1246,Nikhil Kapoor,40.0,Male,Corporate,South,Kerala,Furniture,Furnishings,Area Rug,1234.96,5,0.3,141.94
ORD-100588,2022-06-18,2022-06-19,CUST-4909,Divya Verma,27.0,Female,Corporate,North,Delhi,Office Supplies,Binders,Clip Binder,20.35,1,0.3,2.25
ORD-100589,2022-07-20,2022-07-25,CUST-9405,Shreya Iyer,19.0,Female,Consumer,South,Telangana,Technology,Copiers,Office Copier 200,361.7,6,0.0,107.8
ORD-100590,2022-07-02,2022-07-04,CUST-1701,Manish Reddy,35.0,Male,Home Office,North,Delhi,Office Supplies,Paper,Notebook Set,279.7,6,0.15,50.84
ORD-100591,2023-12-16,2023-12-21,CUST-3463,Neha Reddy,31.0,Female,Consumer,South,Karnataka,Furniture,Chairs,Ergo Mesh Office Chair,2058.45,4,0.1,510.08
ORD-100592,2022-08-28,2022-09-04,CUST-1701,Manish Reddy,37.0,Male,Home Office,South,Tamil Nadu,Office Supplies,Labels,Address Labels,154.38,4,0.15,26.42
ORD-100593,2023-01-18,2023-01-23,CUST-1777,Rahul Kapoor,42.0,Male,Consumer,South,Kerala,Furniture,Furnishings,Area Rug,1137.33,4,0.3,26.61
ORD-100594,2024-10-20,2024-10-24,CUST-4778,Rahul Kapoor,43.0,Male,Home Office,West,Gujarat,Technology,Accessories,Mechanical Keyboard,1557.95,5,0.0,443.49
ORD-100595,2023-07-05,2023-07-07,CUST-4302,Amit Nair,40.0,Male,Home Office,North,Uttar Pradesh,Office Supplies,Art,Sketch Pad,127.66,3,0.1,33.19
ORD-100596,2024-01-02,2024-01-08,CUST-4302,Amit Nair,41.0,Male,Consumer,North,Punjab,Office Supplies,Labels,Shipping Labels,235.85,4,0.1,24.57
ORD-100597,2022-08-16,2022-08-21,CUST-1367,Isha Kapoor,40.0,Female,Consumer,East,West Bengal,Furniture,Furnishings,Area Rug,219.53,1,0.2,17.41
ORD-100598,2022-09-10,2022-09-12,CUST-7383,Shreya Sharma,52.0,Female,Home Office,North,Punjab,Office Supplies,Paper,Notebook Set,62.36,7,0.0,18.78
ORD-100599,2022-02-27,2022-03-02,CUST-1803,Amit Sharma,43.0,Male,Consumer,North,Delhi,Furniture,Bookcases,Ladder Bookshelf,2745.17,5,,371.05
ORD-100600,2022-08-12,2022-08-19,CUST-8038,Aditya Gupta,38.0,Male,Home Office,South,Telangana,Office Supplies,Labels,Shipping Labels,235.36,3,0.4,-15.41
ORD-100601,2022-11-28,2022-12-04,CUST-2360,Nikhil Reddy,49.0,Male,Consumer,North,Punjab,Office Supplies,Art,Colored Pencils,552.37,7,0.2,121.27
ORD-100602,2022-08-22,2022-08-25,CUST-3511,Suresh Mehta,23.0,Male,Home Office,East,West Bengal,Office Supplies,Envelopes,Window Envelopes,21.57,1,0.1,6.61
ORD-100603,2022-04-30,2022-05-03,CUST-8038,Aditya Gupta,39.0,Male,Home Office,North,Punjab,Office Supplies,Paper,A4 Copy Paper Ream,101.16,3,0.2,19.71
ORD-100604,2022-06-09,2022-06-14,CUST-6372,Priya Joshi,48.0,Female,Home Office,Central,Chhattisgarh,Office Supplies,Storage,Desk Organizer,222.46,7,0.0,63.96
ORD-100605,2023-06-18,2023-06-21,CUST-7587,Arjun Mehta,40.0,Male,Corporate,North,Uttar Pradesh,Office Supplies,Binders,3-Ring Binder,116.09,6,0.0,45.44
ORD-100606,2022-09-26,2022-09-30,CUST-1544,Aditya Joshi,40.0,Male,Consumer,East,West Bengal,Office Supplies,Envelopes,Mailing Envelopes,157.89,3,0.2,30.2
ORD-100607,2023-02-13,2023-02-17,CUST-8288,Vivek Kapoor,34.0,Male,Home Office,North,Haryana,Technology,Accessories,Mechanical Keyboard,4639.25,7,0.0,1363.48
ORD-100608,2023-08-14,2023-08-19,CUST-1407,Shreya Kapoor,18.0,Female,Corporate,Central,Madhya Pradesh,Office Supplies,Art,Sketch Pad,133.83,2,0.3,1.13
ORD-100609,2024-02-03,2024-02-05,CUST-5424,Rahul Singh,37.0,Male,Home Office,North,Haryana,Furniture,Bookcases,Ladder Bookshelf,431.92,1,0.4,-33.46
ORD-100610,2022-02-25,2022-02-26,CUST-4909,Divya Verma,28.0,Female,Corporate,East,Bihar,Office Supplies,Binders,3-Ring Binder,243.75,5,0.0,104.13
ORD-100611,2024-06-24,2024-06-26,CUST-8670,Divya Verma,41.0,Female,Corporate,West,Rajasthan,Furniture,Chairs,Foldable Study Chair,929.69,4,0.0,330.06
ORD-100612,2023-12-08,2023-12-10,CUST-6372,Priya Joshi,48.0,Female,Consumer,West,Rajasthan,Technology,Phones,Smartphone X12,543.88,1,0.0,136.12
ORD-100613,2022-04-21,2022-04-23,CUST-8471,Vikram Reddy,24.0,Male,Consumer,West,Gujarat,Office Supplies,Envelopes,Window Envelopes,71.87,1,0.15,7.44
ORD-100614,2024-09-26,2024-09-28,CUST-4522,Priya Singh,32.0,Female,Consumer,South,Telangana,Technology,Accessories,Webcam HD,1365.78,5,0.0,440.55
ORD-100615,2024-11-10,2024-11-16,CUST-1407,Shreya Kapoor,18.0,Female,Home Office,South,Telangana,Office Supplies,Labels,Shipping Labels,179.01,4,0.0,58.46
ORD-100616,2022-03-25,2022-03-26,CUST-4232,Manish Patel,23.0,Male,Consumer,East,Odisha,Office Supplies,Binders,3-Ring Binder,233.03,4,0.15,60.42
ORD-100617,2022-11-27,2022-12-03,CUST-3181,Anjali Rao,38.0,Female,Corporate,South,Telangana,Furniture,Tables,Round Side Table,2020.47,5,0.15,316.37
ORD-100618,2024-07-03,2024-07-06,CUST-3181,Anjali Rao,35.0,Female,Consumer,North,Uttar Pradesh,Technology,Phones,Budget Smartphone S5,1446.82,5,0.1,470.91
ORD-100619,2024-04-21,2024-04-28,CUST-6082,Neha Joshi,61.0,Female,Corporate,South,Karnataka,Technology,Machines,Label Maker,2975.87,5,0.15,151.32
ORD-100620,2022-09-01,2022-09-03,CUST-5731,Priya Singh,31.0,Female,Consumer,Central,Madhya Pradesh,Furniture,Tables,Oak Dining Table,1738.88,6,0.0,516.22
ORD-100621,2022-09-30,2022-10-07,CUST-9885,Ritu Patel,49.0,Female,Home Office,East,Bihar,Technology,Machines,Label Maker,3859.03,7,0.0,1127.95
ORD-100622,2023-02-22,2023-02-26,CUST-1407,Shreya Kapoor,18.0,Female,Home Office,Central,Chhattisgarh,Office Supplies,Binders,3-Ring Binder,50.53,1,0.2,0.51
ORD-100623,2023-07-19,2023-07-24,CUST-1882,Sanjay Gupta,22.0,Male,Consumer,Central,Madhya Pradesh,Furniture,Furnishings,Wall Clock,411.87,3,0.0,82.49
ORD-100624,2023-12-02,2023-12-07,CUST-3181,Anjali Rao,39.0,Female,Consumer,South,Kerala,Furniture,Bookcases,Ladder Bookshelf,2512.61,6,0.0,662.61
ORD-100625,2023-02-20,2023-02-26,CUST-9143,Nikhil Verma,28.0,Male,Consumer,Central,Chhattisgarh,Office Supplies,Binders,Clip Binder,296.64,5,0.1,31.3
ORD-100626,2023-06-20,2023-06-26,CUST-8288,Vivek Kapoor,33.0,Male,Consumer,West,Gujarat,Technology,Copiers,Compact Copier,3949.33,6,0.15,440.76
ORD-100627,2024-04-20,2024-04-24,CUST-8288,Vivek Kapoor,32.0,Male,Corporate,North,Uttar Pradesh,Technology,Copiers,Office Copier 200,676.06,3,0.0,294.34
ORD-100628,2022-02-21,2022-02-23,CUST-6429,Anjali Nair,28.0,Female,Consumer,West,Rajasthan,Office Supplies,Labels,Address Labels,71.83,4,0.1,21.13
ORD-100629,2022-11-09,2022-11-16,CUST-3427,Aditya Iyer,36.0,Male,Corporate,West,Gujarat,Furniture,Chairs,Recliner Lounge Chair,3355.85,6,0.0,745.7
ORD-100630,2024-03-07,2024-03-14,CUST-7177,Ritu Iyer,30.0,Female,Consumer,East,Bihar,Office Supplies,Labels,Address Labels,226.84,4,0.2,23.59
ORD-100631,2024-10-19,2024-10-20,CUST-9418,Divya Singh,43.0,Female,Home Office,East,Bihar,Furniture,Tables,Round Side Table,2115.09,4,0.1,542.88
ORD-100632,2023-08-24,2023-08-27,CUST-3427,Aditya Iyer,38.0,Male,Consumer,Central,Chhattisgarh,Technology,Copiers,Compact Copier,3348.18,6,0.0,1503.92
ORD-100633,2023-09-18,2023-09-23,CUST-8288,Vivek Kapoor,32.0,Male,Home Office,South,Tamil Nadu,Furniture,Tables,Round Side Table,3360.51,6,0.0,820.48
ORD-100634,2022-05-23,2022-05-26,CUST-9143,Nikhil Verma,25.0,Male,Consumer,Central,Madhya Pradesh,Office Supplies,Art,Marker Set,144.84,6,0.15,32.36
ORD-100635,2023-05-31,2023-06-01,CUST-2563,Rohan Nair,42.0,Male,Consumer,South,Karnataka,Office Supplies,Envelopes,Mailing Envelopes,159.88,4,0.2,22.76
ORD-100636,2023-09-18,2023-09-24,CUST-8288,Vivek Kapoor,30.0,Male,Consumer,East,West Bengal,Office Supplies,Paper,A4 Copy Paper Ream,161.88,7,0.1,37.73
ORD-100637,2022-11-01,2022-11-08,CUST-4440,Manish Patel,44.0,Male,Consumer,South,Telangana,Office Supplies,Envelopes,Mailing Envelopes,165.14,5,0.2,36.37
ORD-100638,2022-11-21,2022-11-26,CUST-5413,Isha Reddy,38.0,Female,Corporate,Central,Madhya Pradesh,Furniture,Tables,Oak Dining Table,2086.88,5,0.15,471.75
ORD-100639,2023-03-04,2023-03-07,CUST-1717,Shreya Patel,35.0,Female,Consumer,North,Delhi,Office Supplies,Envelopes,Mailing Envelopes,407.76,7,,52.43
ORD-100640,2022-01-28,2022-02-03,CUST-9127,Arjun Singh,58.0,Male,Consumer,East,Odisha,Technology,Machines,Laser Printer,769.6,4,0.1,257.74
ORD-100641,2022-12-25,2022-12-26,CUST-3704,Nikhil Rao,50.0,Male,Corporate,West,Rajasthan,Office Supplies,Storage,File Cabinet,94.3,4,0.2,11.12
ORD-100642,2022-10-02,2022-10-05,CUST-2634,Rohan Joshi,18.0,Male,Home Office,North,Delhi,Furniture,Bookcases,5-Shelf Bookcase,3382.63,6,0.0,1122.4
ORD-100643,2022-12-28,2023-01-04,CUST-6256,Sanjay Nair,39.0,Male,Home Office,West,Rajasthan,Technology,Phones,Cordless Landline,5109.36,6,0.0,1646.64
ORD-100644,2022-06-07,2022-06-09,CUST-5345,Vikram Nair,39.0,Male,Corporate,East,West Bengal,Office Supplies,Storage,Desk Organizer,29.54,3,0.0,10.86
ORD-100645,2024-10-14,2024-10-20,CUST-2634,Rohan Joshi,19.0,Male,Home Office,North,Haryana,Office Supplies,Art,Sketch Pad,297.46,5,0.0,71.33
ORD-100646,2023-11-15,2023-11-16,CUST-3017,Vivek Rao,31.0,Male,Consumer,East,Bihar,Office Supplies,Labels,Address Labels,125.75,7,0.2,21.62
ORD-100647,2024-01-18,2024-01-21,CUST-7438,Meera Joshi,24.0,Female,Consumer,North,Haryana,Furniture,Tables,Adjustable Standing Desk,882.71,4,,151.44
ORD-100648,2024-06-11,2024-06-18,CUST-1956,Aditya Kapoor,29.0,Male,Consumer,West,Gujarat,Furniture,Bookcases,5-Shelf Bookcase,449.08,1,0.0,145.02
ORD-100649,2023-08-07,2023-08-09,CUST-6624,Arjun Reddy,29.0,Male,Corporate,South,Telangana,Office Supplies,Paper,A4 Copy Paper Ream,332.75,5,0.2,63.32
ORD-100650,2022-04-28,2022-04-30,CUST-5037,Vivek Reddy,63.0,Male,Corporate,South,Tamil Nadu,Office Supplies,Paper,Sticky Notes Pack,266.89,4,0.1,47.2
ORD-100651,2023-09-23,2023-09-24,CUST-9418,Divya Singh,44.0,Female,Home Office,North,Haryana,Furniture,Chairs,Recliner Lounge Chair,732.86,5,0.1,164.5
ORD-100652,2023-11-10,2023-11-14,CUST-4709,Isha Reddy,18.0,Female,Consumer,West,Gujarat,Office Supplies,Paper,Notebook Set,462.95,7,0.0,159.54
ORD-100653,2024-04-17,2024-04-24,CUST-5223,Pooja Verma,39.0,Female,Consumer,North,Uttar Pradesh,Technology,Accessories,Wireless Mouse,5136.04,6,0.0,1092.95
ORD-100654,2023-05-12,2023-05-19,CUST-6624,Arjun Reddy,28.0,Male,Consumer,North,Haryana,Office Supplies,Art,Marker Set,203.55,3,0.1,33.66
ORD-100655,2022-06-18,2022-06-23,CUST-8740,Neha Patel,35.0,Female,Consumer,West,Maharashtra,Technology,Machines,Label Maker,4763.79,7,0.0,2111.88
ORD-100656,2022-12-01,2022-12-02,CUST-5263,Manish Kapoor,23.0,Male,Corporate,Central,Madhya Pradesh,Technology,Phones,Budget Smartphone S5,665.59,1,0.0,173.77
ORD-100657,2023-02-11,2023-02-13,CUST-3017,Vivek Rao,31.0,Male,Consumer,East,Odisha,Office Supplies,Envelopes,Mailing Envelopes,53.39,2,0.0,20.55
ORD-100658,2023-12-19,2023-12-21,CUST-9418,Divya Singh,,Female,Corporate,North,Uttar Pradesh,Technology,Machines,Label Maker,4969.97,7,0.1,1027.22
ORD-100659,2023-10-28,2023-10-29,CUST-8549,Anita Kapoor,47.0,Female,Consumer,Central,Chhattisgarh,Office Supplies,Art,Sketch Pad,227.28,4,0.0,90.71
ORD-100660,2023-02-01,2023-02-05,CUST-4630,Sanjay Mehta,18.0,Male,Consumer,South,Tamil Nadu,Furniture,Chairs,Foldable Study Chair,1493.88,4,0.1,286.94
ORD-100661,2024-12-23,2024-12-28,CUST-9985,Anjali Reddy,36.0,Female,Consumer,Central,Madhya Pradesh,Office Supplies,Paper,A4 Copy Paper Ream,55.87,1,0.2,4.86
ORD-100662,2023-11-23,2023-11-26,CUST-5871,Divya Singh,33.0,Female,Corporate,West,Rajasthan,Office Supplies,Storage,Desk Organizer,228.75,4,0.0,51.95
ORD-100663,2022-10-27,2022-10-28,CUST-7438,Meera Joshi,24.0,Female,Home Office,North,Haryana,Office Supplies,Labels,Address Labels,30.01,1,0.0,11.62
ORD-100664,2022-05-16,2022-05-21,CUST-9142,Anjali Mehta,45.0,Female,Home Office,South,Kerala,Furniture,Bookcases,Ladder Bookshelf,421.06,3,0.0,122.84
ORD-100665,2022-07-21,2022-07-28,CUST-5345,Vikram Nair,39.0,Male,Consumer,South,Telangana,Furniture,Bookcases,Ladder Bookshelf,571.78,1,0.1,120.83
ORD-100666,2022-11-04,2022-11-09,CUST-5263,Manish Kapoor,24.0,Male,Home Office,North,Punjab,Office Supplies,Binders,View Binder,57.37,2,0.1,14.12
ORD-100667,2022-08-01,2022-08-07,CUST-3017,Vivek Rao,31.0,Male,Consumer,Central,Madhya Pradesh,Technology,Phones,Cordless Landline,3968.45,7,0.15,821.59
ORD-100668,2022-09-03,2022-09-05,CUST-6082,Neha Joshi,60.0,Female,Home Office,North,Delhi,Technology,Accessories,Webcam HD,4807.43,7,0.15,723.46
ORD-100669,2022-12-02,2022-12-05,CUST-9127,Arjun Singh,58.0,Male,Consumer,North,Haryana,Furniture,Bookcases,5-Shelf Bookcase,907.23,4,0.4,-9.04
ORD-100670,2022-08-17,2022-08-18,CUST-2360,Nikhil Reddy,45.0,Male,Consumer,West,Maharashtra,Technology,Accessories,Mechanical Keyboard,902.63,6,0.15,61.51
ORD-100671,2024-10-20,2024-10-22,CUST-3430,Rohan Gupta,29.0,Male,Consumer,Central,Chhattisgarh,Office Supplies,Paper,Sticky Notes Pack,136.09,4,0.0,37.48
ORD-100672,2022-04-19,2022-04-25,CUST-9142,Anjali Mehta,48.0,Female,Home Office,South,Tamil Nadu,Technology,Copiers,Office Copier 200,210.05,2,0.15,45.7
ORD-100673,2023-09-09,2023-09-15,CUST-9985,Anjali Reddy,35.0,Female,Home Office,South,Telangana,Office Supplies,Labels,Shipping Labels,76.57,3,0.15,11.35
ORD-100674,2023-04-15,2023-04-17,CUST-3430,Rohan Gupta,29.0,Male,Consumer,South,Tamil Nadu,Office Supplies,Labels,Address Labels,264.17,4,0.0,74.78
ORD-100675,2024-12-21,2024-12-25,CUST-4630,Sanjay Mehta,18.0,Male,Consumer,Central,Madhya Pradesh,Technology,Machines,Label Maker,4045.93,7,0.1,1198.19
ORD-100676,2022-05-29,2022-06-03,CUST-6555,Anita Nair,42.0,Female,Consumer,South,Telangana,Office Supplies,Art,Sketch Pad,286.81,5,0.0,120.29
ORD-100677,2023-03-30,2023-03-31,CUST-9142,Anjali Mehta,45.0,Female,Home Office,East,Bihar,Technology,Accessories,Wireless Mouse,1018.4,3,0.0,317.95
ORD-100678,2024-12-13,2024-12-14,CUST-1893,Anjali Gupta,,Female,Consumer,South,Tamil Nadu,Technology,Accessories,Webcam HD,1680.56,6,0.0,645.33
ORD-100679,2024-09-17,2024-09-18,CUST-1778,Anjali Rao,27.0,Female,Consumer,East,Odisha,Technology,Machines,Label Maker,1693.65,2,0.1,591.71
ORD-100680,2024-07-18,2024-07-20,CUST-9127,Arjun Singh,59.0,Male,Consumer,South,Kerala,Office Supplies,Envelopes,Mailing Envelopes,160.93,4,0.0,60.54
ORD-100681,2022-11-13,2022-11-20,CUST-3563,Neha Gupta,18.0,Female,Corporate,South,Tamil Nadu,Office Supplies,Binders,View Binder,487.55,7,0.1,68.4
ORD-100682,2022-08-14,2022-08-18,CUST-5610,Meera Mehta,37.0,Female,Home Office,South,Karnataka,Office Supplies,Labels,Address Labels,217.03,4,0.1,42.1
ORD-100683,2024-01-04,2024-01-07,CUST-8913,Amit Joshi,19.0,Male,Consumer,Central,Madhya Pradesh,Furniture,Tables,Round Side Table,479.71,1,0.0,
ORD-100684,2024-11-16,2024-11-22,CUST-9978,Amit Gupta,26.0,Male,Consumer,South,Tamil Nadu,Furniture,Chairs,Executive Leather Chair,876.89,4,0.0,337.24
ORD-100685,2023-10-14,2023-10-16,CUST-6082,Neha Joshi,64.0,Female,Home Office,West,Maharashtra,Furniture,Furnishings,Area Rug,431.42,1,0.1,116.33
ORD-100686,2023-10-29,2023-11-05,CUST-2605,Rahul Reddy,40.0,Male,Consumer,South,Tamil Nadu,Technology,Accessories,Wireless Mouse,3844.63,5,0.2,397.95
ORD-100687,2022-11-29,2022-12-02,CUST-8803,Arjun Nair,31.0,Male,Corporate,South,Karnataka,Office Supplies,Paper,Notebook Set,53.09,4,0.0,10.98
ORD-100688,2024-05-17,2024-05-23,CUST-6643,Suresh Rao,35.0,Male,Home Office,West,Maharashtra,Furniture,Bookcases,5-Shelf Bookcase,269.12,2,0.15,68.27
ORD-100689,2022-09-04,2022-09-10,CUST-8803,Arjun Nair,31.0,Male,Consumer,North,Punjab,Furniture,Chairs,Ergo Mesh Office Chair,469.65,1,0.4,-48.36
ORD-100690,2022-12-26,2022-12-30,CUST-8715,Rohan Verma,34.0,Male,Corporate,East,Bihar,Furniture,Tables,Adjustable Standing Desk,187.09,1,0.1,36.09
ORD-100691,2023-05-05,2023-05-10,CUST-5778,Suresh Mehta,43.0,Male,Home Office,South,Telangana,Office Supplies,Labels,Address Labels,31.57,6,0.15,5.67
ORD-100692,2023-08-19,2023-08-20,CUST-2938,Ritu Mehta,25.0,Female,Consumer,South,Telangana,Furniture,Tables,Glass Coffee Table,397.41,1,0.15,105.61
ORD-100693,2022-11-01,2022-11-04,CUST-2173,Anjali Nair,50.0,Female,Corporate,North,Uttar Pradesh,Office Supplies,Binders,3-Ring Binder,294.4,5,,58.73
ORD-100694,2022-06-01,2022-06-03,CUST-9978,Amit Gupta,26.0,Male,Consumer,South,Karnataka,Office Supplies,Storage,Desk Organizer,454.6,7,0.1,102.87
ORD-100695,2023-11-27,2023-11-30,CUST-6555,Anita Nair,41.0,Female,Corporate,Central,Madhya Pradesh,Technology,Copiers,Compact Copier,1586.76,6,0.2,140.6
ORD-100696,2022-12-04,2022-12-09,CUST-2691,Sanjay Verma,18.0,Male,Home Office,Central,Chhattisgarh,Office Supplies,Paper,Sticky Notes Pack,100.59,2,0.3,13.08
ORD-100697,2023-11-06,2023-11-07,CUST-6555,Anita Nair,43.0,Female,Corporate,South,Telangana,Office Supplies,Storage,Desk Organizer,60.31,4,0.0,18.76
ORD-100698,2022-07-23,2022-07-26,CUST-6229,Karan Gupta,39.0,Male,Consumer,North,Delhi,Technology,Phones,Budget Smartphone S5,1472.9,4,0.2,198.94
ORD-100699,2023-07-15,2023-07-20,CUST-2560,Shreya Nair,30.0,Female,Consumer,West,Maharashtra,Furniture,Chairs,Foldable Study Chair,582.66,1,0.1,105.85
ORD-100700,2023-09-18,2023-09-20,CUST-7207,Kavita Patel,33.0,Female,Corporate,West,Gujarat,Furniture,Furnishings,Area Rug,443.45,2,,-51.06
ORD-100701,2022-03-14,2022-03-18,CUST-8715,Rohan Verma,32.0,Male,Corporate,East,Odisha,Office Supplies,Art,Marker Set,78.69,1,0.0,24.27
ORD-100702,2023-01-05,2023-01-12,CUST-6229,Karan Gupta,37.0,Male,Consumer,North,Haryana,Technology,Phones,Budget Smartphone S5,501.41,1,0.1,103.08
ORD-100703,2022-06-26,2022-07-02,CUST-6181,Sanjay Reddy,38.0,Male,Corporate,Central,Chhattisgarh,Furniture,Bookcases,5-Shelf Bookcase,2993.13,5,0.0,694.09
ORD-100704,2022-03-28,2022-03-30,CUST-9008,Pooja Nair,37.0,Female,Corporate,Central,Chhattisgarh,Technology,Accessories,Wireless Mouse,1938.39,6,0.3,
ORD-100705,2024-12-25,2024-12-26,CUST-1880,Meera Sharma,33.0,Female,Corporate,West,Rajasthan,Technology,Machines,Label Maker,1362.48,2,0.0,416.64
ORD-100706,2022-12-25,2022-12-31,CUST-2950,Rohan Singh,18.0,Male,Home Office,East,Odisha,Technology,Copiers,Compact Copier,1163.86,7,0.0,509.11
ORD-100707,2024-07-08,2024-07-15,CUST-6774,Arjun Singh,24.0,Male,Consumer,Central,Madhya Pradesh,Office Supplies,Paper,A4 Copy Paper Ream,103.01,5,0.0,33.43
ORD-100708,2022-11-10,2022-11-12,CUST-6774,Arjun Singh,21.0,Male,Consumer,Central,Madhya Pradesh,Technology,Accessories,USB-C Hub,5779.32,7,0.15,974.96
ORD-100709,2024-01-21,2024-01-23,CUST-3917,Amit Sharma,38.0,Male,Consumer,South,Karnataka,Technology,Machines,Label Maker,308.17,6,0.1,97.17
ORD-100710,2024-05-06,2024-05-08,CUST-9751,Karan Verma,42.0,Male,Consumer,West,Gujarat,Office Supplies,Paper,A4 Copy Paper Ream,49.17,1,0.0,14.65
ORD-100711,2023-11-16,2023-11-18,CUST-9978,Amit Gupta,,Male,Consumer,West,Gujarat,Office Supplies,Paper,Notebook Set,7.86,1,0.15,1.13
ORD-100712,2023-07-02,2023-07-08,CUST-7438,Meera Joshi,24.0,Female,Corporate,South,Kerala,Technology,Machines,Laser Printer,2914.96,7,0.1,377.34
ORD-100713,2023-04-17,2023-04-18,CUST-5784,Meera Kapoor,54.0,Female,Consumer,West,Maharashtra,Office Supplies,Paper,A4 Copy Paper Ream,236.26,5,0.0,52.37
ORD-100714,2023-01-22,2023-01-29,CUST-9287,Arjun Patel,49.0,Male,Consumer,South,Karnataka,Office Supplies,Art,Marker Set,118.34,6,0.0,52.81
ORD-100715,2024-11-16,2024-11-21,CUST-1671,Anita Patel,42.0,Female,Consumer,North,Delhi,Furniture,Furnishings,Curtain Set,82.94,1,0.3,-3.83
ORD-100716,2024-08-05,2024-08-08,CUST-1880,Meera Sharma,34.0,Female,Home Office,North,Haryana,Office Supplies,Art,Colored Pencils,117.96,2,0.1,38.23
ORD-100717,2024-12-10,2024-12-14,CUST-3264,Karan Singh,30.0,Male,Home Office,North,Uttar Pradesh,Office Supplies,Labels,Shipping Labels,315.22,6,0.2,13.43
ORD-100718,2022-06-13,2022-06-20,CUST-1671,Anita Patel,,Female,Corporate,Central,Chhattisgarh,Furniture,Bookcases,Ladder Bookshelf,1106.62,5,0.1,156.06
ORD-100719,2024-03-29,2024-04-01,CUST-9142,Anjali Mehta,46.0,Female,Corporate,North,Haryana,Technology,Copiers,Compact Copier,1334.83,4,0.0,276.78
ORD-100720,2024-11-23,2024-11-26,CUST-3917,Amit Sharma,35.0,Male,Corporate,Central,Chhattisgarh,Office Supplies,Binders,Clip Binder,143.09,6,0.1,45.02
ORD-100721,2022-08-28,2022-09-01,CUST-5925,Meera Nair,60.0,Female,Home Office,West,Maharashtra,Office Supplies,Labels,Shipping Labels,46.06,1,0.15,6.36
ORD-100722,2022-04-01,2022-04-08,CUST-8575,Suresh Patel,46.0,Male,Consumer,East,Bihar,Office Supplies,Art,Marker Set,31.54,3,0.3,4.14
ORD-100723,2024-04-11,2024-04-17,CUST-9720,Karan Gupta,38.0,Male,Home Office,West,Maharashtra,Furniture,Chairs,Recliner Lounge Chair,1191.99,5,0.0,323.87
ORD-100724,2023-11-01,2023-11-02,CUST-9751,Karan Verma,44.0,Male,Consumer,Central,Chhattisgarh,Office Supplies,Storage,Desk Organizer,126.6,2,0.1,37.86
ORD-100725,2024-08-19,2024-08-23,CUST-6862,Aditya Iyer,22.0,Male,Home Office,East,West Bengal,Technology,Machines,Laser Printer,3550.59,7,0.0,1046.6
ORD-100726,2022-07-03,2022-07-04,CUST-3921,Pooja Reddy,27.0,Female,Corporate,East,Bihar,Office Supplies,Labels,Shipping Labels,242.57,5,0.0,66.08
ORD-100727,2024-06-19,2024-06-25,CUST-7476,Priya Rao,18.0,Female,Corporate,North,Uttar Pradesh,Office Supplies,Paper,A4 Copy Paper Ream,220.45,3,0.15,51.86
ORD-100728,2022-09-21,2022-09-24,CUST-3586,Vivek Gupta,22.0,Male,Corporate,Central,Chhattisgarh,Technology,Phones,Smartphone X12,1356.24,2,0.15,387.04
ORD-100729,2022-08-05,2022-08-06,CUST-9813,Shreya Kapoor,37.0,Female,Consumer,North,Delhi,Office Supplies,Paper,Notebook Set,53.2,1,0.15,13.55
ORD-100730,2022-08-06,2022-08-12,CUST-3704,Nikhil Rao,50.0,Male,Consumer,North,Haryana,Furniture,Chairs,Recliner Lounge Chair,2080.76,4,0.0,735.03
ORD-100731,2024-07-14,2024-07-20,CUST-9720,Karan Gupta,35.0,Male,Corporate,South,Tamil Nadu,Technology,Machines,Laser Printer,202.33,3,0.0,89.07
ORD-100732,2023-12-31,2024-01-05,CUST-9813,Shreya Kapoor,39.0,Female,Consumer,East,West Bengal,Furniture,Chairs,Ergo Mesh Office Chair,868.35,2,0.0,352.01
ORD-100733,2023-09-07,2023-09-11,CUST-9720,Karan Gupta,37.0,Male,Corporate,East,Bihar,Furniture,Chairs,Ergo Mesh Office Chair,497.66,2,0.3,-21.85
ORD-100734,2023-02-05,2023-02-10,CUST-8137,Pooja Rao,35.0,Female,Home Office,South,Karnataka,Furniture,Tables,Oak Dining Table,2759.11,5,0.0,597.6
ORD-100735,2024-10-01,2024-10-04,CUST-3264,Karan Singh,32.0,Male,Corporate,West,Maharashtra,Office Supplies,Labels,Address Labels,118.4,2,0.0,49.76
ORD-100736,2023-03-23,2023-03-27,CUST-5784,Meera Kapoor,52.0,Female,Corporate,North,Haryana,Office Supplies,Labels,Address Labels,50.79,1,0.0,10.67
ORD-100737,2024-07-17,2024-07-20,CUST-2950,Rohan Singh,18.0,Male,Corporate,East,Odisha,Office Supplies,Paper,Sticky Notes Pack,15.82,1,0.15,3.01
ORD-100738,2023-05-21,2023-05-26,CUST-3157,Amit Iyer,18.0,Male,Corporate,West,Gujarat,Furniture,Bookcases,Ladder Bookshelf,283.01,1,0.3,19.22
ORD-100739,2023-03-03,2023-03-10,CUST-5521,Aditya Rao,37.0,Male,Corporate,North,Uttar Pradesh,Furniture,Chairs,Recliner Lounge Chair,640.13,5,0.2,136.8
ORD-100740,2023-06-20,2023-06-26,CUST-8137,Pooja Rao,37.0,Female,Consumer,East,Bihar,Technology,Machines,3D Printer Mini,1255.32,6,0.0,454.22
ORD-100741,2022-12-12,2022-12-15,CUST-7989,Suresh Iyer,29.0,Male,Consumer,Central,Chhattisgarh,Furniture,Chairs,Executive Leather Chair,519.8,1,0.1,67.22
ORD-100742,2024-04-20,2024-04-24,CUST-5383,Manish Singh,28.0,Male,Consumer,South,Karnataka,Furniture,Tables,Adjustable Standing Desk,225.96,1,0.2,50.78
ORD-100743,2023-08-13,2023-08-17,CUST-1671,Anita Patel,44.0,Female,Corporate,North,Delhi,Technology,Phones,Smartphone X12,1141.93,2,0.0,466.16
ORD-100744,2022-10-22,2022-10-25,CUST-3338,Neha Nair,57.0,Female,Home Office,North,Punjab,Technology,Phones,Cordless Landline,3262.43,5,0.1,953.92
ORD-100745,2024-10-23,2024-10-27,CUST-3918,Aditya Gupta,29.0,Male,Corporate,East,West Bengal,Furniture,Chairs,Executive Leather Chair,1557.91,6,0.2,0.75
ORD-100746,2023-03-12,2023-03-18,CUST-5697,Kavita Mehta,49.0,Female,Consumer,North,Uttar Pradesh,Technology,Machines,3D Printer Mini,131.64,2,0.0,49.69
ORD-100747,2023-10-01,2023-10-08,CUST-4435,Manish Gupta,57.0,Male,Consumer,East,Odisha,Office Supplies,Binders,Clip Binder,54.36,5,0.1,10.23
ORD-100748,2024-10-30,2024-11-05,CUST-9213,Amit Gupta,53.0,Male,Corporate,Central,Chhattisgarh,Furniture,Tables,Round Side Table,124.73,1,0.2,5.21
ORD-100749,2023-12-06,2023-12-10,CUST-3338,Neha Nair,58.0,Female,Consumer,North,Punjab,Furniture,Bookcases,Corner Bookcase,1040.88,5,0.4,-171.0
ORD-100750,2022-06-04,2022-06-07,CUST-5883,Priya Iyer,50.0,Female,Consumer,South,Telangana,Office Supplies,Labels,Shipping Labels,145.79,7,0.3,0.02
ORD-100751,2024-11-24,2024-11-29,CUST-8137,Pooja Rao,37.0,Female,Consumer,East,Bihar,Technology,Accessories,Mechanical Keyboard,454.16,1,0.15,34.42
ORD-100752,2023-12-08,2023-12-12,CUST-1671,Anita Patel,44.0,Female,Consumer,South,Kerala,Technology,Accessories,Mechanical Keyboard,3149.25,5,0.1,928.82
ORD-100753,2023-01-03,2023-01-07,CUST-1899,Kavita Mehta,31.0,Female,Corporate,Central,Madhya Pradesh,Office Supplies,Binders,Clip Binder,274.82,4,0.1,94.48
ORD-100754,2022-07-03,2022-07-07,CUST-1878,Priya Sharma,36.0,Female,Home Office,East,Odisha,Furniture,Bookcases,5-Shelf Bookcase,851.81,2,0.0,225.55
ORD-100755,2024-06-17,2024-06-21,CUST-9180,Ritu Gupta,28.0,Female,Consumer,West,Rajasthan,Furniture,Furnishings,Wall Clock,3926.16,7,0.0,943.68
ORD-100756,2023-12-03,2023-12-06,CUST-7654,Shreya Gupta,22.0,Female,Home Office,East,West Bengal,Office Supplies,Paper,Sticky Notes Pack,110.33,7,0.0,45.77
ORD-100757,2023-09-19,2023-09-24,CUST-3298,Sneha Joshi,50.0,Female,Consumer,North,Delhi,Furniture,Chairs,Executive Leather Chair,2752.93,7,0.2,85.43
ORD-100758,2024-10-17,2024-10-22,CUST-1899,Kavita Mehta,34.0,Female,Home Office,East,West Bengal,Office Supplies,Labels,Address Labels,291.61,7,0.3,-17.97
ORD-100759,2024-06-10,2024-06-11,CUST-3918,Aditya Gupta,28.0,Male,Consumer,East,West Bengal,Office Supplies,Envelopes,Window Envelopes,311.36,4,0.0,115.06
ORD-100760,2022-07-20,2022-07-24,CUST-5521,Aditya Rao,38.0,Male,Consumer,West,Maharashtra,Technology,Machines,Laser Printer,3919.05,5,0.2,879.05
ORD-100761,2022-12-18,2022-12-22,CUST-8768,Aditya Sharma,24.0,Male,Consumer,South,Karnataka,Office Supplies,Binders,View Binder,75.19,4,0.1,9.95
ORD-100762,2022-11-06,2022-11-07,CUST-5521,Aditya Rao,36.0,Male,Corporate,North,Uttar Pradesh,Furniture,Bookcases,Corner Bookcase,1364.55,6,0.2,14.87
ORD-100763,2024-04-15,2024-04-20,CUST-5697,Kavita Mehta,45.0,Female,Corporate,North,Punjab,Technology,Machines,3D Printer Mini,2475.46,5,0.3,317.01
ORD-100764,2022-02-17,2022-02-19,CUST-7248,Sneha Mehta,35.0,Female,Home Office,South,Telangana,Technology,Phones,Budget Smartphone S5,209.36,1,0.15,62.45
ORD-100765,2023-10-27,2023-11-02,CUST-3033,Suresh Rao,27.0,Male,Consumer,South,Karnataka,Office Supplies,Paper,Notebook Set,45.98,2,0.3,5.07
ORD-100766,2024-05-09,2024-05-11,CUST-1899,Kavita Mehta,30.0,Female,Consumer,South,Karnataka,Technology,Phones,Cordless Landline,4862.76,7,0.15,1209.12
ORD-100767,2024-09-30,2024-10-05,CUST-5521,Aditya Rao,37.0,Male,Corporate,South,Karnataka,Office Supplies,Art,Colored Pencils,74.63,1,0.1,12.91
ORD-100768,2023-01-13,2023-01-20,CUST-5320,Nikhil Rao,48.0,Male,Consumer,Central,Chhattisgarh,Furniture,Bookcases,5-Shelf Bookcase,694.69,4,0.0,185.66
ORD-100769,2024-07-23,2024-07-27,CUST-8564,Neha Verma,36.0,Female,Consumer,West,Maharashtra,Furniture,Chairs,Ergo Mesh Office Chair,301.05,2,0.1,47.06
ORD-100770,2022-05-27,2022-05-29,CUST-4294,Nikhil Iyer,27.0,Male,Corporate,East,Bihar,Technology,Phones,Smartphone X12,3314.02,5,0.0,854.62
ORD-100771,2024-08-25,2024-08-28,CUST-1671,Anita Patel,41.0,Female,Consumer,West,Maharashtra,Office Supplies,Labels,Address Labels,205.81,4,0.2,22.12
ORD-100772,2022-06-17,2022-06-20,CUST-3157,Amit Iyer,18.0,Male,Consumer,South,Tamil Nadu,Office Supplies,Art,Marker Set,152.29,4,,15.54
ORD-100773,2023-03-29,2023-03-30,CUST-8564,Neha Verma,39.0,Female,Consumer,East,Bihar,Office Supplies,Labels,Address Labels,64.73,2,0.2,15.47
ORD-100774,2024-06-21,2024-06-26,CUST-7654,Shreya Gupta,20.0,Female,Consumer,Central,Chhattisgarh,Office Supplies,Art,Sketch Pad,262.69,5,0.4,-21.22
ORD-100775,2022-07-17,2022-07-22,CUST-9213,Amit Gupta,50.0,Male,Consumer,South,Karnataka,Furniture,Tables,Oak Dining Table,1478.6,7,0.2,214.81
ORD-100776,2022-10-20,2022-10-22,CUST-9320,Nikhil Joshi,27.0,Male,Home Office,South,Kerala,Office Supplies,Storage,Desk Organizer,51.1,4,0.0,12.6
ORD-100777,2024-03-18,2024-03-22,CUST-3187,Amit Singh,53.0,Male,Corporate,South,Karnataka,Office Supplies,Art,Colored Pencils,29.84,5,0.2,5.14
ORD-100778,2024-03-15,2024-03-20,CUST-2030,Sanjay Gupta,22.0,Male,Corporate,Central,Chhattisgarh,Office Supplies,Storage,Desk Organizer,227.93,4,0.2,44.32
ORD-100779,2023-12-16,2023-12-18,CUST-5189,Divya Joshi,22.0,Female,Corporate,West,Rajasthan,Furniture,Furnishings,Curtain Set,1697.96,3,0.15,380.63
ORD-100780,2024-02-08,2024-02-10,CUST-5557,Aditya Verma,44.0,Male,Consumer,North,Uttar Pradesh,Office Supplies,Envelopes,Window Envelopes,97.12,3,0.15,12.31
ORD-100781,2023-09-30,2023-10-06,CUST-9459,Divya Reddy,37.0,Female,Corporate,East,Odisha,Office Supplies,Labels,Address Labels,42.3,1,0.1,7.88
ORD-100782,2022-11-08,2022-11-14,CUST-9459,Divya Reddy,39.0,Female,Consumer,East,West Bengal,Office Supplies,Labels,Address Labels,8.11,1,0.2,1.0
ORD-100783,2023-01-18,2023-01-23,CUST-8710,Rahul Sharma,44.0,Male,Consumer,Central,Chhattisgarh,Office Supplies,Storage,Storage Box Set,27.32,3,0.1,8.7
ORD-100784,2022-08-28,2022-08-30,CUST-1834,Suresh Verma,37.0,Male,Corporate,Central,Madhya Pradesh,Technology,Machines,Laser Printer,581.09,3,0.3,17.99
ORD-100785,2024-11-01,2024-11-02,CUST-7128,Anjali Reddy,30.0,Female,Corporate,South,Kerala,Technology,Phones,Smartphone X12,200.16,4,0.0,71.44
ORD-100786,2023-11-07,2023-11-08,CUST-5189,Divya Joshi,21.0,Female,Corporate,North,Haryana,Technology,Copiers,Compact Copier,1775.32,2,0.15,105.67
ORD-100787,2023-04-03,2023-04-09,CUST-9459,Divya Reddy,38.0,Female,Corporate,Central,Chhattisgarh,Office Supplies,Labels,Address Labels,101.18,2,0.15,7.92
ORD-100788,2023-06-19,2023-06-24,CUST-2066,Kavita Joshi,65.0,Female,Home Office,Central,Chhattisgarh,Furniture,Chairs,Foldable Study Chair,555.85,1,0.3,-40.02
ORD-100789,2024-11-29,2024-12-03,CUST-5499,Vikram Mehta,29.0,Male,Corporate,West,Gujarat,Technology,Machines,Label Maker,1304.13,3,0.3,10.96
ORD-100790,2022-07-22,2022-07-29,CUST-9184,Ritu Rao,34.0,Female,Consumer,West,Maharashtra,Technology,Machines,Label Maker,1810.7,6,0.0,567.6
ORD-100791,2023-11-09,2023-11-10,CUST-2977,Rahul Nair,50.0,Male,Home Office,West,Gujarat,Office Supplies,Binders,3-Ring Binder,34.23,2,0.15,1.91
ORD-100792,2023-08-17,2023-08-18,CUST-2497,Vivek Patel,28.0,Male,Consumer,West,Gujarat,Technology,Phones,Smartphone X12,2819.39,5,0.15,521.63
ORD-100793,2023-11-28,2023-12-04,CUST-8661,Neha Rao,42.0,Female,Consumer,West,Rajasthan,Office Supplies,Art,Marker Set,377.58,5,0.0,130.78
ORD-100794,2022-01-25,2022-01-31,CUST-6056,Rahul Kapoor,31.0,Male,Consumer,South,Kerala,Office Supplies,Storage,Storage Box Set,283.67,7,0.2,40.79
ORD-100795,2024-09-25,2024-09-30,CUST-3204,Pooja Nair,26.0,Female,Corporate,Central,Chhattisgarh,Furniture,Bookcases,Ladder Bookshelf,1681.98,6,0.1,562.19
ORD-100796,2024-11-18,2024-11-24,CUST-9184,Ritu Rao,32.0,Female,Corporate,North,Uttar Pradesh,Office Supplies,Binders,3-Ring Binder,42.15,1,0.2,1.72
ORD-100797,2023-10-22,2023-10-25,CUST-2527,Arjun Gupta,20.0,Male,Corporate,West,Maharashtra,Furniture,Chairs,Executive Leather Chair,1336.09,6,0.1,350.77
ORD-100798,2024-02-12,2024-02-19,CUST-3392,Divya Gupta,28.0,Female,Consumer,North,Haryana,Office Supplies,Paper,Sticky Notes Pack,160.93,6,0.0,47.58
ORD-100799,2024-11-11,2024-11-13,CUST-2977,Rahul Nair,53.0,Male,Home Office,South,Kerala,Office Supplies,Labels,Address Labels,249.0,6,0.15,63.92
ORD-100800,2024-02-27,2024-02-28,CUST-8689,Vikram Sharma,36.0,Male,Consumer,South,Telangana,Furniture,Tables,Oak Dining Table,215.93,2,0.0,46.97
ORD-100801,2022-07-21,2022-07-24,CUST-5189,Divya Joshi,21.0,Female,Consumer,Central,Chhattisgarh,Office Supplies,Art,Marker Set,71.1,2,0.2,10.03
ORD-100802,2023-11-02,2023-11-06,CUST-9184,Ritu Rao,32.0,Female,Consumer,South,Tamil Nadu,Furniture,Furnishings,Table Lamp,1156.24,5,0.1,184.29
ORD-100803,2023-11-24,2023-11-27,CUST-7300,Arjun Iyer,25.0,Male,Corporate,East,West Bengal,Furniture,Chairs,Foldable Study Chair,247.78,1,0.0,65.67
ORD-100804,2023-05-03,2023-05-08,CUST-4948,Nikhil Nair,49.0,Male,Consumer,South,Karnataka,Office Supplies,Paper,A4 Copy Paper Ream,301.92,7,0.0,68.35
ORD-100805,2024-04-05,2024-04-09,CUST-2081,Anjali Sharma,32.0,Female,Consumer,Central,Chhattisgarh,Furniture,Bookcases,5-Shelf Bookcase,1794.9,4,0.1,342.18
ORD-100806,2024-11-20,2024-11-24,CUST-9731,Kavita Joshi,29.0,Female,Corporate,South,Karnataka,Office Supplies,Binders,View Binder,42.99,7,0.0,11.28
ORD-100807,2024-11-13,2024-11-19,CUST-1813,Meera Rao,49.0,Female,Home Office,Central,Madhya Pradesh,Technology,Machines,3D Printer Mini,4487.82,5,0.15,879.8
ORD-100808,2023-06-05,2023-06-08,CUST-9000,Arjun Gupta,41.0,Male,Corporate,West,Rajasthan,Technology,Accessories,Mechanical Keyboard,741.42,4,0.2,65.56
ORD-100809,2022-05-30,2022-06-04,CUST-5505,Anita Patel,39.0,Female,Consumer,South,Tamil Nadu,Furniture,Furnishings,Curtain Set,284.96,1,0.15,76.74
ORD-100810,2024-12-22,2024-12-23,CUST-2081,Anjali Sharma,33.0,Female,Consumer,South,Karnataka,Office Supplies,Storage,Desk Organizer,316.4,6,0.0,112.57
ORD-100811,2024-08-16,2024-08-23,CUST-3157,Amit Iyer,19.0,Male,Consumer,North,Delhi,Office Supplies,Storage,Desk Organizer,76.34,1,0.15,22.12
ORD-100812,2022-06-14,2022-06-20,CUST-3157,Amit Iyer,18.0,Male,Corporate,South,Tamil Nadu,Office Supplies,Labels,Shipping Labels,73.81,1,0.0,21.8
ORD-100813,2024-11-10,2024-11-13,CUST-9731,Kavita Joshi,29.0,Female,Consumer,East,Odisha,Furniture,Tables,Glass Coffee Table,3911.04,7,0.1,895.58
ORD-100814,2024-09-22,2024-09-23,CUST-2844,Neha Sharma,38.0,Female,Consumer,South,Karnataka,Office Supplies,Binders,3-Ring Binder,234.3,3,0.4,-0.77
ORD-100815,2023-09-02,2023-09-05,CUST-8689,Vikram Sharma,38.0,Male,Corporate,South,Telangana,Furniture,Tables,Glass Coffee Table,565.41,3,0.1,72.04
ORD-100816,2023-11-13,2023-11-19,CUST-5852,Kavita Gupta,33.0,Female,Consumer,East,Odisha,Furniture,Bookcases,5-Shelf Bookcase,432.26,1,0.0,98.37
ORD-100817,2023-04-01,2023-04-02,CUST-5680,Vivek Gupta,43.0,Male,Home Office,North,Delhi,Office Supplies,Paper,Notebook Set,240.3,5,0.15,35.2
ORD-100818,2022-03-17,2022-03-23,CUST-5680,Vivek Gupta,42.0,Male,Consumer,East,Odisha,Office Supplies,Storage,Storage Box Set,86.77,4,0.0,26.7
ORD-100819,2023-01-03,2023-01-06,CUST-7147,Vikram Patel,30.0,Male,Consumer,North,Haryana,Furniture,Chairs,Recliner Lounge Chair,3113.47,7,0.4,-295.87
ORD-100820,2024-06-28,2024-07-02,CUST-4770,Kavita Reddy,21.0,Female,Consumer,South,Tamil Nadu,Technology,Machines,Label Maker,743.52,1,0.1,135.77
ORD-100821,2022-01-07,2022-01-14,CUST-1440,Anjali Kapoor,46.0,Female,Consumer,North,Punjab,Technology,Machines,Laser Printer,1946.31,7,0.3,-36.52
ORD-100822,2023-01-01,2023-01-03,CUST-6974,Nikhil Verma,26.0,Male,Home Office,West,Rajasthan,Furniture,Tables,Round Side Table,1057.53,5,0.15,141.19
ORD-100823,2023-03-31,2023-04-07,CUST-7279,Aditya Kapoor,52.0,Male,Consumer,South,Kerala,Technology,Copiers,Compact Copier,720.37,3,0.0,195.44
ORD-100824,2023-09-24,2023-09-28,CUST-8065,Shreya Kapoor,48.0,Female,Corporate,North,Uttar Pradesh,Office Supplies,Binders,View Binder,179.55,4,0.2,3.76
ORD-100825,2024-11-09,2024-11-15,CUST-8661,Neha Rao,42.0,Female,Home Office,West,Gujarat,Furniture,Bookcases,Corner Bookcase,2845.08,5,0.1,688.8
ORD-100826,2023-01-19,2023-01-26,CUST-8341,Karan Reddy,18.0,Male,Home Office,West,Gujarat,Office Supplies,Envelopes,Mailing Envelopes,68.69,5,0.0,30.45
ORD-100827,2023-01-19,2023-01-25,CUST-6345,Nikhil Gupta,39.0,Male,Corporate,South,Kerala,Furniture,Bookcases,5-Shelf Bookcase,4005.47,7,0.15,431.78
ORD-100828,2024-04-07,2024-04-13,CUST-1602,Neha Singh,46.0,Female,Consumer,East,Odisha,Furniture,Chairs,Executive Leather Chair,1167.91,2,0.4,-22.77
ORD-100829,2023-06-07,2023-06-08,CUST-6259,Manish Verma,42.0,Male,Consumer,Central,Madhya Pradesh,Technology,Phones,Budget Smartphone S5,50.43,1,0.1,6.67
ORD-100830,2022-10-15,2022-10-20,CUST-6345,Nikhil Gupta,35.0,Male,Consumer,South,Karnataka,Office Supplies,Art,Colored Pencils,170.31,3,0.0,48.94
ORD-100831,2023-06-07,2023-06-13,CUST-6974,Nikhil Verma,26.0,Male,Home Office,South,Tamil Nadu,Office Supplies,Art,Colored Pencils,284.7,5,0.0,76.91
ORD-100832,2022-07-05,2022-07-12,CUST-7448,Neha Verma,26.0,Female,Home Office,South,Tamil Nadu,Furniture,Furnishings,Wall Clock,1210.91,5,0.0,351.26
ORD-100833,2022-08-21,2022-08-28,CUST-6825,Neha Kapoor,21.0,Female,Corporate,West,Gujarat,Furniture,Chairs,Recliner Lounge Chair,2317.17,5,0.1,527.18
ORD-100834,2023-08-07,2023-08-14,CUST-7448,Neha Verma,29.0,Female,Consumer,West,Maharashtra,Office Supplies,Labels,Shipping Labels,98.9,5,0.1,11.02
ORD-100835,2023-04-26,2023-04-30,CUST-8341,Karan Reddy,18.0,Male,Home Office,East,West Bengal,Technology,Accessories,Mechanical Keyboard,114.37,1,0.2,0.09
ORD-100836,2024-11-05,2024-11-07,CUST-6345,Nikhil Gupta,37.0,Male,Consumer,East,Bihar,Technology,Machines,3D Printer Mini,825.4,7,0.3,79.37
ORD-100837,2023-02-10,2023-02-16,CUST-8341,Karan Reddy,18.0,Male,Corporate,Central,Madhya Pradesh,Office Supplies,Envelopes,Mailing Envelopes,154.85,5,0.0,41.99
ORD-100838,2023-11-05,2023-11-11,CUST-6825,Neha Kapoor,20.0,Female,Corporate,West,Maharashtra,Office Supplies,Storage,Desk Organizer,77.7,1,0.15,14.12
ORD-100839,2023-12-11,2023-12-17,CUST-2844,Neha Sharma,35.0,Female,Home Office,South,Kerala,Office Supplies,Labels,Address Labels,507.97,7,0.15,57.01
ORD-100840,2022-01-18,2022-01-19,CUST-3298,Sneha Joshi,53.0,Female,Consumer,East,Bihar,Technology,Copiers,Office Copier 200,857.67,3,0.1,203.43
ORD-100841,2023-12-30,2024-01-05,CUST-6974,Nikhil Verma,27.0,Male,Corporate,South,Tamil Nadu,Office Supplies,Labels,Address Labels,78.85,2,0.0,30.26
ORD-100842,2022-08-24,2022-08-28,CUST-9774,Rahul Joshi,26.0,Male,Consumer,South,Kerala,Furniture,Tables,Glass Coffee Table,717.54,4,0.0,306.43
ORD-100843,2024-12-08,2024-12-11,CUST-1782,Neha Joshi,42.0,Female,Home Office,Central,Madhya Pradesh,Technology,Copiers,Office Copier 200,651.75,5,0.1,121.64
ORD-100844,2022-07-16,2022-07-21,CUST-9688,Rahul Sharma,27.0,Male,Corporate,East,Bihar,Office Supplies,Envelopes,Mailing Envelopes,205.59,3,0.0,59.93
ORD-100845,2023-04-21,2023-04-28,CUST-2672,Suresh Gupta,45.0,Male,Corporate,North,Delhi,Furniture,Furnishings,Table Lamp,2926.79,5,0.2,336.71
ORD-100846,2022-04-26,2022-05-02,CUST-7476,Priya Rao,18.0,Female,Corporate,North,Haryana,Furniture,Tables,Round Side Table,2932.01,7,0.0,1126.8
ORD-100847,2024-12-30,2024-12-31,CUST-6402,Sneha Gupta,48.0,Female,Corporate,North,Haryana,Furniture,Bookcases,5-Shelf Bookcase,1508.75,4,0.15,177.67
ORD-100848,2023-08-12,2023-08-16,CUST-2844,Neha Sharma,36.0,Female,Home Office,South,Telangana,Office Supplies,Binders,3-Ring Binder,190.29,3,0.1,61.4
ORD-100849,2023-11-16,2023-11-22,CUST-8118,Neha Singh,56.0,Female,Consumer,South,Kerala,Technology,Accessories,Mechanical Keyboard,1023.95,7,0.15,262.69
ORD-100850,2022-04-02,2022-04-03,CUST-8341,Karan Reddy,18.0,Male,Corporate,East,Bihar,Furniture,Chairs,Executive Leather Chair,1173.39,4,0.0,453.37
ORD-100851,2024-04-23,2024-04-26,CUST-7392,Nikhil Iyer,24.0,Male,Consumer,South,Telangana,Furniture,Tables,Round Side Table,2549.23,6,0.3,115.64
ORD-100852,2022-09-30,2022-10-02,CUST-6543,Anjali Rao,43.0,Female,Consumer,North,Uttar Pradesh,Office Supplies,Storage,Desk Organizer,42.29,2,0.0,8.87
ORD-100853,2024-10-21,2024-10-27,CUST-6586,Karan Kapoor,31.0,Male,Consumer,Central,Chhattisgarh,Furniture,Chairs,Executive Leather Chair,3480.92,6,0.2,30.68
ORD-100854,2022-09-25,2022-09-29,CUST-2844,Neha Sharma,36.0,Female,Corporate,South,Karnataka,Furniture,Chairs,Ergo Mesh Office Chair,4119.53,7,0.0,1289.88
ORD-100855,2022-09-08,2022-09-09,CUST-4960,Anita Mehta,28.0,Female,Consumer,North,Punjab,Technology,Machines,3D Printer Mini,106.15,2,0.2,19.19
ORD-100856,2022-02-21,2022-02-22,CUST-2263,Arjun Nair,28.0,Male,Consumer,West,Gujarat,Furniture,Tables,Oak Dining Table,2692.37,5,0.3,-263.45
ORD-100857,2023-07-02,2023-07-08,CUST-3061,Anita Nair,25.0,Female,Consumer,East,West Bengal,Office Supplies,Binders,View Binder,199.16,4,0.1,31.69
ORD-100858,2023-10-22,2023-10-23,CUST-9572,Kavita Singh,31.0,Female,Corporate,North,Uttar Pradesh,Office Supplies,Binders,3-Ring Binder,232.27,3,0.15,62.7
ORD-100859,2022-03-31,2022-04-02,CUST-2844,Neha Sharma,37.0,Female,Consumer,East,Bihar,Furniture,Chairs,Executive Leather Chair,1438.34,7,0.1,216.12
ORD-100860,2024-05-24,2024-05-25,CUST-1722,Ritu Kapoor,47.0,Female,Consumer,East,Odisha,Technology,Copiers,Compact Copier,389.82,1,0.2,12.6
ORD-100861,2023-06-08,2023-06-15,CUST-7476,Priya Rao,18.0,Female,Corporate,Central,Madhya Pradesh,Office Supplies,Envelopes,Window Envelopes,33.25,1,0.0,9.58
ORD-100862,2023-09-09,2023-09-14,CUST-6978,Rohan Singh,32.0,Male,Consumer,West,Maharashtra,Technology,Copiers,Compact Copier,619.33,1,0.2,131.13
ORD-100863,2023-05-23,2023-05-30,CUST-8623,Vikram Patel,37.0,Male,Consumer,North,Haryana,Office Supplies,Storage,File Cabinet,160.95,3,0.1,44.79
ORD-100864,2023-04-03,2023-04-08,CUST-2672,Suresh Gupta,46.0,Male,Consumer,South,Kerala,Furniture,Tables,Oak Dining Table,2582.97,5,0.3,169.94
ORD-100865,2023-10-17,2023-10-18,CUST-9970,Arjun Reddy,18.0,Male,Home Office,West,Maharashtra,Furniture,Furnishings,Table Lamp,2517.82,6,0.1,725.09
ORD-100866,2022-07-25,2022-07-31,CUST-3533,Priya Mehta,18.0,Female,Corporate,West,Maharashtra,Furniture,Tables,Glass Coffee Table,569.21,2,0.2,9.0
ORD-100867,2022-08-29,2022-09-03,CUST-6310,Vivek Iyer,49.0,Male,Consumer,North,Uttar Pradesh,Office Supplies,Paper,Notebook Set,112.24,2,0.1,22.52
ORD-100868,2024-09-13,2024-09-17,CUST-2830,Shreya Iyer,32.0,Female,Consumer,North,Punjab,Office Supplies,Storage,File Cabinet,73.86,1,0.0,26.73
ORD-100869,2024-11-28,2024-12-03,CUST-3456,Neha Gupta,57.0,Female,Consumer,North,Delhi,Office Supplies,Binders,Clip Binder,218.23,3,0.0,58.4
ORD-100870,2023-02-26,2023-03-05,CUST-2830,Shreya Iyer,32.0,Female,Consumer,North,Uttar Pradesh,Furniture,Furnishings,Table Lamp,898.51,3,0.0,277.34
ORD-100871,2022-11-22,2022-11-23,CUST-7030,Priya Kapoor,34.0,Female,Consumer,South,Karnataka,Furniture,Bookcases,Ladder Bookshelf,1695.74,3,0.1,257.24
ORD-100872,2023-12-18,2023-12-24,CUST-5628,Amit Nair,44.0,Male,Home Office,East,Bihar,Office Supplies,Binders,3-Ring Binder,100.81,2,0.3,8.77
ORD-100873,2023-04-13,2023-04-16,CUST-4082,Vikram Kapoor,34.0,Male,Consumer,West,Gujarat,Furniture,Chairs,Foldable Study Chair,706.95,5,0.15,43.47
ORD-100874,2022-02-05,2022-02-11,CUST-3926,Rahul Joshi,41.0,Male,Consumer,East,West Bengal,Office Supplies,Envelopes,Window Envelopes,92.19,4,0.15,14.13
ORD-100875,2022-07-26,2022-08-01,CUST-7510,Arjun Gupta,51.0,Male,Corporate,East,Bihar,Office Supplies,Binders,View Binder,202.24,6,0.15,49.26
ORD-100876,2024-03-10,2024-03-16,CUST-3712,Arjun Nair,58.0,Male,Home Office,East,Odisha,Office Supplies,Art,Colored Pencils,46.11,1,0.15,7.43
ORD-100877,2023-12-27,2023-12-31,CUST-1698,Priya Gupta,31.0,Female,Consumer,South,Karnataka,Furniture,Furnishings,Table Lamp,423.26,1,0.2,92.25
ORD-100878,2022-02-07,2022-02-09,CUST-2646,Neha Singh,43.0,Female,Consumer,West,Rajasthan,Furniture,Tables,Round Side Table,458.11,1,0.1,133.63
ORD-100879,2022-10-12,2022-10-19,CUST-1524,Karan Singh,67.0,Male,Consumer,West,Maharashtra,Office Supplies,Art,Sketch Pad,67.01,1,0.15,5.99
ORD-100880,2022-10-21,2022-10-22,CUST-2591,Rahul Patel,35.0,Male,Consumer,East,West Bengal,Furniture,Chairs,Recliner Lounge Chair,449.57,1,0.4,20.2
ORD-100881,2024-01-08,2024-01-10,CUST-3493,Priya Nair,32.0,Female,Home Office,West,Gujarat,Office Supplies,Art,Colored Pencils,145.72,4,0.0,39.08
ORD-100882,2022-01-28,2022-01-31,CUST-6251,Priya Verma,34.0,Female,Corporate,South,Karnataka,Technology,Accessories,USB-C Hub,964.4,3,0.15,54.79
ORD-100883,2022-05-19,2022-05-21,CUST-6358,Anita Mehta,21.0,Female,Home Office,West,Rajasthan,Office Supplies,Paper,Sticky Notes Pack,256.97,7,0.2,10.28
ORD-100884,2024-06-25,2024-06-26,CUST-6192,Rahul Singh,54.0,Male,Home Office,West,Gujarat,Furniture,Tables,Oak Dining Table,1684.31,3,0.3,9.61
ORD-100885,2022-08-24,2022-08-31,CUST-9823,Isha Mehta,25.0,Female,Consumer,West,Maharashtra,Office Supplies,Binders,Clip Binder,107.84,2,0.0,27.74
ORD-100886,2023-12-23,2023-12-30,CUST-2229,Sanjay Singh,56.0,Male,Consumer,North,Delhi,Technology,Copiers,Compact Copier,5570.92,7,0.0,1257.6
ORD-100887,2022-10-28,2022-10-29,CUST-1524,Vikram Sharma,39.0,Male,Corporate,East,Bihar,Technology,Phones,Cordless Landline,3273.45,4,0.2,293.18
ORD-100888,2022-05-13,2022-05-16,CUST-9967,Sanjay Reddy,44.0,Male,Consumer,Central,Madhya Pradesh,Technology,Copiers,Compact Copier,4185.81,6,0.4,-516.1
ORD-100889,2022-11-02,2022-11-03,CUST-2263,Arjun Nair,28.0,Male,Home Office,North,Delhi,Office Supplies,Labels,Shipping Labels,245.42,7,0.15,18.39
ORD-100890,2024-03-18,2024-03-21,CUST-9967,Sanjay Reddy,42.0,Male,Corporate,Central,Madhya Pradesh,Office Supplies,Art,Colored Pencils,298.35,4,0.0,65.85
ORD-100891,2024-09-06,2024-09-09,CUST-9072,Ritu Nair,37.0,Female,Corporate,South,Telangana,Furniture,Furnishings,Area Rug,1721.76,3,0.15,100.07
ORD-100892,2024-08-05,2024-08-06,CUST-5457,Manish Sharma,47.0,Male,Home Office,Central,Chhattisgarh,Technology,Phones,Cordless Landline,4446.28,5,0.1,658.86
ORD-100893,2023-03-29,2023-04-03,CUST-6556,Ritu Kapoor,42.0,Female,Consumer,East,West Bengal,Technology,Accessories,Mechanical Keyboard,1535.98,2,0.0,536.89
ORD-100894,2024-01-03,2024-01-10,CUST-6980,Rahul Patel,26.0,Male,Corporate,Central,Madhya Pradesh,Office Supplies,Binders,Clip Binder,108.22,3,0.0,35.02
ORD-100895,2022-09-24,2022-09-27,CUST-7752,Sneha Reddy,37.0,Female,Consumer,East,Odisha,Office Supplies,Binders,3-Ring Binder,126.48,3,0.0,56.27
ORD-100896,2022-12-07,2022-12-08,CUST-9970,Arjun Reddy,18.0,Male,Consumer,North,Haryana,Furniture,Furnishings,Area Rug,3561.46,7,0.1,1088.31
ORD-100897,2024-10-20,2024-10-25,CUST-5362,Rahul Gupta,18.0,Male,Corporate,East,Bihar,Office Supplies,Binders,Clip Binder,25.97,4,0.1,7.52
ORD-100898,2022-01-18,2022-01-25,CUST-7752,Sneha Reddy,38.0,Female,Corporate,East,Bihar,Furniture,Chairs,Foldable Study Chair,985.31,6,0.15,67.45
ORD-100899,2022-04-26,2022-04-29,CUST-2262,Divya Kapoor,25.0,Female,Consumer,South,Karnataka,Office Supplies,Binders,3-Ring Binder,389.57,5,0.15,28.25
ORD-100900,2022-09-28,2022-10-05,CUST-1327,Kavita Reddy,35.0,Female,Corporate,Central,Madhya Pradesh,Technology,Accessories,USB-C Hub,2620.84,5,0.15,569.02
ORD-100901,2022-02-06,2022-02-11,CUST-1524,Vikram Sharma,38.0,Male,Consumer,North,Uttar Pradesh,Furniture,Chairs,Executive Leather Chair,338.91,1,0.15,60.01
ORD-100902,2022-08-28,2022-09-04,CUST-6358,Anita Mehta,22.0,Female,Consumer,Central,Chhattisgarh,Technology,Accessories,Wireless Mouse,2126.44,5,0.0,840.71
ORD-100903,2023-11-07,2023-11-11,CUST-6269,Sneha Iyer,33.0,Female,Home Office,West,Gujarat,Office Supplies,Labels,Shipping Labels,138.14,5,0.0,42.59
ORD-100904,2023-04-30,2023-05-06,CUST-5457,Manish Sharma,49.0,Male,Home Office,West,Rajasthan,Office Supplies,Binders,3-Ring Binder,306.13,4,0.4,-36.02
ORD-100905,2024-10-16,2024-10-20,CUST-4728,Rohan Nair,28.0,Male,Consumer,West,Gujarat,Office Supplies,Labels,Address Labels,476.26,7,0.0,204.77
ORD-100906,2024-07-18,2024-07-23,CUST-4728,Rohan Nair,26.0,Male,Consumer,East,Odisha,Office Supplies,Labels,Address Labels,45.88,2,0.0,19.62
ORD-100907,2023-01-12,2023-01-15,CUST-4728,Rohan Nair,25.0,Male,Corporate,West,Gujarat,Furniture,Bookcases,Ladder Bookshelf,1016.03,5,0.0,316.67
ORD-100908,2022-11-14,2022-11-15,CUST-1162,Sneha Iyer,28.0,Female,Consumer,West,Rajasthan,Technology,Phones,Cordless Landline,1130.8,5,0.0,276.52
ORD-100909,2023-03-07,2023-03-09,CUST-6699,Isha Verma,56.0,Female,Home Office,West,Rajasthan,Office Supplies,Labels,Address Labels,297.14,5,0.1,98.88
ORD-100910,2023-11-12,2023-11-13,CUST-7494,Pooja Patel,26.0,Female,Corporate,East,Bihar,Office Supplies,Art,Colored Pencils,305.07,5,0.2,30.59
ORD-100911,2022-11-20,2022-11-27,CUST-5457,Manish Sharma,46.0,Male,Consumer,West,Maharashtra,Office Supplies,Storage,Desk Organizer,417.89,7,0.0,116.45
ORD-100912,2023-12-06,2023-12-08,CUST-5065,Karan Patel,26.0,Male,Home Office,Central,Chhattisgarh,Technology,Phones,Budget Smartphone S5,896.92,2,0.0,286.43
ORD-100913,2023-04-14,2023-04-16,CUST-6556,Ritu Kapoor,41.0,Female,Corporate,North,Haryana,Office Supplies,Paper,Notebook Set,332.82,7,0.0,114.61
ORD-100914,2023-10-09,2023-10-16,CUST-6452,Suresh Patel,30.0,Male,Consumer,South,Kerala,Furniture,Bookcases,Corner Bookcase,402.12,4,0.0,111.77
ORD-100915,2023-05-18,2023-05-25,CUST-2712,Anita Rao,21.0,Female,Corporate,West,Gujarat,Office Supplies,Art,Marker Set,379.9,7,0.15,49.91
ORD-100916,2022-12-08,2022-12-11,CUST-5037,Vivek Reddy,64.0,Male,Consumer,North,Uttar Pradesh,Furniture,Furnishings,Table Lamp,1170.18,2,0.0,470.4
ORD-100917,2024-11-30,2024-12-05,CUST-1478,Meera Singh,42.0,Female,Corporate,North,Punjab,Furniture,Chairs,Recliner Lounge Chair,641.05,2,0.0,272.48
ORD-100918,2024-05-10,2024-05-11,CUST-2196,Sanjay Nair,53.0,Male,Home Office,South,Karnataka,Technology,Accessories,Mechanical Keyboard,2633.64,3,0.2,67.16
ORD-100919,2022-07-04,2022-07-09,CUST-9967,Sanjay Reddy,42.0,Male,Consumer,West,Maharashtra,Office Supplies,Storage,Storage Box Set,223.99,6,0.1,44.22
ORD-100920,2024-09-21,2024-09-25,CUST-3467,Kavita Iyer,28.0,Female,Consumer,East,Odisha,Furniture,Tables,Oak Dining Table,202.86,2,0.1,42.98
ORD-100921,2023-07-23,2023-07-26,CUST-1775,Rohan Reddy,53.0,Male,Consumer,West,Gujarat,Technology,Phones,Budget Smartphone S5,430.21,2,0.0,128.04
ORD-100922,2024-10-18,2024-10-21,CUST-1524,Vikram Sharma,35.0,Male,Consumer,South,Kerala,Office Supplies,Art,Marker Set,55.66,4,0.1,18.71
ORD-100923,2024-06-24,2024-06-28,CUST-1598,Nikhil Kapoor,34.0,Male,Consumer,South,Telangana,Technology,Copiers,Compact Copier,481.18,2,0.2,89.61
ORD-100924,2023-05-04,2023-05-05,CUST-7779,Ritu Reddy,27.0,Female,Corporate,South,Tamil Nadu,Furniture,Tables,Oak Dining Table,2902.57,5,0.2,707.14
ORD-100925,2022-01-31,2022-02-06,CUST-6973,Anjali Iyer,18.0,Female,Consumer,Central,Madhya Pradesh,Furniture,Furnishings,Wall Clock,598.47,1,0.0,192.67
ORD-100926,2022-11-21,2022-11-25,CUST-2042,Vivek Sharma,25.0,Male,Corporate,North,Delhi,Office Supplies,Labels,Shipping Labels,38.54,4,0.15,3.14
ORD-100927,2023-09-29,2023-09-30,CUST-2042,Vivek Sharma,27.0,Male,Consumer,West,Maharashtra,Office Supplies,Paper,Sticky Notes Pack,191.57,3,0.0,77.81
ORD-100928,2023-12-12,2023-12-14,CUST-1327,Kavita Reddy,37.0,Female,Corporate,North,Delhi,Furniture,Furnishings,Wall Clock,983.22,7,0.2,196.64
ORD-100929,2022-11-13,2022-11-20,CUST-1722,Ritu Kapoor,45.0,Female,Consumer,East,Bihar,Office Supplies,Art,Colored Pencils,440.91,6,0.15,127.14
ORD-100930,2022-07-03,2022-07-06,CUST-5362,Rahul Gupta,18.0,Male,Consumer,West,Gujarat,Office Supplies,Storage,File Cabinet,348.64,7,,138.51
ORD-100931,2024-08-11,2024-08-12,CUST-3119,Kavita Kapoor,32.0,Female,Consumer,East,West Bengal,Office Supplies,Storage,Storage Box Set,260.84,7,0.0,56.79
ORD-100932,2024-12-22,2024-12-27,CUST-2229,Sanjay Singh,56.0,Male,Consumer,North,Haryana,Furniture,Tables,Adjustable Standing Desk,799.92,2,0.0,327.61
ORD-100933,2023-09-10,2023-09-17,CUST-1775,Rohan Reddy,51.0,Male,Consumer,North,Uttar Pradesh,Office Supplies,Labels,Address Labels,59.39,1,0.0,18.14
ORD-100934,2022-08-15,2022-08-20,CUST-4832,Vivek Joshi,36.0,Male,Corporate,South,Karnataka,Furniture,Furnishings,Table Lamp,842.86,3,0.0,372.65
ORD-100935,2022-11-23,2022-11-30,CUST-1862,Vivek Sharma,32.0,Male,Corporate,East,Bihar,Office Supplies,Storage,Desk Organizer,396.27,6,0.2,56.53
ORD-100936,2022-01-26,2022-01-29,CUST-2712,Anita Rao,22.0,Female,Corporate,South,Karnataka,Furniture,Bookcases,5-Shelf Bookcase,1246.61,3,0.15,340.72
ORD-100937,2024-11-05,2024-11-09,CUST-8013,Shreya Gupta,35.0,Female,Consumer,North,Delhi,Office Supplies,Storage,File Cabinet,374.11,5,0.2,64.92
ORD-100938,2022-06-05,2022-06-11,CUST-6612,Amit Iyer,22.0,Male,Corporate,East,West Bengal,Office Supplies,Art,Colored Pencils,202.87,7,0.1,44.53
ORD-100939,2023-11-02,2023-11-06,CUST-6047,Rahul Rao,31.0,Male,Consumer,South,Kerala,Office Supplies,Art,Colored Pencils,142.42,2,0.2,12.9
ORD-100940,2022-11-24,2022-11-25,CUST-6047,Rahul Rao,31.0,Male,Consumer,Central,Chhattisgarh,Office Supplies,Art,Colored Pencils,137.05,3,0.2,32.54
ORD-100941,2023-10-11,2023-10-15,CUST-9767,Anita Rao,34.0,Female,Corporate,South,Kerala,Office Supplies,Envelopes,Mailing Envelopes,101.13,2,0.1,26.96
ORD-100942,2023-12-22,2023-12-25,CUST-6973,Anjali Iyer,18.0,Female,Consumer,South,Telangana,Office Supplies,Storage,File Cabinet,204.01,5,0.0,86.97
ORD-100943,2024-08-04,2024-08-05,CUST-3522,Amit Nair,35.0,Male,Consumer,North,Punjab,Office Supplies,Labels,Shipping Labels,107.08,4,0.2,8.0
ORD-100944,2022-09-26,2022-09-28,CUST-5457,Manish Sharma,49.0,Male,Consumer,East,Odisha,Technology,Accessories,Wireless Mouse,1239.7,2,0.0,
ORD-100945,2022-01-16,2022-01-20,CUST-6012,Arjun Iyer,30.0,Male,Corporate,South,Karnataka,Technology,Copiers,Office Copier 200,854.2,6,0.1,155.85
ORD-100946,2022-06-30,2022-07-04,CUST-9233,Anita Singh,32.0,Female,Consumer,North,Punjab,Office Supplies,Envelopes,Mailing Envelopes,117.59,2,0.2,16.22
ORD-100947,2024-10-23,2024-10-29,CUST-9422,Sneha Iyer,46.0,Female,Consumer,North,Uttar Pradesh,Office Supplies,Envelopes,Mailing Envelopes,33.5,1,0.2,5.01
ORD-100948,2024-09-27,2024-09-28,CUST-1956,Manish Kapoor,33.0,Male,Corporate,Central,Madhya Pradesh,Technology,Phones,Smartphone X12,1052.83,6,0.3,-59.01
ORD-100949,2023-11-17,2023-11-22,CUST-4403,Karan Patel,47.0,Male,Consumer,North,Haryana,Office Supplies,Storage,Storage Box Set,46.14,3,0.15,4.92
ORD-100950,2023-11-20,2023-11-24,CUST-2712,Anjali Sharma,41.0,Female,Corporate,South,Tamil Nadu,Furniture,Bookcases,Ladder Bookshelf,746.58,2,0.2,50.23
ORD-100951,2023-12-31,2024-01-03,CUST-9198,Nikhil Reddy,27.0,Male,Consumer,East,West Bengal,Technology,Machines,3D Printer Mini,5295.27,6,0.1,1072.15
ORD-100952,2022-08-20,2022-08-24,CUST-5985,Karan Singh,32.0,Male,Consumer,East,West Bengal,Furniture,Bookcases,Corner Bookcase,313.94,1,0.1,66.3
ORD-100953,2024-11-05,2024-11-11,CUST-4403,Karan Patel,49.0,Male,Home Office,South,Kerala,Furniture,Furnishings,Area Rug,3094.7,7,0.2,322.17
ORD-100954,2023-04-26,2023-04-28,CUST-4114,Sneha Nair,45.0,Female,Consumer,West,Maharashtra,Furniture,Bookcases,5-Shelf Bookcase,2527.61,7,0.0,908.92
ORD-100955,2023-03-11,2023-03-17,CUST-9233,Anita Singh,31.0,Female,Consumer,South,Tamil Nadu,Technology,Phones,Budget Smartphone S5,204.1,1,0.0,59.44
ORD-100956,2023-09-02,2023-09-06,CUST-2712,Anjali Sharma,44.0,Female,Consumer,North,Delhi,Technology,Phones,Budget Smartphone S5,5130.28,7,0.15,1069.66
ORD-100957,2022-03-07,2022-03-12,CUST-4487,Divya Patel,39.0,Female,Home Office,South,Kerala,Office Supplies,Art,Sketch Pad,65.47,1,0.4,-0.58
ORD-100958,2022-08-08,2022-08-15,CUST-7115,Shreya Joshi,47.0,Female,Consumer,West,Gujarat,Technology,Phones,Smartphone X12,1327.93,7,0.1,193.4
ORD-100959,2024-04-07,2024-04-11,CUST-9233,Anita Singh,33.0,Female,Corporate,South,Tamil Nadu,Furniture,Furnishings,Table Lamp,591.41,2,0.15,134.11
ORD-100960,2022-04-23,2022-04-24,CUST-2712,Anita Rao,22.0,Female,Home Office,North,Delhi,Office Supplies,Storage,File Cabinet,501.97,7,0.1,124.15
ORD-100961,2023-11-22,2023-11-26,CUST-5985,Karan Singh,34.0,Male,Consumer,East,Odisha,Technology,Copiers,Office Copier 200,3862.43,5,0.1,427.89
ORD-100962,2022-11-03,2022-11-08,CUST-7666,Sneha Patel,33.0,Female,Consumer,South,Karnataka,Furniture,Bookcases,Ladder Bookshelf,1603.97,4,0.2,199.74
ORD-100963,2023-03-19,2023-03-20,CUST-3785,Suresh Kapoor,34.0,Male,Consumer,East,West Bengal,Office Supplies,Labels,Address Labels,149.36,4,0.0,47.36
ORD-100964,2022-12-04,2022-12-07,CUST-3785,Suresh Kapoor,32.0,Male,Home Office,East,Odisha,Office Supplies,Paper,Notebook Set,221.71,3,0.15,27.24
ORD-100965,2023-01-31,2023-02-01,CUST-8150,Karan Gupta,39.0,Male,Home Office,West,Maharashtra,Technology,Machines,3D Printer Mini,80.71,1,0.0,33.07
ORD-100966,2024-03-14,2024-03-20,CUST-3552,Sneha Mehta,31.0,Female,Corporate,South,Karnataka,Furniture,Tables,Round Side Table,3569.34,6,0.1,669.37
ORD-100967,2022-12-10,2022-12-12,CUST-8150,Karan Gupta,38.0,Male,Consumer,West,Maharashtra,Technology,Accessories,Wireless Mouse,524.22,7,0.1,103.92
ORD-100968,2023-10-24,2023-10-30,CUST-2896,Meera Nair,19.0,Female,Corporate,East,Odisha,Furniture,Chairs,Ergo Mesh Office Chair,486.58,2,0.15,64.99
ORD-100969,2023-07-08,2023-07-15,CUST-7569,Rohan Verma,36.0,Male,Corporate,East,Bihar,Furniture,Tables,Round Side Table,3464.16,6,0.2,292.58
ORD-100970,2023-12-30,2023-12-31,CUST-6824,Rahul Nair,19.0,Male,Corporate,East,Odisha,Office Supplies,Binders,Clip Binder,48.25,7,0.0,15.95
ORD-100971,2024-11-21,2024-11-24,CUST-7597,Sanjay Rao,36.0,Male,Corporate,North,Punjab,Office Supplies,Labels,Address Labels,407.05,6,0.1,96.68
ORD-100972,2024-03-31,2024-04-04,CUST-9811,Kavita Iyer,44.0,Female,Consumer,North,Uttar Pradesh,Furniture,Furnishings,Table Lamp,770.69,2,0.4,24.27
ORD-100973,2022-10-05,2022-10-06,CUST-4404,Sanjay Iyer,52.0,Male,Home Office,Central,Madhya Pradesh,Furniture,Bookcases,Ladder Bookshelf,1167.23,4,0.15,247.29
ORD-100974,2022-02-13,2022-02-19,CUST-7000,Kavita Nair,40.0,Female,Corporate,North,Haryana,Technology,Copiers,Compact Copier,969.27,7,0.1,231.14
ORD-100975,2022-11-16,2022-11-17,CUST-9044,Kavita Mehta,29.0,Female,Consumer,North,Uttar Pradesh,Technology,Machines,Laser Printer,1036.47,6,0.3,23.86
ORD-100976,2023-11-16,2023-11-17,CUST-8438,Nikhil Kapoor,49.0,Male,Consumer,Central,Madhya Pradesh,Technology,Accessories,Wireless Mouse,2168.85,4,0.15,502.67
ORD-100977,2022-03-13,2022-03-14,CUST-6612,Amit Iyer,22.0,Male,Home Office,North,Haryana,Office Supplies,Art,Colored Pencils,191.91,5,0.1,27.78
ORD-100978,2023-08-04,2023-08-07,CUST-9048,Rahul Rao,25.0,Male,Consumer,West,Gujarat,Office Supplies,Labels,Shipping Labels,126.06,5,0.1,19.46
ORD-100979,2023-11-17,2023-11-22,CUST-9482,Ritu Rao,26.0,Female,Consumer,South,Karnataka,Office Supplies,Paper,Notebook Set,111.15,2,0.0,35.58
ORD-100980,2023-01-02,2023-01-07,CUST-1264,Vivek Iyer,45.0,Male,Consumer,South,Tamil Nadu,Office Supplies,Storage,Storage Box Set,32.87,1,0.0,13.65
ORD-100981,2024-05-19,2024-05-20,CUST-3859,Meera Sharma,41.0,Female,Consumer,North,Punjab,Furniture,Chairs,Foldable Study Chair,1167.15,2,0.0,497.44
ORD-100982,2022-05-22,2022-05-25,CUST-9623,Suresh Rao,30.0,Male,Corporate,South,Tamil Nadu,Technology,Copiers,Compact Copier,2201.35,6,0.0,647.86
ORD-100983,2022-04-13,2022-04-16,CUST-4062,Sneha Nair,37.0,Female,Consumer,North,Haryana,Furniture,Chairs,Executive Leather Chair,1183.73,2,0.3,19.56
ORD-100984,2024-03-26,2024-04-02,CUST-9221,Meera Mehta,26.0,Female,Consumer,East,Bihar,Furniture,Furnishings,Area Rug,533.02,1,0.15,53.57
ORD-100985,2023-08-03,2023-08-04,CUST-1963,Vivek Joshi,44.0,Male,Home Office,Central,Madhya Pradesh,Office Supplies,Art,Colored Pencils,133.0,4,0.15,7.49
ORD-100986,2024-01-31,2024-02-06,CUST-5699,Neha Reddy,34.0,Female,Home Office,East,West Bengal,Office Supplies,Storage,File Cabinet,72.12,3,0.15,14.73
ORD-100987,2023-05-16,2023-05-22,CUST-3832,Rahul Nair,,Male,Consumer,North,Delhi,Office Supplies,Art,Colored Pencils,238.32,4,0.0,
ORD-100988,2022-11-04,2022-11-06,CUST-2619,Rahul Gupta,21.0,Male,Consumer,North,Uttar Pradesh,Office Supplies,Binders,Clip Binder,8.86,1,0.0,3.89
ORD-100989,2024-07-21,2024-07-22,CUST-7597,Sanjay Rao,39.0,Male,Corporate,West,Maharashtra,Technology,Machines,3D Printer Mini,1693.23,2,0.2,268.94
ORD-100990,2024-06-24,2024-06-26,CUST-5801,Anita Gupta,31.0,Female,Consumer,East,Bihar,Office Supplies,Binders,Clip Binder,129.34,2,0.0,27.4
ORD-100991,2024-02-09,2024-02-15,CUST-8675,Sanjay Joshi,28.0,Male,Consumer,West,Maharashtra,Office Supplies,Binders,View Binder,135.52,3,0.2,31.84
ORD-100992,2022-11-23,2022-11-29,CUST-9623,Suresh Rao,33.0,Male,Consumer,West,Gujarat,Technology,Machines,3D Printer Mini,1434.26,5,0.0,494.99
ORD-100993,2023-11-12,2023-11-13,CUST-8675,Sanjay Joshi,26.0,Male,Home Office,South,Tamil Nadu,Furniture,Tables,Round Side Table,815.59,3,0.2,10.07
ORD-100994,2023-02-08,2023-02-10,CUST-5801,Anita Gupta,34.0,Female,Corporate,North,Uttar Pradesh,Furniture,Tables,Adjustable Standing Desk,1797.02,5,0.4,-324.37
ORD-100995,2022-05-04,2022-05-06,CUST-2343,Ritu Joshi,47.0,Female,Corporate,West,Rajasthan,Office Supplies,Labels,Shipping Labels,367.39,7,0.3,9.98
ORD-100996,2024-11-07,2024-11-08,CUST-9540,Kavita Rao,18.0,Female,Consumer,East,Odisha,Furniture,Bookcases,Corner Bookcase,3740.31,7,0.0,877.04
ORD-100997,2022-06-29,2022-07-06,CUST-6905,Sneha Kapoor,35.0,Female,Corporate,North,Punjab,Furniture,Furnishings,Curtain Set,415.62,4,0.15,107.2
ORD-100998,2024-12-01,2024-12-03,CUST-8469,Vivek Patel,35.0,Male,Home Office,Central,Madhya Pradesh,Office Supplies,Art,Marker Set,42.64,2,0.3,-0.72
ORD-100999,2023-05-30,2023-06-06,CUST-9221,Meera Mehta,29.0,Female,Home Office,South,Karnataka,Office Supplies,Paper,A4 Copy Paper Ream,50.5,3,0.0,19.44
ORD-101000,2022-09-02,2022-09-06,CUST-2619,Rahul Gupta,24.0,Male,Consumer,East,Bihar,Furniture,Tables,Adjustable Standing Desk,1256.16,7,0.1,274.44
ORD-101001,2023-09-29,2023-10-05,CUST-8078,Sanjay Nair,18.0,Male,Consumer,South,Karnataka,Office Supplies,Storage,File Cabinet,144.41,4,0.0,45.32
ORD-101002,2024-09-26,2024-10-01,CUST-1303,Arjun Gupta,34.0,Male,Consumer,West,Rajasthan,Technology,Phones,Smartphone X12,1234.88,2,0.15,137.14
ORD-101003,2024-03-31,2024-04-07,CUST-3963,Shreya Verma,31.0,Female,Corporate,Central,Madhya Pradesh,Office Supplies,Paper,Sticky Notes Pack,211.54,5,0.1,33.21
ORD-101004,2024-07-03,2024-07-10,CUST-3832,Rahul Nair,51.0,Male,Corporate,East,Bihar,Technology,Copiers,Office Copier 200,523.32,4,0.2,122.46
ORD-101005,2023-12-27,2024-01-03,CUST-8675,Sanjay Joshi,26.0,Male,Home Office,South,Kerala,Office Supplies,Labels,Shipping Labels,447.58,6,0.0,134.44
ORD-101006,2024-02-06,2024-02-09,CUST-3859,Meera Sharma,41.0,Female,Consumer,South,Tamil Nadu,Office Supplies,Art,Marker Set,41.72,2,0.1,4.55
ORD-101007,2024-08-29,2024-08-31,CUST-6905,Sneha Kapoor,38.0,Female,Consumer,South,Tamil Nadu,Office Supplies,Art,Sketch Pad,24.33,1,0.2,1.39
ORD-101008,2022-11-07,2022-11-09,CUST-3859,Meera Sharma,41.0,Female,Home Office,North,Uttar Pradesh,Furniture,Furnishings,Area Rug,1883.04,4,0.15,165.06
ORD-101009,2023-07-26,2023-07-29,CUST-4176,Ritu Joshi,33.0,Female,Corporate,South,Telangana,Furniture,Chairs,Recliner Lounge Chair,1653.09,3,0.15,419.01
ORD-101010,2022-10-11,2022-10-13,CUST-3970,Aditya Reddy,30.0,Male,Home Office,North,Uttar Pradesh,Furniture,Chairs,Executive Leather Chair,609.61,5,0.0,192.41
ORD-101011,2024-12-24,2024-12-27,CUST-9221,Meera Mehta,26.0,Female,Corporate,Central,Madhya Pradesh,Office Supplies,Art,Colored Pencils,110.01,3,0.15,14.23
ORD-101012,2024-11-27,2024-12-04,CUST-1963,Vivek Joshi,42.0,Male,Consumer,West,Rajasthan,Furniture,Bookcases,Corner Bookcase,3062.78,6,0.15,667.84
ORD-101013,2022-02-25,2022-02-26,CUST-3811,Sanjay Kapoor,38.0,Male,Corporate,West,Rajasthan,Furniture,Furnishings,Table Lamp,700.56,3,0.2,117.47
ORD-101014,2024-02-25,2024-02-29,CUST-2260,Kavita Iyer,24.0,Female,Corporate,West,Maharashtra,Office Supplies,Envelopes,Window Envelopes,146.27,4,0.15,7.45
ORD-101015,2024-11-13,2024-11-20,CUST-3859,Meera Sharma,41.0,Female,Consumer,West,Gujarat,Furniture,Bookcases,Corner Bookcase,1031.49,4,0.1,194.75
ORD-101016,2022-08-27,2022-08-31,CUST-2298,Vivek Rao,32.0,Male,Consumer,West,Gujarat,Furniture,Tables,Glass Coffee Table,712.67,2,0.15,53.11
ORD-101017,2023-10-25,2023-10-31,CUST-4176,Ritu Joshi,33.0,Female,Corporate,Central,Chhattisgarh,Technology,Machines,3D Printer Mini,2646.41,3,0.1,909.34
ORD-101018,2024-11-06,2024-11-13,CUST-4424,Ritu Verma,44.0,Female,Home Office,West,Maharashtra,Office Supplies,Labels,Address Labels,149.2,2,0.2,10.88
ORD-101019,2022-02-17,2022-02-22,CUST-2022,Vivek Kapoor,32.0,Male,Home Office,West,Rajasthan,Furniture,Furnishings,Curtain Set,1844.07,5,0.3,49.86
ORD-101020,2024-02-13,2024-02-15,CUST-1833,Anjali Kapoor,43.0,Female,Consumer,North,Punjab,Office Supplies,Labels,Address Labels,58.49,5,0.15,14.66
ORD-101021,2022-12-10,2022-12-15,CUST-1963,Vivek Joshi,42.0,Male,Corporate,West,Gujarat,Office Supplies,Art,Sketch Pad,14.25,1,0.0,3.28
ORD-101022,2024-11-12,2024-11-13,CUST-1496,Arjun Reddy,30.0,Male,Corporate,East,West Bengal,Office Supplies,Labels,Address Labels,29.1,3,0.0,7.2
ORD-101023,2024-12-14,2024-12-18,CUST-5443,Amit Nair,25.0,Male,Home Office,North,Uttar Pradesh,Office Supplies,Paper,Sticky Notes Pack,219.05,7,0.3,29.49
ORD-101024,2024-11-27,2024-12-04,CUST-1764,Ritu Mehta,41.0,Female,Consumer,North,Haryana,Furniture,Chairs,Ergo Mesh Office Chair,867.48,2,0.1,224.66
ORD-101025,2023-07-05,2023-07-06,CUST-3811,Sanjay Kapoor,39.0,Male,Consumer,North,Haryana,Furniture,Tables,Round Side Table,3324.2,7,0.0,1221.58
ORD-101026,2024-09-13,2024-09-14,CUST-1764,Ritu Mehta,42.0,Female,Corporate,East,Bihar,Office Supplies,Binders,View Binder,108.77,6,0.0,36.86
ORD-101027,2024-08-23,2024-08-25,CUST-3383,Divya Verma,28.0,Female,Consumer,East,West Bengal,Office Supplies,Art,Sketch Pad,59.46,6,0.1,6.25
ORD-101028,2022-12-23,2022-12-24,CUST-3263,Manish Gupta,20.0,Male,Consumer,East,West Bengal,Office Supplies,Art,Sketch Pad,498.83,7,0.0,142.96
ORD-101029,2024-08-03,2024-08-10,CUST-3811,Sanjay Kapoor,37.0,Male,Corporate,North,Punjab,Furniture,Bookcases,Ladder Bookshelf,482.29,1,0.0,99.29
ORD-101030,2022-02-22,2022-03-01,CUST-3832,Rahul Nair,53.0,Male,Consumer,North,Delhi,Office Supplies,Labels,Shipping Labels,203.03,5,0.0,51.17
ORD-101031,2023-11-17,2023-11-21,CUST-1242,Shreya Singh,31.0,Female,Consumer,West,Rajasthan,Office Supplies,Binders,Clip Binder,152.04,5,0.0,58.41
ORD-101032,2022-10-20,2022-10-27,CUST-4682,Suresh Patel,34.0,Male,Home Office,West,Rajasthan,Office Supplies,Labels,Address Labels,90.67,2,0.4,-7.21
ORD-101033,2022-06-08,2022-06-13,CUST-1264,Vivek Iyer,47.0,Male,Corporate,South,Telangana,Furniture,Bookcases,Corner Bookcase,1336.04,3,0.1,202.06
ORD-101034,2022-04-15,2022-04-19,CUST-4623,Divya Mehta,18.0,Female,Corporate,West,Gujarat,Technology,Phones,Cordless Landline,1393.06,2,0.1,189.59
ORD-101035,2024-02-11,2024-02-13,CUST-3060,Anita Gupta,30.0,Female,Consumer,West,Rajasthan,Office Supplies,Binders,3-Ring Binder,41.26,5,0.15,11.92
ORD-101036,2023-01-10,2023-01-14,CUST-4682,Suresh Patel,30.0,Male,Consumer,South,Telangana,Furniture,Furnishings,Table Lamp,1309.94,7,0.0,308.21
ORD-101037,2024-03-21,2024-03-24,CUST-8940,Vikram Iyer,23.0,Male,Consumer,North,Uttar Pradesh,Furniture,Tables,Round Side Table,2945.43,7,0.15,693.97
ORD-101038,2022-03-31,2022-04-05,CUST-5802,Priya Iyer,46.0,Female,Corporate,North,Haryana,Office Supplies,Art,Colored Pencils,10.25,2,0.15,0.68
ORD-101039,2022-12-21,2022-12-24,CUST-5802,Priya Iyer,45.0,Female,Consumer,North,Punjab,Furniture,Tables,Adjustable Standing Desk,963.26,4,0.1,138.1
ORD-101040,2023-09-26,2023-09-29,CUST-2229,Sanjay Singh,58.0,Male,Corporate,Central,Chhattisgarh,Office Supplies,Envelopes,Mailing Envelopes,371.97,6,0.1,69.0
ORD-101041,2024-06-13,2024-06-19,CUST-8670,Kavita Nair,18.0,Female,Corporate,South,Telangana,Office Supplies,Art,Sketch Pad,466.81,7,0.3,-34.77
ORD-101042,2022-12-23,2022-12-30,CUST-6099,Manish Kapoor,23.0,Male,Corporate,South,Telangana,Technology,Phones,Budget Smartphone S5,2845.42,4,0.0,858.8
ORD-101043,2023-12-07,2023-12-09,CUST-1264,Vivek Iyer,48.0,Male,Consumer,Central,Madhya Pradesh,Technology,Machines,Label Maker,966.95,2,0.1,273.5
ORD-101044,2024-10-09,2024-10-10,CUST-7711,Anita Sharma,33.0,Female,Consumer,North,Punjab,Office Supplies,Labels,Address Labels,208.41,6,0.3,20.64
ORD-101045,2023-12-01,2023-12-04,CUST-4340,Amit Verma,37.0,Male,Home Office,Central,Madhya Pradesh,Office Supplies,Art,Sketch Pad,96.15,4,0.1,20.62
ORD-101046,2022-10-23,2022-10-27,CUST-1963,Vivek Joshi,41.0,Male,Consumer,South,Kerala,Technology,Phones,Smartphone X12,770.4,2,0.0,312.05
ORD-101047,2022-02-03,2022-02-04,CUST-4682,Suresh Patel,32.0,Male,Corporate,Central,Chhattisgarh,Technology,Copiers,Office Copier 200,1199.28,6,0.0,380.61
ORD-101048,2024-09-22,2024-09-26,CUST-7670,Manish Reddy,27.0,Male,Consumer,West,Gujarat,Office Supplies,Storage,Storage Box Set,264.15,4,0.1,90.32
ORD-101049,2022-01-30,2022-02-03,CUST-6023,Rohan Kapoor,51.0,Male,Consumer,North,Uttar Pradesh,Technology,Accessories,Mechanical Keyboard,3828.63,5,0.2,478.65
ORD-101050,2024-09-28,2024-09-29,CUST-1610,Sneha Nair,35.0,Female,Corporate,North,Punjab,Furniture,Bookcases,5-Shelf Bookcase,3317.81,6,0.2,768.01
ORD-101051,2023-09-14,2023-09-15,CUST-3612,Rohan Rao,32.0,Male,Consumer,South,Kerala,Technology,Copiers,Office Copier 200,918.16,3,,282.06
ORD-101052,2024-11-23,2024-11-30,CUST-3480,Pooja Iyer,22.0,Female,Corporate,Central,Chhattisgarh,Office Supplies,Art,Colored Pencils,92.21,3,0.0,40.38
ORD-101053,2024-06-23,2024-06-27,CUST-4058,Pooja Iyer,33.0,Female,Consumer,West,Maharashtra,Office Supplies,Paper,Notebook Set,367.75,5,0.0,110.74
ORD-101054,2024-12-30,2025-01-01,CUST-1819,Rahul Kapoor,40.0,Male,Corporate,Central,Chhattisgarh,Technology,Phones,Budget Smartphone S5,258.4,1,0.15,47.9
ORD-101055,2023-01-25,2023-02-01,CUST-1689,Aditya Nair,19.0,Male,Corporate,North,Uttar Pradesh,Office Supplies,Storage,Desk Organizer,65.22,2,0.0,18.58
ORD-101056,2024-05-14,2024-05-19,CUST-5836,Amit Singh,38.0,Male,Corporate,South,Telangana,Furniture,Tables,Adjustable Standing Desk,1111.75,2,0.0,456.71
ORD-101057,2023-04-04,2023-04-10,CUST-1408,Neha Gupta,34.0,Female,Home Office,East,Bihar,Furniture,Tables,Adjustable Standing Desk,3052.79,6,0.0,1076.95
ORD-101058,2023-07-13,2023-07-18,CUST-4475,Ritu Rao,43.0,Female,Consumer,South,Kerala,Office Supplies,Art,Sketch Pad,107.88,6,0.0,42.63
ORD-101059,2023-12-08,2023-12-10,CUST-5808,Sanjay Kapoor,30.0,Male,Consumer,Central,Madhya Pradesh,Furniture,Chairs,Executive Leather Chair,2520.66,7,0.15,197.12
ORD-101060,2024-09-27,2024-10-04,CUST-4685,Manish Iyer,39.0,Male,Home Office,South,Telangana,Office Supplies,Binders,Clip Binder,355.13,6,0.2,77.08
ORD-101061,2024-12-22,2024-12-28,CUST-2466,Vivek Rao,36.0,Male,Corporate,East,West Bengal,Office Supplies,Art,Sketch Pad,82.44,6,0.1,21.55
ORD-101062,2024-05-16,2024-05-23,CUST-1732,Amit Joshi,45.0,Male,Corporate,North,Delhi,Office Supplies,Paper,Notebook Set,85.7,5,0.15,18.03
ORD-101063,2023-04-25,2023-04-26,CUST-1610,Sneha Nair,36.0,Female,Home Office,North,Delhi,Office Supplies,Labels,Shipping Labels,149.64,3,0.2,29.08
ORD-101064,2023-04-30,2023-05-06,CUST-1819,Rahul Kapoor,41.0,Male,Consumer,West,Gujarat,Furniture,Bookcases,Ladder Bookshelf,3227.27,7,0.0,1368.36
ORD-101065,2024-04-07,2024-04-11,CUST-1779,Arjun Rao,52.0,Male,Consumer,East,Odisha,Office Supplies,Art,Marker Set,66.06,3,0.1,11.72
ORD-101066,2022-10-29,2022-11-03,CUST-1951,Aditya Patel,27.0,Male,Consumer,North,Delhi,Office Supplies,Storage,Storage Box Set,154.53,2,0.0,47.79
ORD-101067,2022-05-27,2022-06-02,CUST-2337,Isha Joshi,32.0,Female,Consumer,East,Bihar,Office Supplies,Storage,Storage Box Set,53.22,1,0.1,12.99
ORD-101068,2023-01-30,2023-02-03,CUST-2466,Vivek Rao,35.0,Male,Home Office,East,Bihar,Furniture,Furnishings,Wall Clock,312.57,1,0.2,64.04
ORD-101069,2022-12-04,2022-12-11,CUST-7281,Amit Gupta,18.0,Male,Consumer,East,West Bengal,Office Supplies,Art,Colored Pencils,173.06,3,0.0,52.96
ORD-101070,2022-12-09,2022-12-11,CUST-5802,Priya Iyer,47.0,Female,Corporate,North,Delhi,Office Supplies,Binders,Clip Binder,207.62,3,0.1,61.23
ORD-101071,2022-10-24,2022-10-30,CUST-4406,Vikram Rao,37.0,Male,Corporate,South,Kerala,Technology,Accessories,USB-C Hub,342.55,4,0.0,144.54
ORD-101072,2022-03-01,2022-03-05,CUST-4271,Sanjay Mehta,51.0,Male,Corporate,Central,Madhya Pradesh,Technology,Phones,Budget Smartphone S5,3047.02,6,0.2,650.7
ORD-101073,2022-01-25,2022-02-01,CUST-3480,Pooja Iyer,23.0,Female,Consumer,North,Delhi,Office Supplies,Art,Marker Set,101.36,6,0.1,23.46
ORD-101074,2024-12-24,2024-12-31,CUST-4655,Meera Rao,24.0,Female,Corporate,Central,Chhattisgarh,Office Supplies,Labels,Address Labels,23.27,1,0.0,6.57
ORD-101075,2023-05-07,2023-05-14,CUST-1951,Aditya Patel,29.0,Male,Corporate,Central,Madhya Pradesh,Office Supplies,Labels,Address Labels,53.49,2,0.15,14.47
ORD-101076,2023-03-13,2023-03-15,CUST-1215,Nikhil Patel,51.0,Male,Consumer,South,Kerala,Office Supplies,Art,Marker Set,86.82,3,0.2,4.39
ORD-101077,2024-01-19,2024-01-20,CUST-4345,Suresh Joshi,41.0,Male,Corporate,East,West Bengal,Furniture,Bookcases,Ladder Bookshelf,818.5,4,0.3,39.14
ORD-101078,2022-10-09,2022-10-11,CUST-1215,Nikhil Patel,52.0,Male,Consumer,North,Delhi,Technology,Copiers,Office Copier 200,2506.43,6,0.15,158.3
ORD-101079,2024-12-01,2024-12-03,CUST-1732,Amit Joshi,46.0,Male,Home Office,North,Uttar Pradesh,Furniture,Tables,Oak Dining Table,2543.57,5,0.2,95.51
ORD-101080,2024-06-07,2024-06-12,CUST-3383,Divya Verma,26.0,Female,Consumer,West,Rajasthan,Furniture,Chairs,Recliner Lounge Chair,458.37,3,0.0,181.44
ORD-101081,2022-05-01,2022-05-08,CUST-3117,Manish Mehta,40.0,Male,Consumer,West,Rajasthan,Technology,Phones,Budget Smartphone S5,678.84,1,0.0,213.97
ORD-101082,2023-04-25,2023-04-29,CUST-3492,Manish Kapoor,18.0,Male,Consumer,West,Rajasthan,Office Supplies,Binders,View Binder,372.58,7,0.15,39.93
ORD-101083,2024-10-03,2024-10-09,CUST-5808,Sanjay Kapoor,34.0,Male,Corporate,East,Odisha,Technology,Accessories,USB-C Hub,1317.73,5,0.1,383.7
ORD-101084,2024-11-27,2024-12-02,CUST-3207,Kavita Kapoor,43.0,Female,Consumer,East,West Bengal,Office Supplies,Labels,Address Labels,292.4,4,0.15,57.88
ORD-101085,2023-06-26,2023-07-03,CUST-9670,Divya Nair,25.0,Female,Consumer,North,Delhi,Furniture,Bookcases,Ladder Bookshelf,134.35,1,0.0,36.49
ORD-101086,2023-11-29,2023-12-02,CUST-2547,Aditya Gupta,25.0,Male,Home Office,North,Delhi,Office Supplies,Binders,Clip Binder,72.37,1,0.0,27.5
ORD-101087,2022-08-09,2022-08-11,CUST-5978,Amit Sharma,27.0,Male,Corporate,Central,Chhattisgarh,Technology,Accessories,Webcam HD,537.84,6,0.2,63.97
ORD-101088,2024-12-26,2024-12-29,CUST-8670,Kavita Nair,19.0,Female,Corporate,East,Odisha,Office Supplies,Envelopes,Window Envelopes,55.13,1,0.1,7.77
ORD-101089,2022-10-22,2022-10-29,CUST-2337,Isha Joshi,34.0,Female,Home Office,North,Uttar Pradesh,Furniture,Furnishings,Table Lamp,2793.33,7,0.2,247.46
ORD-101090,2024-11-26,2024-12-01,CUST-5590,Rahul Gupta,31.0,Male,Consumer,South,Karnataka,Technology,Phones,Smartphone X12,897.76,2,0.4,-67.67
ORD-101091,2023-12-21,2023-12-25,CUST-4406,Vikram Rao,35.0,Male,Consumer,South,Kerala,Office Supplies,Binders,Clip Binder,440.49,6,0.15,106.89
ORD-101092,2023-11-25,2023-11-30,CUST-2229,Sanjay Singh,58.0,Male,Consumer,West,Rajasthan,Office Supplies,Labels,Address Labels,73.17,1,0.1,14.18
ORD-101093,2023-08-26,2023-08-30,CUST-5978,Amit Sharma,28.0,Male,Consumer,West,Maharashtra,Technology,Accessories,USB-C Hub,4226.06,6,0.3,553.43
ORD-101094,2022-10-21,2022-10-25,CUST-2085,Anjali Gupta,29.0,Female,Consumer,South,Tamil Nadu,Office Supplies,Binders,3-Ring Binder,383.92,7,0.0,102.04
ORD-101095,2022-08-22,2022-08-29,CUST-5640,Sneha Reddy,27.0,Female,Consumer,West,Gujarat,Office Supplies,Paper,Notebook Set,120.6,2,0.15,31.88
ORD-101096,2022-10-11,2022-10-12,CUST-3985,Karan Kapoor,39.0,Male,Consumer,West,Rajasthan,Furniture,Furnishings,Wall Clock,2658.19,7,0.0,959.78
ORD-101097,2022-09-03,2022-09-10,CUST-2609,Vikram Sharma,44.0,Male,Consumer,North,Punjab,Office Supplies,Paper,A4 Copy Paper Ream,54.42,1,0.2,12.92
ORD-101098,2024-05-29,2024-05-31,CUST-7572,Amit Kapoor,39.0,Male,Consumer,West,Gujarat,Technology,Copiers,Office Copier 200,4832.08,6,0.3,211.1
ORD-101099,2023-01-24,2023-01-29,CUST-9223,Sneha Iyer,39.0,Female,Corporate,South,Telangana,Office Supplies,Art,Colored Pencils,287.27,4,0.1,53.17
ORD-101100,2022-03-21,2022-03-25,CUST-5590,Rahul Gupta,32.0,Male,Home Office,North,Haryana,Office Supplies,Paper,Sticky Notes Pack,48.73,4,0.1,5.77
ORD-101101,2024-12-13,2024-12-20,CUST-2172,Divya Sharma,36.0,Female,Consumer,Central,Chhattisgarh,Technology,Copiers,Compact Copier,1787.46,7,0.0,779.77
ORD-101102,2024-10-07,2024-10-14,CUST-9307,Vikram Gupta,18.0,Male,Consumer,North,Delhi,Office Supplies,Paper,Sticky Notes Pack,287.07,5,0.2,61.66
ORD-101103,2024-11-15,2024-11-20,CUST-8470,Ritu Singh,26.0,Female,Home Office,West,Rajasthan,Office Supplies,Binders,3-Ring Binder,155.91,4,0.15,10.83
ORD-101104,2024-12-28,2025-01-02,CUST-9133,Anjali Kapoor,35.0,Female,Corporate,North,Punjab,Furniture,Bookcases,5-Shelf Bookcase,87.2,1,0.2,11.97
ORD-101105,2022-08-18,2022-08-22,CUST-2357,Meera Rao,38.0,Female,Home Office,North,Haryana,Technology,Phones,Smartphone X12,4994.55,7,0.1,1038.99
ORD-101106,2023-03-28,2023-04-03,CUST-2337,Isha Joshi,33.0,Female,Consumer,Central,Chhattisgarh,Office Supplies,Binders,View Binder,48.79,5,0.15,8.03
ORD-101107,2024-05-03,2024-05-06,CUST-3376,Pooja Iyer,40.0,Female,Consumer,South,Telangana,Technology,Phones,Budget Smartphone S5,709.31,2,0.2,61.92
ORD-101108,2024-02-11,2024-02-13,CUST-5590,Rahul Gupta,33.0,Male,Consumer,North,Punjab,Furniture,Furnishings,Curtain Set,1558.82,3,0.3,-139.33
ORD-101109,2022-07-23,2022-07-25,CUST-6403,Arjun Iyer,20.0,Male,Corporate,North,Punjab,Furniture,Tables,Oak Dining Table,281.57,3,0.1,59.31
ORD-101110,2024-07-16,2024-07-22,CUST-1215,Nikhil Patel,51.0,Male,Corporate,South,Karnataka,Furniture,Tables,Adjustable Standing Desk,1989.23,7,0.4,38.25
ORD-101111,2022-10-15,2022-10-16,CUST-6403,Arjun Iyer,20.0,Male,Corporate,Central,Chhattisgarh,Technology,Machines,Label Maker,112.85,1,0.1,20.2
ORD-101112,2022-10-14,2022-10-20,CUST-5802,Priya Iyer,47.0,Female,Corporate,West,Gujarat,Office Supplies,Envelopes,Window Envelopes,137.77,6,0.0,35.44
ORD-101113,2023-09-23,2023-09-24,CUST-5122,Manish Mehta,21.0,Male,Consumer,West,Gujarat,Furniture,Tables,Glass Coffee Table,1561.66,4,0.0,584.87
ORD-101114,2023-11-14,2023-11-15,CUST-6869,Anita Patel,40.0,Female,Corporate,North,Uttar Pradesh,Furniture,Chairs,Executive Leather Chair,4024.58,7,0.0,1028.04
ORD-101115,2023-11-05,2023-11-11,CUST-8755,Karan Verma,19.0,Male,Consumer,West,Rajasthan,Office Supplies,Art,Marker Set,285.36,4,0.3,1.77
ORD-101116,2022-05-04,2022-05-06,CUST-9715,Priya Patel,42.0,Female,Consumer,West,Maharashtra,Technology,Phones,Cordless Landline,322.6,3,0.0,123.82
ORD-101117,2024-10-01,2024-10-04,CUST-2609,Vikram Sharma,41.0,Male,Consumer,South,Kerala,Office Supplies,Envelopes,Mailing Envelopes,462.34,7,0.2,63.86
ORD-101118,2022-11-18,2022-11-20,CUST-8721,Pooja Patel,41.0,Female,Consumer,North,Punjab,Office Supplies,Art,Sketch Pad,286.95,5,0.1,89.49
ORD-101119,2022-06-20,2022-06-27,CUST-3298,Sneha Joshi,54.0,Female,Consumer,West,Rajasthan,Technology,Copiers,Compact Copier,1395.94,2,0.0,340.83
ORD-101120,2024-10-12,2024-10-14,CUST-8670,Kavita Nair,18.0,Female,Corporate,West,Maharashtra,Technology,Machines,3D Printer Mini,2646.47,5,0.15,774.88
ORD-101121,2024-12-04,2024-12-06,CUST-5020,Kavita Gupta,50.0,Female,Home Office,East,Bihar,Office Supplies,Art,Sketch Pad,167.33,7,0.1,25.68
ORD-101122,2024-09-13,2024-09-19,CUST-8093,Pooja Rao,37.0,Female,Home Office,South,Tamil Nadu,Office Supplies,Labels,Shipping Labels,262.3,5,0.2,2.56
ORD-101123,2024-07-07,2024-07-13,CUST-8721,Pooja Patel,40.0,Female,Corporate,South,Tamil Nadu,Furniture,Bookcases,Ladder Bookshelf,986.91,2,0.15,93.59
ORD-101124,2023-12-25,2024-01-01,CUST-7216,Vivek Patel,19.0,Male,Consumer,South,Tamil Nadu,Furniture,Chairs,Foldable Study Chair,494.47,1,0.2,119.06
ORD-101125,2023-10-08,2023-10-15,CUST-5590,Rahul Gupta,31.0,Male,Consumer,Central,Chhattisgarh,Office Supplies,Envelopes,Window Envelopes,119.31,5,0.1,27.96
ORD-101126,2022-04-28,2022-05-04,CUST-5661,Amit Mehta,48.0,Male,Corporate,East,Odisha,Office Supplies,Binders,3-Ring Binder,38.26,1,,
ORD-101127,2023-04-13,2023-04-15,CUST-6340,Karan Patel,18.0,Male,Home Office,Central,Madhya Pradesh,Office Supplies,Storage,Storage Box Set,92.81,6,0.2,5.99
ORD-101128,2023-02-25,2023-02-28,CUST-8409,Amit Rao,44.0,Male,Consumer,North,Haryana,Furniture,Bookcases,Corner Bookcase,2707.45,5,0.0,880.05
ORD-101129,2022-11-14,2022-11-15,CUST-2627,Sneha Sharma,29.0,Female,Consumer,East,Bihar,Technology,Machines,3D Printer Mini,925.36,5,0.1,210.16
ORD-101130,2024-03-20,2024-03-25,CUST-8093,Pooja Rao,39.0,Female,Home Office,West,Gujarat,Furniture,Furnishings,Area Rug,217.11,1,0.15,51.75
ORD-101131,2023-08-04,2023-08-05,CUST-4676,Karan Kapoor,50.0,Male,Consumer,East,West Bengal,Furniture,Furnishings,Wall Clock,1380.8,4,0.0,575.36
ORD-101132,2022-04-20,2022-04-27,CUST-2627,Sneha Sharma,29.0,Female,Consumer,West,Rajasthan,Office Supplies,Envelopes,Mailing Envelopes,223.81,4,0.4,-32.11
ORD-101133,2022-10-10,2022-10-17,CUST-7572,Amit Kapoor,38.0,Male,Consumer,Central,Chhattisgarh,Office Supplies,Paper,Sticky Notes Pack,280.37,5,0.0,74.58
ORD-101134,2024-01-24,2024-01-25,CUST-6093,Sneha Mehta,25.0,Female,Consumer,East,Bihar,Furniture,Tables,Oak Dining Table,1411.0,3,0.15,286.25
ORD-101135,2022-04-14,2022-04-19,CUST-5590,Rahul Gupta,30.0,Male,Consumer,West,Maharashtra,Technology,Machines,3D Printer Mini,307.85,1,0.0,93.07
ORD-101136,2024-09-01,2024-09-03,CUST-8093,Pooja Rao,38.0,Female,Corporate,North,Uttar Pradesh,Office Supplies,Labels,Shipping Labels,39.01,1,0.0,17.13
ORD-101137,2023-08-03,2023-08-06,CUST-5590,Rahul Gupta,34.0,Male,Home Office,North,Haryana,Furniture,Bookcases,Corner Bookcase,1571.51,4,0.1,180.81
ORD-101138,2023-07-14,2023-07-17,CUST-8424,Priya Patel,20.0,Female,Consumer,Central,Chhattisgarh,Office Supplies,Labels,Shipping Labels,332.22,6,0.0,74.14
ORD-101139,2023-11-14,2023-11-15,CUST-6134,Manish Patel,18.0,Male,Consumer,East,Bihar,Furniture,Tables,Glass Coffee Table,1036.97,5,0.0,459.93
ORD-101140,2024-07-28,2024-08-02,CUST-5661,Amit Mehta,47.0,Male,Consumer,Central,Madhya Pradesh,Furniture,Bookcases,5-Shelf Bookcase,486.82,1,0.2,59.22
ORD-101141,2023-01-21,2023-01-28,CUST-2725,Vikram Kapoor,20.0,Male,Corporate,North,Punjab,Furniture,Furnishings,Wall Clock,1286.58,4,0.2,96.5
ORD-101142,2024-01-17,2024-01-21,CUST-9366,Nikhil Joshi,28.0,Male,Home Office,North,Uttar Pradesh,Technology,Machines,3D Printer Mini,1281.46,2,0.0,365.53
ORD-101143,2023-10-23,2023-10-25,CUST-4676,Karan Kapoor,52.0,Male,Corporate,North,Punjab,Office Supplies,Binders,3-Ring Binder,109.62,7,0.4,2.37
ORD-101144,2022-11-19,2022-11-20,CUST-9333,Meera Nair,52.0,Female,Home Office,North,Haryana,Technology,Phones,Budget Smartphone S5,2319.94,5,0.0,692.96
ORD-101145,2024-10-02,2024-10-05,CUST-8723,Manish Verma,48.0,Male,Corporate,North,Punjab,Technology,Phones,Cordless Landline,518.85,1,0.0,225.85
ORD-101146,2024-06-21,2024-06-28,CUST-8093,Pooja Rao,37.0,Female,Consumer,Central,Chhattisgarh,Office Supplies,Binders,3-Ring Binder,237.69,4,0.3,-8.88
ORD-101147,2023-12-27,2024-01-02,CUST-2416,Kavita Nair,54.0,Female,Consumer,West,Maharashtra,Technology,Machines,Label Maker,2982.32,5,0.15,431.51
ORD-101148,2024-08-31,2024-09-06,CUST-6351,Anita Iyer,24.0,Female,Home Office,North,Punjab,Office Supplies,Art,Colored Pencils,292.34,4,0.15,77.79
ORD-101149,2024-09-19,2024-09-24,CUST-5352,Suresh Singh,18.0,Male,Consumer,South,Telangana,Furniture,Chairs,Executive Leather Chair,2436.93,5,0.15,607.38
ORD-101150,2024-02-29,2024-03-05,CUST-8093,Pooja Rao,37.0,Female,Corporate,East,West Bengal,Office Supplies,Labels,Shipping Labels,23.6,2,0.15,2.35
ORD-101151,2024-08-13,2024-08-14,CUST-6093,Sneha Mehta,27.0,Female,Corporate,North,Punjab,Office Supplies,Storage,File Cabinet,43.95,1,0.0,17.96
ORD-101152,2024-02-13,2024-02-17,CUST-8723,Manish Verma,45.0,Male,Consumer,Central,Madhya Pradesh,Office Supplies,Paper,Sticky Notes Pack,192.48,3,0.4,-0.6
ORD-101153,2024-01-20,2024-01-23,CUST-3142,Anjali Verma,29.0,Female,Corporate,West,Gujarat,Furniture,Bookcases,Corner Bookcase,1118.49,7,0.15,77.75
ORD-101154,2023-12-02,2023-12-03,CUST-5802,Priya Iyer,47.0,Female,Corporate,North,Delhi,Furniture,Chairs,Foldable Study Chair,363.95,1,0.0,151.48
ORD-101155,2024-04-26,2024-04-30,CUST-8057,Priya Patel,18.0,Female,Consumer,East,Bihar,Office Supplies,Envelopes,Mailing Envelopes,545.29,7,0.0,243.66
ORD-101156,2022-07-29,2022-08-05,CUST-4676,Karan Kapoor,52.0,Male,Consumer,North,Delhi,Office Supplies,Labels,Shipping Labels,138.55,6,0.0,42.0
ORD-101157,2024-10-04,2024-10-09,CUST-8721,Pooja Patel,42.0,Female,Corporate,North,Uttar Pradesh,Office Supplies,Envelopes,Window Envelopes,208.13,5,0.0,62.23
ORD-101158,2024-09-24,2024-09-30,CUST-5431,Divya Rao,42.0,Female,Corporate,Central,Madhya Pradesh,Technology,Machines,Label Maker,1387.3,3,0.0,430.5
ORD-101159,2022-02-10,2022-02-12,CUST-4045,Divya Mehta,52.0,Female,Consumer,West,Gujarat,Office Supplies,Labels,Shipping Labels,267.2,6,0.15,35.34
ORD-101160,2024-07-30,2024-08-06,CUST-2725,Vikram Kapoor,21.0,Male,Consumer,North,Punjab,Office Supplies,Art,Colored Pencils,38.43,5,0.15,2.59
ORD-101161,2022-06-19,2022-06-25,CUST-8900,Shreya Rao,55.0,Female,Consumer,West,Maharashtra,Technology,Phones,Smartphone X12,1170.32,2,0.3,-115.46
ORD-101162,2023-01-03,2023-01-06,CUST-3142,Anjali Verma,29.0,Female,Corporate,East,Odisha,Furniture,Tables,Adjustable Standing Desk,932.81,3,0.15,67.26
ORD-101163,2024-04-15,2024-04-18,CUST-3142,Anjali Verma,27.0,Female,Home Office,West,Gujarat,Furniture,Tables,Round Side Table,1044.2,3,0.0,420.99
ORD-101164,2022-08-01,2022-08-07,CUST-9366,Nikhil Joshi,26.0,Male,Corporate,West,Maharashtra,Office Supplies,Paper,Notebook Set,452.6,7,0.15,32.57
ORD-101165,2024-07-19,2024-07-26,CUST-8093,Pooja Rao,39.0,Female,Consumer,South,Tamil Nadu,Furniture,Bookcases,Corner Bookcase,273.93,1,0.1,59.38
ORD-101166,2024-08-07,2024-08-13,CUST-5590,Rahul Gupta,33.0,Male,Corporate,East,West Bengal,Furniture,Tables,Adjustable Standing Desk,110.21,1,0.0,22.39
ORD-101167,2023-08-19,2023-08-23,CUST-6941,Manish Rao,26.0,Male,Corporate,East,West Bengal,Office Supplies,Paper,Notebook Set,344.65,6,0.15,24.43
ORD-101168,2022-01-09,2022-01-10,CUST-2725,Vikram Kapoor,24.0,Male,Consumer,South,Telangana,Furniture,Bookcases,Corner Bookcase,829.97,4,0.0,322.63
ORD-101169,2022-12-03,2022-12-08,CUST-4865,Priya Rao,20.0,Female,Consumer,West,Maharashtra,Office Supplies,Labels,Shipping Labels,102.69,2,0.2,21.27
ORD-101170,2023-12-01,2023-12-05,CUST-8409,Amit Rao,41.0,Male,Home Office,North,Haryana,Office Supplies,Labels,Shipping Labels,135.76,2,0.0,57.15
ORD-101171,2024-12-20,2024-12-22,CUST-4522,Sanjay Mehta,35.0,Male,Corporate,South,Karnataka,Office Supplies,Art,Sketch Pad,91.74,2,0.2,19.2
ORD-101172,2023-12-11,2023-12-17,CUST-6856,Neha Gupta,52.0,Female,Consumer,South,Tamil Nadu,Technology,Phones,Smartphone X12,346.94,2,0.1,58.63
ORD-101173,2022-11-14,2022-11-16,CUST-4807,Vikram Iyer,37.0,Male,Home Office,South,Telangana,Office Supplies,Envelopes,Mailing Envelopes,75.42,7,0.1,19.88
ORD-101174,2023-12-12,2023-12-14,CUST-2332,Manish Iyer,70.0,Male,Home Office,West,Gujarat,Furniture,Chairs,Ergo Mesh Office Chair,559.87,2,0.3,6.0
ORD-101175,2023-09-27,2023-10-01,CUST-6083,Pooja Nair,46.0,Female,Corporate,East,Bihar,Office Supplies,Storage,Desk Organizer,247.58,5,0.1,84.95
ORD-101176,2024-05-30,2024-06-04,CUST-5815,Anita Gupta,36.0,Female,Home Office,West,Rajasthan,Office Supplies,Labels,Address Labels,75.95,1,0.0,33.8
ORD-101177,2022-05-22,2022-05-29,CUST-2337,Isha Joshi,32.0,Female,Consumer,Central,Madhya Pradesh,Office Supplies,Labels,Shipping Labels,137.53,2,0.0,52.59
ORD-101178,2024-05-07,2024-05-10,CUST-7746,Suresh Gupta,32.0,Male,Corporate,North,Haryana,Office Supplies,Storage,Desk Organizer,112.35,2,0.0,38.86
ORD-101179,2023-09-28,2023-09-29,CUST-7746,Suresh Gupta,31.0,Male,Corporate,West,Rajasthan,Office Supplies,Envelopes,Mailing Envelopes,54.27,1,0.2,0.45
ORD-101180,2024-12-09,2024-12-12,CUST-2725,Vikram Kapoor,24.0,Male,Home Office,West,Maharashtra,Technology,Machines,3D Printer Mini,1500.72,7,0.1,387.21
ORD-101181,2023-01-13,2023-01-18,CUST-5815,Anita Gupta,36.0,Female,Consumer,South,Tamil Nadu,Technology,Machines,Label Maker,3192.11,5,0.2,580.04
ORD-101182,2023-12-11,2023-12-14,CUST-7681,Nikhil Sharma,47.0,Male,Consumer,South,Karnataka,Furniture,Chairs,Foldable Study Chair,471.29,2,0.1,157.24
ORD-101183,2024-11-18,2024-11-24,CUST-7375,Manish Mehta,40.0,Male,Consumer,North,Haryana,Office Supplies,Paper,A4 Copy Paper Ream,337.32,7,0.1,82.59
ORD-101184,2022-05-17,2022-05-23,CUST-2337,Isha Joshi,31.0,Female,Consumer,North,Uttar Pradesh,Office Supplies,Labels,Shipping Labels,108.76,3,0.1,31.31
ORD-101185,2024-11-22,2024-11-26,CUST-2562,Sneha Rao,47.0,Female,Corporate,Central,Madhya Pradesh,Office Supplies,Envelopes,Window Envelopes,290.32,5,0.0,64.69
ORD-101186,2024-01-30,2024-02-01,CUST-1088,Karan Singh,34.0,Male,Consumer,East,Bihar,Office Supplies,Labels,Address Labels,146.94,7,0.15,28.45
ORD-101187,2022-04-03,2022-04-08,CUST-1285,Nikhil Reddy,23.0,Male,Corporate,East,West Bengal,Furniture,Furnishings,Table Lamp,1414.74,3,0.0,332.25
ORD-101188,2022-12-12,2022-12-17,CUST-3142,Anjali Verma,25.0,Female,Home Office,East,Odisha,Technology,Machines,Laser Printer,963.95,4,0.0,295.12
ORD-101189,2024-02-29,2024-03-03,CUST-8250,Neha Reddy,18.0,Female,Corporate,Central,Chhattisgarh,Furniture,Furnishings,Wall Clock,1513.94,7,0.1,377.06
ORD-101190,2022-04-03,2022-04-07,CUST-1088,Karan Singh,32.0,Male,Corporate,North,Punjab,Technology,Machines,Label Maker,2916.05,4,0.0,988.22
ORD-101191,2023-11-06,2023-11-09,CUST-8951,Vivek Nair,44.0,Male,Corporate,East,Bihar,Technology,Machines,Label Maker,5049.73,6,0.15,1023.38
ORD-101192,2023-01-18,2023-01-21,CUST-8695,Ritu Iyer,37.0,Female,Home Office,East,Odisha,Office Supplies,Paper,Notebook Set,191.39,5,0.0,58.36
ORD-101193,2023-12-04,2023-12-09,CUST-1596,Vikram Reddy,35.0,Male,Corporate,East,Bihar,Office Supplies,Envelopes,Window Envelopes,399.61,6,0.15,87.25
ORD-101194,2022-03-06,2022-03-09,CUST-1925,Suresh Mehta,36.0,Male,Home Office,Central,Madhya Pradesh,Furniture,Bookcases,Ladder Bookshelf,1782.65,3,0.15,156.13
ORD-101195,2024-09-24,2024-09-26,CUST-5928,Suresh Gupta,52.0,Male,Corporate,East,Bihar,Technology,Copiers,Office Copier 200,283.05,1,0.3,1.8
ORD-101196,2024-12-15,2024-12-18,CUST-1025,Nikhil Nair,23.0,Male,Corporate,East,Bihar,Furniture,Bookcases,5-Shelf Bookcase,552.53,2,0.3,4.84
ORD-101197,2024-12-13,2024-12-15,CUST-5797,Aditya Nair,57.0,Male,Home Office,Central,Chhattisgarh,Office Supplies,Labels,Address Labels,299.81,6,0.15,85.77
ORD-101198,2024-04-22,2024-04-27,CUST-4865,Priya Rao,21.0,Female,Consumer,West,Maharashtra,Office Supplies,Storage,Desk Organizer,51.66,4,0.15,9.17
ORD-101199,2022-06-21,2022-06-25,CUST-4865,Kavita Iyer,31.0,Female,Home Office,North,Punjab,Office Supplies,Paper,Notebook Set,27.29,2,0.0,11.57
ORD-101200,2024-05-03,2024-05-09,CUST-5540,Pooja Rao,33.0,Female,Consumer,East,Bihar,Office Supplies,Storage,File Cabinet,144.97,5,0.2,1.48
ORD-101201,2022-02-03,2022-02-05,CUST-1925,Suresh Mehta,36.0,Male,Consumer,Central,Chhattisgarh,Office Supplies,Binders,3-Ring Binder,58.32,4,0.15,4.77
ORD-101202,2022-01-31,2022-02-04,CUST-9922,Anita Mehta,35.0,Female,Consumer,East,West Bengal,Technology,Copiers,Compact Copier,381.29,1,0.15,30.49
ORD-101203,2022-12-26,2022-12-30,CUST-6941,Manish Rao,25.0,Male,Consumer,North,Uttar Pradesh,Technology,Phones,Budget Smartphone S5,301.89,2,0.4,-52.01
ORD-101204,2023-07-25,2023-07-27,CUST-3061,Priya Sharma,33.0,Female,Consumer,South,Telangana,Furniture,Bookcases,Ladder Bookshelf,170.81,2,0.0,67.91
ORD-101205,2024-05-18,2024-05-23,CUST-6941,Manish Rao,28.0,Male,Home Office,West,Rajasthan,Office Supplies,Envelopes,Window Envelopes,419.37,6,0.15,32.18
ORD-101206,2024-01-24,2024-01-25,CUST-1973,Rohan Nair,23.0,Male,Corporate,North,Punjab,Furniture,Tables,Round Side Table,1272.43,5,0.0,289.57
ORD-101207,2023-05-30,2023-06-03,CUST-6678,Divya Iyer,33.0,Female,Consumer,South,Karnataka,Furniture,Furnishings,Wall Clock,411.91,2,0.15,91.04
ORD-101208,2022-11-24,2022-11-28,CUST-6941,Manish Rao,25.0,Male,Consumer,North,Delhi,Office Supplies,Art,Marker Set,38.07,3,0.4,-6.56
ORD-101209,2024-12-30,2025-01-04,CUST-8416,Amit Rao,34.0,Male,Consumer,East,Odisha,Office Supplies,Art,Marker Set,328.41,5,0.2,8.97
ORD-101210,2023-05-06,2023-05-11,CUST-8250,Neha Reddy,18.0,Female,Consumer,West,Rajasthan,Office Supplies,Envelopes,Window Envelopes,223.03,4,0.2,7.62
ORD-101211,2023-06-06,2023-06-09,CUST-2562,Sneha Rao,49.0,Female,Home Office,South,Telangana,Technology,Accessories,USB-C Hub,163.85,1,0.15,23.92
ORD-101212,2022-08-05,2022-08-10,CUST-2698,Meera Gupta,26.0,Female,Consumer,North,Punjab,Office Supplies,Binders,Clip Binder,53.13,1,0.4,0.14
ORD-101213,2024-06-18,2024-06-22,CUST-1424,Neha Gupta,18.0,Female,Consumer,West,Rajasthan,Furniture,Chairs,Recliner Lounge Chair,648.95,4,0.15,68.8
ORD-101214,2024-02-08,2024-02-10,CUST-6128,Vivek Verma,18.0,Male,Consumer,West,Rajasthan,Furniture,Furnishings,Wall Clock,1709.25,3,0.3,10.89
ORD-101215,2022-10-11,2022-10-12,CUST-6678,Divya Iyer,,Female,Home Office,South,Kerala,Technology,Copiers,Compact Copier,670.33,5,0.0,260.59
ORD-101216,2022-04-22,2022-04-29,CUST-2305,Neha Mehta,29.0,Female,Home Office,South,Kerala,Furniture,Tables,Adjustable Standing Desk,1491.73,4,0.15,176.52
ORD-101217,2024-01-20,2024-01-23,CUST-7681,Nikhil Sharma,48.0,Male,Home Office,Central,Chhattisgarh,Office Supplies,Binders,View Binder,50.89,2,0.1,11.13
ORD-101218,2023-12-24,2023-12-31,CUST-1424,Neha Gupta,18.0,Female,Consumer,West,Gujarat,Furniture,Furnishings,Curtain Set,1260.07,3,0.4,30.47
ORD-101219,2022-11-24,2022-11-26,CUST-8416,Amit Rao,34.0,Male,Home Office,East,Bihar,Office Supplies,Paper,A4 Copy Paper Ream,301.44,4,0.3,8.17
ORD-101220,2024-12-02,2024-12-03,CUST-6313,Aditya Nair,35.0,Male,Consumer,South,Tamil Nadu,Office Supplies,Art,Colored Pencils,506.67,7,0.0,200.92
ORD-101221,2022-07-19,2022-07-20,CUST-3808,Rohan Nair,30.0,Male,Consumer,West,Maharashtra,Office Supplies,Binders,3-Ring Binder,65.54,4,0.0,24.07
ORD-101222,2023-05-13,2023-05-14,CUST-6678,Divya Iyer,33.0,Female,Consumer,East,Odisha,Office Supplies,Storage,File Cabinet,393.19,5,0.0,125.5
ORD-101223,2024-11-26,2024-12-02,CUST-6941,Manish Rao,28.0,Male,Consumer,Central,Madhya Pradesh,Office Supplies,Storage,Storage Box Set,148.3,3,0.1,16.66
ORD-101224,2023-04-27,2023-04-29,CUST-5797,Aditya Nair,57.0,Male,Consumer,South,Kerala,Office Supplies,Binders,View Binder,40.84,2,,-0.9
ORD-101225,2023-12-15,2023-12-18,CUST-9922,Anita Mehta,37.0,Female,Consumer,North,Uttar Pradesh,Furniture,Furnishings,Area Rug,330.0,3,0.0,139.96
ORD-101226,2023-03-30,2023-04-02,CUST-9068,Rohan Rao,19.0,Male,Consumer,Central,Chhattisgarh,Office Supplies,Envelopes,Window Envelopes,138.87,2,0.2,5.86
ORD-101227,2022-11-25,2022-11-26,CUST-9672,Pooja Gupta,49.0,Female,Consumer,North,Delhi,Furniture,Chairs,Recliner Lounge Chair,731.23,3,0.0,258.42
ORD-101228,2024-12-22,2024-12-24,CUST-3808,Rohan Nair,31.0,Male,Consumer,East,West Bengal,Office Supplies,Paper,A4 Copy Paper Ream,161.22,3,0.1,30.34
ORD-101229,2023-04-14,2023-04-20,CUST-7681,Nikhil Sharma,48.0,Male,Home Office,West,Maharashtra,Office Supplies,Paper,Sticky Notes Pack,267.09,5,0.3,-13.85
ORD-101230,2024-10-17,2024-10-18,CUST-8231,Karan Joshi,18.0,Male,Consumer,South,Telangana,Office Supplies,Storage,File Cabinet,208.84,4,0.0,85.63
ORD-101231,2022-10-20,2022-10-25,CUST-6856,Neha Gupta,53.0,Female,Consumer,West,Rajasthan,Technology,Copiers,Compact Copier,230.82,2,0.2,5.82
ORD-101232,2022-10-03,2022-10-10,CUST-7055,Meera Joshi,49.0,Female,Home Office,South,Karnataka,Furniture,Furnishings,Area Rug,509.65,1,0.1,83.43
ORD-101233,2022-02-13,2022-02-16,CUST-5495,Divya Gupta,48.0,Female,Consumer,North,Uttar Pradesh,Office Supplies,Paper,Notebook Set,30.4,5,0.2,6.67
ORD-101234,2023-12-23,2023-12-30,CUST-3808,Rohan Nair,,Male,Consumer,North,Haryana,Office Supplies,Binders,View Binder,298.69,5,0.0,77.41
ORD-101235,2023-02-19,2023-02-23,CUST-8969,Isha Singh,23.0,Female,Corporate,East,West Bengal,Office Supplies,Labels,Shipping Labels,53.25,1,0.0,17.02
ORD-101236,2024-09-16,2024-09-17,CUST-8934,Nikhil Gupta,43.0,Male,Consumer,South,Telangana,Furniture,Bookcases,5-Shelf Bookcase,2044.68,4,0.15,133.0
ORD-101237,2023-07-04,2023-07-09,CUST-1424,Neha Gupta,18.0,Female,Corporate,North,Punjab,Technology,Copiers,Office Copier 200,351.99,1,0.15,89.45
ORD-101238,2024-12-12,2024-12-15,CUST-8934,Nikhil Gupta,43.0,Male,Consumer,North,Punjab,Office Supplies,Labels,Address Labels,206.1,3,0.2,11.33
ORD-101239,2022-09-02,2022-09-09,CUST-8028,Vivek Patel,46.0,Male,Corporate,West,Rajasthan,Furniture,Bookcases,Ladder Bookshelf,686.01,2,0.4,-40.42
ORD-101240,2024-09-21,2024-09-27,CUST-8375,Karan Rao,52.0,Male,Corporate,North,Punjab,Office Supplies,Binders,View Binder,241.57,5,0.3,-11.56
ORD-101241,2024-05-26,2024-05-28,CUST-6313,Aditya Nair,36.0,Male,Corporate,South,Telangana,Office Supplies,Envelopes,Window Envelopes,269.65,7,0.2,25.94
ORD-101242,2024-05-19,2024-05-22,CUST-1424,Neha Gupta,19.0,Female,Consumer,West,Rajasthan,Furniture,Chairs,Executive Leather Chair,1208.72,4,0.3,73.45
ORD-101243,2024-08-23,2024-08-30,CUST-5178,Meera Reddy,30.0,Female,Consumer,West,Rajasthan,Office Supplies,Envelopes,Mailing Envelopes,151.92,3,0.3,7.77
ORD-101244,2024-05-07,2024-05-09,CUST-8740,Amit Nair,40.0,Male,Corporate,Central,Chhattisgarh,Office Supplies,Paper,Sticky Notes Pack,294.09,4,0.0,82.57
ORD-101245,2023-12-07,2023-12-14,CUST-4202,Priya Kapoor,42.0,Female,Consumer,North,Delhi,Furniture,Tables,Adjustable Standing Desk,838.23,2,0.0,223.23
ORD-101246,2022-06-22,2022-06-24,CUST-7797,Kavita Patel,,Female,Home Office,West,Gujarat,Technology,Phones,Budget Smartphone S5,1710.57,5,0.0,387.75
ORD-101247,2022-02-15,2022-02-21,CUST-1240,Aditya Sharma,34.0,Male,Consumer,West,Maharashtra,Furniture,Bookcases,Corner Bookcase,826.6,2,0.4,-139.74
ORD-101248,2024-11-10,2024-11-16,CUST-6001,Manish Joshi,29.0,Male,Corporate,East,Odisha,Office Supplies,Labels,Address Labels,208.61,7,0.0,56.44
ORD-101249,2023-12-01,2023-12-02,CUST-5797,Aditya Nair,55.0,Male,Corporate,Central,Madhya Pradesh,Furniture,Tables,Adjustable Standing Desk,1461.81,4,0.3,-62.82
ORD-101250,2024-06-20,2024-06-21,CUST-2606,Priya Joshi,33.0,Female,Consumer,West,Maharashtra,Technology,Machines,Laser Printer,3222.63,4,0.0,1229.33
ORD-101251,2023-07-15,2023-07-18,CUST-6008,Karan Iyer,54.0,Male,Home Office,East,Odisha,Furniture,Chairs,Ergo Mesh Office Chair,1018.81,3,0.2,207.83
ORD-101252,2022-06-04,2022-06-10,CUST-7958,Manish Reddy,42.0,Male,Corporate,West,Gujarat,Technology,Machines,Laser Printer,3285.17,6,0.3,-32.85
ORD-101253,2022-06-14,2022-06-19,CUST-8654,Kavita Sharma,18.0,Female,Consumer,West,Gujarat,Technology,Machines,Laser Printer,213.5,3,0.2,16.0
ORD-101254,2024-01-27,2024-02-03,CUST-5117,Neha Patel,40.0,Female,Corporate,East,Bihar,Technology,Phones,Budget Smartphone S5,1124.99,2,0.15,246.52
ORD-101255,2023-05-11,2023-05-18,CUST-2369,Vikram Mehta,39.0,Male,Home Office,East,Odisha,Office Supplies,Labels,Shipping Labels,256.53,6,0.2,21.34
ORD-101256,2022-09-19,2022-09-26,CUST-2305,Neha Mehta,29.0,Female,Consumer,North,Delhi,Furniture,Furnishings,Table Lamp,261.64,3,0.0,81.03
ORD-101257,2023-07-29,2023-08-01,CUST-8104,Anjali Mehta,36.0,Female,Consumer,East,Bihar,Office Supplies,Paper,Notebook Set,48.82,3,0.0,15.92
ORD-101258,2022-03-30,2022-04-06,CUST-5117,Neha Patel,40.0,Female,Corporate,South,Karnataka,Office Supplies,Paper,Sticky Notes Pack,199.49,5,0.1,43.29
ORD-101259,2023-11-06,2023-11-10,CUST-9062,Rohan Sharma,18.0,Male,Consumer,East,Bihar,Technology,Accessories,Mechanical Keyboard,1261.69,2,0.15,293.24
ORD-101260,2022-11-21,2022-11-23,CUST-4414,Suresh Joshi,32.0,Male,Corporate,South,Telangana,Furniture,Bookcases,5-Shelf Bookcase,1047.08,4,0.15,259.01
ORD-101261,2024-06-22,2024-06-29,CUST-2024,Nikhil Verma,22.0,Male,Consumer,South,Kerala,Technology,Accessories,USB-C Hub,610.6,5,0.0,253.05
ORD-101262,2022-12-18,2022-12-20,CUST-7661,Priya Rao,32.0,Female,Corporate,North,Punjab,Furniture,Furnishings,Curtain Set,486.06,2,0.2,16.53
ORD-101263,2023-06-10,2023-06-11,CUST-4828,Vikram Gupta,18.0,Male,Corporate,West,Rajasthan,Office Supplies,Binders,Clip Binder,277.7,5,0.1,74.67
ORD-101264,2022-01-16,2022-01-23,CUST-5541,Amit Verma,40.0,Male,Consumer,Central,Chhattisgarh,Office Supplies,Binders,Clip Binder,306.35,4,0.2,44.63
ORD-101265,2022-04-09,2022-04-14,CUST-7661,Priya Rao,31.0,Female,Home Office,Central,Chhattisgarh,Furniture,Chairs,Recliner Lounge Chair,326.45,1,0.3,6.34
ORD-101266,2023-03-23,2023-03-29,CUST-4828,Vikram Gupta,18.0,Male,Corporate,South,Telangana,Office Supplies,Art,Colored Pencils,118.35,3,0.0,39.3
ORD-101267,2023-07-13,2023-07-19,CUST-2176,Sanjay Mehta,34.0,Male,Corporate,North,Punjab,Office Supplies,Storage,Storage Box Set,174.54,5,0.2,32.08
ORD-101268,2023-11-19,2023-11-20,CUST-2176,Sanjay Mehta,34.0,Male,Consumer,North,Haryana,Office Supplies,Labels,Address Labels,94.99,6,0.0,23.02
ORD-101269,2022-12-06,2022-12-10,CUST-2024,Nikhil Verma,,Male,Consumer,North,Delhi,Furniture,Furnishings,Area Rug,1741.78,4,0.3,119.32
ORD-101270,2024-02-10,2024-02-13,CUST-2176,Sanjay Mehta,33.0,Male,Consumer,East,West Bengal,Furniture,Bookcases,Ladder Bookshelf,300.57,2,0.0,128.4
ORD-101271,2024-09-11,2024-09-14,CUST-5358,Vivek Reddy,32.0,Male,Consumer,East,Odisha,Office Supplies,Art,Colored Pencils,76.77,1,0.0,29.59
ORD-101272,2024-05-30,2024-06-04,CUST-2305,Neha Mehta,26.0,Female,Consumer,East,Bihar,Furniture,Chairs,Ergo Mesh Office Chair,400.52,1,0.15,77.91
ORD-101273,2022-02-25,2022-02-26,CUST-2369,Vikram Mehta,36.0,Male,Home Office,North,Haryana,Technology,Accessories,USB-C Hub,788.42,1,0.0,161.53
ORD-101274,2023-07-14,2023-07-15,CUST-7516,Pooja Nair,30.0,Female,Corporate,West,Maharashtra,Technology,Phones,Smartphone X12,632.06,1,0.0,242.22
ORD-101275,2022-05-20,2022-05-24,CUST-1468,Divya Reddy,18.0,Female,Consumer,North,Punjab,Technology,Accessories,Mechanical Keyboard,5361.49,6,0.0,2048.04
ORD-101276,2022-11-01,2022-11-08,CUST-4703,Nikhil Sharma,33.0,Male,Consumer,North,Uttar Pradesh,Furniture,Tables,Oak Dining Table,2462.33,6,0.0,1071.67
ORD-101277,2024-12-23,2024-12-26,CUST-5406,Suresh Verma,18.0,Male,Consumer,West,Gujarat,Office Supplies,Art,Marker Set,158.58,2,0.15,8.48
ORD-101278,2022-07-07,2022-07-14,CUST-4107,Nikhil Joshi,46.0,Male,Consumer,West,Gujarat,Furniture,Furnishings,Area Rug,2319.46,5,0.0,554.97
ORD-101279,2023-08-08,2023-08-09,CUST-8969,Isha Singh,23.0,Female,Corporate,North,Haryana,Office Supplies,Labels,Shipping Labels,20.54,1,0.0,5.81
ORD-101280,2023-12-02,2023-12-09,CUST-8660,Meera Patel,34.0,Female,Consumer,East,Bihar,Furniture,Bookcases,Corner Bookcase,1952.68,5,0.1,540.43
ORD-101281,2024-02-20,2024-02-26,CUST-2305,Neha Mehta,28.0,Female,Home Office,North,Punjab,Furniture,Chairs,Ergo Mesh Office Chair,414.98,5,0.0,112.5
ORD-101282,2023-10-17,2023-10-22,CUST-5881,Rohan Gupta,46.0,Male,Corporate,South,Karnataka,Office Supplies,Binders,View Binder,55.07,3,0.1,15.34
ORD-101283,2022-01-14,2022-01-17,CUST-6001,Manish Joshi,27.0,Male,Consumer,East,Bihar,Technology,Phones,Cordless Landline,880.6,3,0.0,322.83
ORD-101284,2022-12-27,2022-12-31,CUST-5563,Amit Singh,26.0,Male,Corporate,South,Telangana,Office Supplies,Paper,A4 Copy Paper Ream,52.87,3,0.0,11.48
ORD-101285,2023-09-01,2023-09-06,CUST-2369,Vikram Mehta,39.0,Male,Consumer,East,Odisha,Office Supplies,Paper,Notebook Set,110.68,3,0.3,-9.37
ORD-101286,2022-04-29,2022-05-01,CUST-4102,Anita Gupta,30.0,Female,Corporate,South,Kerala,Furniture,Furnishings,Wall Clock,565.84,2,0.0,248.77
ORD-101287,2023-01-25,2023-01-31,CUST-9947,Neha Gupta,18.0,Female,Consumer,South,Tamil Nadu,Office Supplies,Art,Sketch Pad,475.24,7,0.0,206.78
ORD-101288,2022-02-16,2022-02-20,CUST-5541,Amit Verma,40.0,Male,Consumer,Central,Madhya Pradesh,Furniture,Furnishings,Area Rug,1211.96,4,0.1,297.0
ORD-101289,2022-04-17,2022-04-22,CUST-5667,Priya Gupta,39.0,Female,Corporate,South,Tamil Nadu,Office Supplies,Storage,Storage Box Set,165.51,4,0.0,73.53
ORD-101290,2023-03-29,2023-03-30,CUST-3674,Kavita Sharma,51.0,Female,Home Office,West,Rajasthan,Furniture,Furnishings,Area Rug,2274.75,7,0.2,448.62
ORD-101291,2022-06-24,2022-06-26,CUST-1121,Aditya Patel,39.0,Male,Corporate,East,Bihar,Office Supplies,Storage,File Cabinet,194.72,3,0.2,16.42
ORD-101292,2023-10-25,2023-10-29,CUST-4110,Vikram Gupta,22.0,Male,Consumer,West,Rajasthan,Technology,Phones,Cordless Landline,781.36,5,0.1,215.41
ORD-101293,2024-02-01,2024-02-02,CUST-6706,Priya Mehta,28.0,Female,Consumer,South,Kerala,Office Supplies,Paper,A4 Copy Paper Ream,40.86,3,0.2,10.08
ORD-101294,2024-06-25,2024-07-01,CUST-2464,Sanjay Iyer,38.0,Male,Corporate,East,Bihar,Technology,Machines,3D Printer Mini,2774.0,5,0.0,708.53
ORD-101295,2022-09-19,2022-09-21,CUST-2464,Sanjay Iyer,36.0,Male,Home Office,Central,Chhattisgarh,Office Supplies,Labels,Shipping Labels,274.84,4,0.15,60.59
ORD-101296,2022-08-10,2022-08-13,CUST-6008,Karan Iyer,54.0,Male,Consumer,South,Telangana,Office Supplies,Envelopes,Mailing Envelopes,264.31,6,0.15,56.77
ORD-101297,2022-05-20,2022-05-21,CUST-9947,Neha Gupta,19.0,Female,Consumer,East,West Bengal,Office Supplies,Art,Sketch Pad,395.02,6,0.1,59.24
ORD-101298,2023-12-13,2023-12-18,CUST-5881,Rohan Gupta,45.0,Male,Home Office,Central,Chhattisgarh,Furniture,Furnishings,Area Rug,947.77,7,0.0,211.16
ORD-101299,2024-02-26,2024-03-04,CUST-5667,Priya Gupta,39.0,Female,Consumer,South,Kerala,Office Supplies,Storage,File Cabinet,202.65,5,0.1,68.56
ORD-101300,2022-02-14,2022-02-18,CUST-8904,Karan Mehta,33.0,Male,Consumer,Central,Chhattisgarh,Office Supplies,Binders,Clip Binder,27.32,3,0.3,0.36
ORD-101301,2024-11-21,2024-11-23,CUST-2943,Manish Rao,50.0,Male,Consumer,West,Rajasthan,Furniture,Tables,Glass Coffee Table,865.13,6,0.0,250.11
ORD-101302,2022-03-14,2022-03-15,CUST-3674,Kavita Sharma,50.0,Female,Corporate,West,Maharashtra,Technology,Machines,Laser Printer,4595.09,6,0.2,1051.68
ORD-101303,2023-09-28,2023-10-01,CUST-5881,Rohan Gupta,47.0,Male,Home Office,North,Punjab,Technology,Phones,Smartphone X12,5388.5,6,0.0,1758.84
ORD-101304,2024-03-01,2024-03-08,CUST-9060,Vikram Rao,39.0,Male,Consumer,West,Gujarat,Technology,Phones,Smartphone X12,2931.95,4,0.0,1284.46
ORD-101305,2024-09-23,2024-09-27,CUST-5925,Meera Nair,62.0,Female,Consumer,West,Maharashtra,Office Supplies,Art,Colored Pencils,160.22,4,0.1,23.88
ORD-101306,2024-03-08,2024-03-12,CUST-6170,Vivek Iyer,39.0,Male,Home Office,Central,Madhya Pradesh,Furniture,Tables,Adjustable Standing Desk,511.08,1,0.1,52.17
ORD-101307,2024-06-27,2024-06-28,CUST-8904,Karan Mehta,30.0,Male,Consumer,North,Punjab,Furniture,Chairs,Executive Leather Chair,2652.02,7,0.2,165.11
ORD-101308,2023-01-09,2023-01-12,CUST-3674,Kavita Sharma,52.0,Female,Consumer,North,Uttar Pradesh,Furniture,Bookcases,5-Shelf Bookcase,373.26,1,0.4,7.06
ORD-101309,2024-07-15,2024-07-21,CUST-8975,Manish Reddy,54.0,Male,Consumer,South,Tamil Nadu,Office Supplies,Paper,A4 Copy Paper Ream,202.75,5,0.15,20.2
ORD-101310,2022-04-19,2022-04-26,CUST-5541,Amit Verma,44.0,Male,Consumer,Central,Madhya Pradesh,Office Supplies,Binders,Clip Binder,457.43,6,0.0,188.15
ORD-101311,2024-10-18,2024-10-24,CUST-3240,Sanjay Patel,30.0,Male,Consumer,South,Kerala,Furniture,Tables,Adjustable Standing Desk,2165.0,5,0.0,612.08
ORD-101312,2023-10-05,2023-10-07,CUST-4628,Neha Patel,27.0,Female,Consumer,South,Karnataka,Technology,Copiers,Compact Copier,618.14,3,0.15,114.8
ORD-101313,2024-07-18,2024-07-19,CUST-9947,Neha Gupta,18.0,Female,Consumer,North,Haryana,Office Supplies,Art,Marker Set,17.33,1,0.0,6.82
ORD-101314,2023-06-07,2023-06-14,CUST-1165,Rohan Nair,26.0,Male,Corporate,Central,Madhya Pradesh,Furniture,Bookcases,Corner Bookcase,3327.17,7,0.0,1128.13
ORD-101315,2023-12-18,2023-12-20,CUST-4102,Anita Gupta,30.0,Female,Consumer,Central,Madhya Pradesh,Office Supplies,Labels,Address Labels,34.91,1,0.4,0.51
ORD-101316,2023-09-11,2023-09-17,CUST-5881,Rohan Gupta,48.0,Male,Home Office,East,West Bengal,Furniture,Tables,Glass Coffee Table,2727.28,6,0.3,14.72
ORD-101317,2024-03-30,2024-04-06,CUST-5038,Karan Reddy,18.0,Male,Corporate,West,Maharashtra,Office Supplies,Storage,Storage Box Set,70.99,1,0.15,15.2
ORD-101318,2022-04-21,2022-04-25,CUST-9551,Amit Iyer,50.0,Male,Consumer,East,Bihar,Technology,Copiers,Office Copier 200,3668.69,6,0.1,867.27
ORD-101319,2022-03-25,2022-03-27,CUST-5117,Neha Patel,40.0,Female,Home Office,West,Maharashtra,Technology,Accessories,Wireless Mouse,299.27,2,0.1,50.42
ORD-101320,2022-11-05,2022-11-08,CUST-9538,Anita Singh,44.0,Female,Consumer,South,Tamil Nadu,Technology,Copiers,Office Copier 200,2375.54,5,0.0,732.9
ORD-101321,2022-07-31,2022-08-05,CUST-3485,Pooja Nair,47.0,Female,Home Office,South,Karnataka,Office Supplies,Paper,A4 Copy Paper Ream,290.04,5,0.0,81.2
ORD-101322,2024-09-24,2024-09-30,CUST-1003,Ritu Kapoor,20.0,Female,Consumer,South,Telangana,Furniture,Furnishings,Table Lamp,1611.09,5,0.4,-141.78
ORD-101323,2022-10-09,2022-10-15,CUST-3674,Kavita Sharma,50.0,Female,Corporate,West,Rajasthan,Office Supplies,Art,Colored Pencils,250.34,5,0.15,31.28
ORD-101324,2024-12-17,2024-12-20,CUST-7757,Sneha Patel,26.0,Female,Corporate,West,Gujarat,Technology,Machines,Label Maker,892.68,3,0.15,128.25
ORD-101325,2023-01-06,2023-01-13,CUST-5533,Vikram Reddy,39.0,Male,Corporate,South,Telangana,Office Supplies,Paper,Notebook Set,40.27,6,0.4,0.55
ORD-101326,2022-08-29,2022-09-05,CUST-6452,Shreya Singh,49.0,Female,Corporate,East,Odisha,Furniture,Tables,Glass Coffee Table,2678.59,7,0.1,628.44
ORD-101327,2024-06-11,2024-06-18,CUST-3507,Kavita Nair,34.0,Female,Home Office,East,Bihar,Technology,Phones,Cordless Landline,4845.75,7,0.0,2007.71
ORD-101328,2023-12-27,2023-12-29,CUST-3020,Arjun Verma,20.0,Male,Consumer,East,Odisha,Office Supplies,Envelopes,Mailing Envelopes,67.29,1,0.15,5.01
ORD-101329,2023-08-07,2023-08-08,CUST-6452,Shreya Singh,47.0,Female,Corporate,West,Gujarat,Furniture,Furnishings,Wall Clock,2664.34,7,0.15,592.53
ORD-101330,2023-10-13,2023-10-17,CUST-9551,Amit Iyer,53.0,Male,Corporate,North,Uttar Pradesh,Furniture,Chairs,Foldable Study Chair,1024.71,3,0.1,332.82
ORD-101331,2024-03-14,2024-03-19,CUST-5881,Rohan Gupta,47.0,Male,Consumer,South,Kerala,Furniture,Tables,Round Side Table,328.12,1,0.0,137.45
ORD-101332,2022-10-19,2022-10-20,CUST-7276,Kavita Nair,36.0,Female,Consumer,South,Tamil Nadu,Furniture,Chairs,Executive Leather Chair,588.22,2,0.2,136.19
ORD-101333,2024-12-29,2024-12-30,CUST-3240,Sanjay Patel,32.0,Male,Consumer,East,Odisha,Office Supplies,Art,Sketch Pad,202.84,5,0.0,64.33
ORD-101334,2024-12-16,2024-12-19,CUST-1140,Vikram Singh,31.0,Male,Consumer,East,Odisha,Technology,Copiers,Compact Copier,1033.05,3,0.15,164.66
ORD-101335,2023-12-22,2023-12-24,CUST-3020,Arjun Verma,22.0,Male,Consumer,North,Delhi,Technology,Copiers,Compact Copier,2465.63,7,0.1,568.3
ORD-101336,2022-09-18,2022-09-24,CUST-3674,Kavita Sharma,54.0,Female,Corporate,West,Maharashtra,Technology,Accessories,USB-C Hub,832.94,2,0.0,372.45
ORD-101337,2024-01-20,2024-01-26,CUST-6303,Anjali Verma,36.0,Female,Consumer,Central,Chhattisgarh,Office Supplies,Binders,Clip Binder,43.94,1,0.2,10.83
ORD-101338,2022-04-09,2022-04-12,CUST-5038,Karan Reddy,18.0,Male,Corporate,North,Delhi,Office Supplies,Labels,Address Labels,70.19,1,0.0,29.34
ORD-101339,2022-02-12,2022-02-14,CUST-2387,Sanjay Joshi,33.0,Male,Corporate,North,Uttar Pradesh,Office Supplies,Paper,A4 Copy Paper Ream,100.86,2,0.3,-7.43
ORD-101340,2022-11-13,2022-11-16,CUST-6452,Shreya Singh,46.0,Female,Consumer,East,Bihar,Furniture,Bookcases,Corner Bookcase,378.45,1,0.3,-21.98
ORD-101341,2023-06-20,2023-06-26,CUST-2509,Sanjay Gupta,37.0,Male,Consumer,North,Punjab,Furniture,Tables,Round Side Table,614.77,3,0.0,184.76
ORD-101342,2024-09-20,2024-09-21,CUST-8491,Rohan Mehta,25.0,Male,Consumer,North,Uttar Pradesh,Furniture,Bookcases,Ladder Bookshelf,437.19,2,0.3,-32.44
ORD-101343,2024-03-24,2024-03-28,CUST-5541,Amit Verma,40.0,Male,Consumer,West,Rajasthan,Technology,Copiers,Compact Copier,1435.44,4,0.1,373.87
ORD-101344,2024-04-14,2024-04-21,CUST-8491,Rohan Mehta,,Male,Home Office,South,Karnataka,Technology,Phones,Cordless Landline,5255.97,6,0.3,-145.42
ORD-101345,2023-05-05,2023-05-07,CUST-2387,Sanjay Joshi,30.0,Male,Corporate,North,Delhi,Technology,Accessories,Mechanical Keyboard,5137.25,6,0.0,1988.13
ORD-101346,2023-01-18,2023-01-23,CUST-5038,Karan Reddy,18.0,Male,Corporate,North,Punjab,Office Supplies,Envelopes,Mailing Envelopes,445.47,6,0.1,101.88
ORD-101347,2023-02-23,2023-02-28,CUST-5797,Aditya Nair,59.0,Male,Consumer,South,Kerala,Office Supplies,Paper,Sticky Notes Pack,288.34,4,0.2,56.79
ORD-101348,2024-12-24,2024-12-25,CUST-5541,Amit Verma,41.0,Male,Consumer,North,Uttar Pradesh,Office Supplies,Paper,A4 Copy Paper Ream,340.43,5,0.1,82.06
ORD-101349,2022-02-26,2022-03-01,CUST-8491,Rohan Mehta,27.0,Male,Consumer,West,Maharashtra,Technology,Phones,Smartphone X12,515.78,4,0.0,203.89
ORD-101350,2024-09-19,2024-09-22,CUST-3967,Anita Reddy,39.0,Female,Corporate,Central,Madhya Pradesh,Technology,Accessories,USB-C Hub,3687.67,6,0.15,1086.02
ORD-101351,2023-11-04,2023-11-10,CUST-8947,Kavita Sharma,44.0,Female,Corporate,South,Karnataka,Office Supplies,Labels,Address Labels,274.71,4,0.15,27.17
ORD-101352,2023-05-21,2023-05-22,CUST-1916,Vikram Sharma,44.0,Male,Corporate,Central,Madhya Pradesh,Technology,Phones,Budget Smartphone S5,1311.01,6,0.2,2.4
ORD-101353,2024-03-22,2024-03-28,CUST-8947,Kavita Sharma,40.0,Female,Consumer,South,Karnataka,Office Supplies,Art,Colored Pencils,117.86,4,0.2,7.1
ORD-101354,2023-07-22,2023-07-28,CUST-6998,Manish Verma,34.0,Male,Corporate,West,Rajasthan,Office Supplies,Labels,Shipping Labels,390.99,6,0.0,161.35
ORD-101355,2024-09-26,2024-10-01,CUST-4814,Vivek Gupta,38.0,Male,Consumer,West,Gujarat,Office Supplies,Envelopes,Mailing Envelopes,318.34,7,0.2,2.5
ORD-101356,2024-10-24,2024-10-30,CUST-1916,Vikram Sharma,40.0,Male,Corporate,West,Rajasthan,Office Supplies,Envelopes,Window Envelopes,231.67,6,0.0,46.84
ORD-101357,2023-04-30,2023-05-07,CUST-9092,Ritu Joshi,34.0,Female,Consumer,North,Haryana,Technology,Phones,Budget Smartphone S5,2048.4,7,0.2,435.71
ORD-101358,2022-11-27,2022-12-03,CUST-9482,Manish Gupta,24.0,Male,Consumer,East,Odisha,Furniture,Chairs,Foldable Study Chair,4005.29,7,0.0,1572.57
ORD-101359,2023-11-14,2023-11-19,CUST-8491,Rohan Mehta,27.0,Male,Consumer,West,Rajasthan,Technology,Copiers,Office Copier 200,1616.9,3,0.1,546.11
ORD-101360,2024-11-04,2024-11-11,CUST-6919,Isha Mehta,44.0,Female,Consumer,East,Odisha,Furniture,Bookcases,Corner Bookcase,1667.25,4,0.0,414.23
ORD-101361,2022-10-01,2022-10-04,CUST-4294,Anita Singh,38.0,Female,Corporate,West,Rajasthan,Office Supplies,Envelopes,Window Envelopes,136.72,2,0.0,46.74
ORD-101362,2023-12-05,2023-12-07,CUST-9092,Ritu Joshi,32.0,Female,Consumer,East,Odisha,Technology,Accessories,USB-C Hub,573.3,3,0.2,41.24
ORD-101363,2023-12-10,2023-12-14,CUST-9092,Ritu Joshi,31.0,Female,Corporate,West,Rajasthan,Office Supplies,Envelopes,Window Envelopes,130.44,2,0.0,51.08
ORD-101364,2024-04-01,2024-04-07,CUST-3626,Meera Nair,31.0,Female,Corporate,West,Maharashtra,Furniture,Furnishings,Table Lamp,270.64,1,0.15,52.43
ORD-101365,2022-06-23,2022-06-30,CUST-6998,Manish Verma,33.0,Male,Consumer,South,Karnataka,Furniture,Furnishings,Area Rug,309.6,3,0.0,94.09
ORD-101366,2024-03-10,2024-03-12,CUST-6919,Isha Mehta,41.0,Female,Consumer,North,Delhi,Furniture,Chairs,Ergo Mesh Office Chair,1787.41,4,0.15,290.14
ORD-101367,2024-11-01,2024-11-06,CUST-4675,Karan Nair,,Male,Corporate,North,Delhi,Technology,Phones,Budget Smartphone S5,1417.95,7,0.3,185.9
ORD-101368,2022-08-26,2022-08-28,CUST-4392,Nikhil Nair,30.0,Male,Consumer,East,Bihar,Office Supplies,Binders,Clip Binder,75.76,1,0.0,25.37
ORD-101369,2022-10-28,2022-11-01,CUST-7142,Ritu Gupta,20.0,Female,Consumer,North,Haryana,Furniture,Tables,Adjustable Standing Desk,3991.14,7,0.1,613.69
ORD-101370,2024-12-14,2024-12-16,CUST-5881,Rohan Gupta,45.0,Male,Corporate,South,Telangana,Furniture,Bookcases,5-Shelf Bookcase,1542.57,3,0.1,252.77
ORD-101371,2022-08-27,2022-09-03,CUST-1859,Arjun Mehta,43.0,Male,Corporate,North,Punjab,Furniture,Tables,Glass Coffee Table,3979.85,7,0.0,1021.96
ORD-101372,2024-09-04,2024-09-06,CUST-4294,Anita Singh,36.0,Female,Consumer,East,Odisha,Office Supplies,Binders,View Binder,149.57,3,0.2,6.71
ORD-101373,2023-07-30,2023-08-01,CUST-1802,Sanjay Gupta,40.0,Male,Consumer,North,Punjab,Furniture,Chairs,Ergo Mesh Office Chair,1569.18,3,0.0,602.85
ORD-101374,2022-11-05,2022-11-07,CUST-7757,Sneha Patel,26.0,Female,Consumer,West,Gujarat,Office Supplies,Storage,File Cabinet,70.26,6,0.0,23.42
ORD-101375,2024-09-23,2024-09-24,CUST-5807,Vivek Verma,43.0,Male,Consumer,Central,Madhya Pradesh,Office Supplies,Binders,Clip Binder,36.73,5,0.1,6.35
ORD-101376,2023-05-29,2023-06-04,CUST-9312,Manish Gupta,30.0,Male,Corporate,North,Uttar Pradesh,Technology,Machines,Label Maker,610.0,3,0.0,250.55
ORD-101377,2023-08-28,2023-09-02,CUST-1323,Isha Joshi,18.0,Female,Consumer,West,Maharashtra,Technology,Machines,Laser Printer,942.82,5,0.2,11.63
ORD-101378,2023-02-06,2023-02-10,CUST-3988,Isha Joshi,48.0,Female,Consumer,East,Odisha,Office Supplies,Storage,File Cabinet,145.7,2,0.0,31.59
ORD-101379,2023-11-14,2023-11-19,CUST-5038,Karan Reddy,18.0,Male,Consumer,South,Kerala,Technology,Accessories,Wireless Mouse,468.65,1,0.0,116.51
ORD-101380,2022-08-05,2022-08-06,CUST-3988,Isha Joshi,46.0,Female,Corporate,South,Tamil Nadu,Furniture,Tables,Adjustable Standing Desk,884.69,4,0.2,131.19
ORD-101381,2023-03-21,2023-03-22,CUST-4239,Ritu Gupta,28.0,Female,Corporate,East,West Bengal,Furniture,Bookcases,Ladder Bookshelf,3252.61,6,0.1,579.9
ORD-101382,2024-12-13,2024-12-20,CUST-2605,Vivek Sharma,55.0,Male,Consumer,North,Haryana,Office Supplies,Labels,Shipping Labels,74.46,5,0.0,19.27
ORD-101383,2022-11-13,2022-11-14,CUST-9187,Aditya Sharma,29.0,Male,Consumer,East,West Bengal,Office Supplies,Paper,A4 Copy Paper Ream,48.64,4,0.2,5.98
ORD-101384,2023-12-26,2024-01-01,CUST-5807,Vivek Verma,43.0,Male,Consumer,Central,Chhattisgarh,Furniture,Tables,Oak Dining Table,91.64,1,0.1,30.58
ORD-101385,2022-12-27,2022-12-28,CUST-3693,Sneha Iyer,39.0,Female,Consumer,North,Delhi,Furniture,Furnishings,Wall Clock,2781.29,7,0.1,601.37
ORD-101386,2024-05-22,2024-05-24,CUST-8900,Shreya Rao,55.0,Female,Corporate,East,Bihar,Office Supplies,Paper,A4 Copy Paper Ream,117.86,3,0.4,-20.12
ORD-101387,2022-06-22,2022-06-27,CUST-1809,Anita Nair,31.0,Female,Consumer,West,Rajasthan,Furniture,Chairs,Executive Leather Chair,595.99,1,0.0,262.84
ORD-101388,2024-12-13,2024-12-16,CUST-3988,Isha Joshi,45.0,Female,Consumer,West,Gujarat,Office Supplies,Art,Marker Set,56.56,1,0.1,7.83
ORD-101389,2023-06-09,2023-06-13,CUST-5216,Nikhil Mehta,40.0,Male,Corporate,West,Gujarat,Furniture,Tables,Round Side Table,1919.52,4,0.0,531.75
ORD-101390,2022-10-26,2022-10-27,CUST-3693,Sneha Iyer,36.0,Female,Corporate,South,Telangana,Office Supplies,Paper,Notebook Set,115.67,4,0.2,3.43
ORD-101391,2022-04-11,2022-04-16,CUST-5205,Pooja Reddy,,Female,Consumer,West,Rajasthan,Technology,Accessories,Wireless Mouse,4046.33,7,,883.31
ORD-101392,2022-08-13,2022-08-20,CUST-3264,Ritu Nair,25.0,Female,Corporate,North,Punjab,Office Supplies,Art,Colored Pencils,314.12,6,0.3,42.18
ORD-101393,2023-09-03,2023-09-04,CUST-9187,Aditya Sharma,28.0,Male,Corporate,Central,Madhya Pradesh,Technology,Copiers,Office Copier 200,1335.18,2,0.1,202.7
ORD-101394,2023-01-06,2023-01-12,CUST-4155,Suresh Gupta,27.0,Male,Corporate,Central,Chhattisgarh,Office Supplies,Paper,A4 Copy Paper Ream,101.83,3,0.0,20.56
ORD-101395,2024-08-03,2024-08-04,CUST-6919,Isha Mehta,40.0,Female,Consumer,South,Telangana,Office Supplies,Labels,Shipping Labels,247.14,4,0.0,59.66
ORD-101396,2023-05-11,2023-05-12,CUST-3264,Ritu Nair,28.0,Female,Corporate,South,Telangana,Office Supplies,Binders,3-Ring Binder,64.95,1,0.3,0.4
ORD-101397,2022-11-06,2022-11-07,CUST-3693,Sneha Iyer,39.0,Female,Corporate,North,Haryana,Furniture,Tables,Adjustable Standing Desk,1389.69,3,0.15,394.65
ORD-101398,2023-12-02,2023-12-09,CUST-9461,Suresh Joshi,46.0,Male,Corporate,Central,Madhya Pradesh,Technology,Accessories,Webcam HD,5311.31,6,0.1,1678.82
ORD-101399,2024-02-27,2024-02-28,CUST-9205,Aditya Patel,20.0,Male,Home Office,East,West Bengal,Technology,Machines,3D Printer Mini,4375.26,6,0.1,821.21
ORD-101400,2022-08-09,2022-08-13,CUST-4814,Vivek Gupta,39.0,Male,Home Office,North,Uttar Pradesh,Office Supplies,Envelopes,Window Envelopes,69.83,1,0.15,19.29
ORD-101401,2022-08-10,2022-08-15,CUST-3674,Kavita Sharma,51.0,Female,Consumer,West,Maharashtra,Office Supplies,Art,Colored Pencils,39.09,3,0.2,5.21
ORD-101402,2022-02-21,2022-02-27,CUST-1323,Isha Joshi,18.0,Female,Consumer,North,Delhi,Office Supplies,Art,Colored Pencils,51.6,2,0.0,22.67
ORD-101403,2024-04-05,2024-04-06,CUST-8330,Manish Verma,38.0,Male,Corporate,North,Haryana,Office Supplies,Paper,Notebook Set,248.0,5,0.0,74.71
ORD-101404,2023-12-30,2023-12-31,CUST-1218,Priya Joshi,23.0,Female,Corporate,West,Gujarat,Furniture,Chairs,Executive Leather Chair,1007.88,6,0.0,234.01
ORD-101405,2023-07-06,2023-07-07,CUST-6919,Isha Mehta,42.0,Female,Consumer,Central,Madhya Pradesh,Office Supplies,Envelopes,Window Envelopes,193.4,5,0.1,57.4
ORD-101406,2024-08-23,2024-08-24,CUST-6675,Meera Sharma,42.0,Female,Consumer,North,Haryana,Office Supplies,Envelopes,Mailing Envelopes,12.35,1,0.1,3.33
ORD-101407,2024-07-02,2024-07-04,CUST-7027,Divya Patel,49.0,Female,Consumer,West,Gujarat,Technology,Accessories,Wireless Mouse,4056.51,5,0.1,1287.57
ORD-101408,2023-11-09,2023-11-11,CUST-4162,Karan Singh,29.0,Male,Consumer,North,Haryana,Technology,Phones,Cordless Landline,3910.31,5,0.0,1112.67
ORD-101409,2024-09-20,2024-09-23,CUST-3264,Ritu Nair,28.0,Female,Corporate,North,Punjab,Office Supplies,Paper,A4 Copy Paper Ream,154.82,4,0.0,58.36
ORD-101410,2022-09-25,2022-09-26,CUST-4162,Karan Singh,26.0,Male,Home Office,South,Karnataka,Office Supplies,Art,Colored Pencils,424.09,7,0.1,125.49
ORD-101411,2022-05-28,2022-05-31,CUST-6160,Aditya Iyer,43.0,Male,Consumer,North,Haryana,Office Supplies,Paper,A4 Copy Paper Ream,108.92,2,,10.99
ORD-101412,2022-11-21,2022-11-25,CUST-9549,Manish Rao,49.0,Male,Corporate,South,Karnataka,Office Supplies,Art,Colored Pencils,109.37,2,0.0,47.37
ORD-101413,2022-03-20,2022-03-23,CUST-9312,Manish Gupta,33.0,Male,Consumer,South,Kerala,Furniture,Chairs,Foldable Study Chair,198.59,2,0.2,9.79
ORD-101414,2023-09-16,2023-09-21,CUST-9312,Manish Gupta,32.0,Male,Consumer,West,Maharashtra,Office Supplies,Envelopes,Window Envelopes,67.59,6,0.4,-9.06
ORD-101415,2024-11-21,2024-11-23,CUST-6675,Meera Sharma,40.0,Female,Corporate,North,Haryana,Office Supplies,Envelopes,Window Envelopes,171.2,3,0.0,45.32
ORD-101416,2022-02-25,2022-02-27,CUST-7213,Vivek Mehta,24.0,Male,Home Office,East,Odisha,Furniture,Tables,Glass Coffee Table,433.74,2,0.0,187.11
ORD-101417,2022-06-10,2022-06-11,CUST-1809,Anita Nair,30.0,Female,Home Office,North,Delhi,Office Supplies,Art,Colored Pencils,470.51,6,0.4,-92.79
ORD-101418,2023-06-07,2023-06-08,CUST-2111,Anita Singh,31.0,Female,Consumer,West,Rajasthan,Office Supplies,Paper,A4 Copy Paper Ream,303.91,7,0.1,42.83
ORD-101419,2024-11-19,2024-11-23,CUST-9549,Manish Rao,49.0,Male,Home Office,East,Bihar,Office Supplies,Envelopes,Mailing Envelopes,138.38,3,0.1,32.96
ORD-101420,2022-12-21,2022-12-27,CUST-7973,Vivek Patel,27.0,Male,Consumer,North,Punjab,Technology,Phones,Cordless Landline,262.86,1,0.4,-7.13
ORD-101421,2023-08-18,2023-08-22,CUST-9301,Vivek Iyer,52.0,Male,Consumer,South,Tamil Nadu,Office Supplies,Storage,Desk Organizer,32.78,1,0.1,10.35
ORD-101422,2022-02-28,2022-03-05,CUST-8353,Kavita Patel,43.0,Female,Home Office,East,Bihar,Office Supplies,Envelopes,Window Envelopes,143.89,4,0.2,17.65
ORD-101423,2022-07-15,2022-07-16,CUST-5701,Shreya Rao,44.0,Female,Home Office,South,Karnataka,Furniture,Chairs,Recliner Lounge Chair,1723.77,4,0.0,479.91
ORD-101424,2024-12-23,2024-12-24,CUST-1301,Sneha Verma,28.0,Female,Consumer,Central,Madhya Pradesh,Furniture,Bookcases,5-Shelf Bookcase,862.85,4,0.1,297.39
ORD-101425,2024-12-10,2024-12-14,CUST-3674,Kavita Sharma,50.0,Female,Consumer,East,Odisha,Furniture,Chairs,Executive Leather Chair,553.56,1,0.4,-82.32
ORD-101426,2022-01-07,2022-01-11,CUST-6925,Rahul Iyer,37.0,Male,Corporate,Central,Chhattisgarh,Furniture,Bookcases,5-Shelf Bookcase,833.05,6,0.15,117.33
ORD-101427,2024-12-02,2024-12-06,CUST-2100,Isha Verma,47.0,Female,Home Office,Central,Chhattisgarh,Technology,Accessories,USB-C Hub,743.68,1,0.2,140.3
ORD-101428,2023-12-15,2023-12-17,CUST-3692,Vivek Singh,34.0,Male,Home Office,North,Haryana,Office Supplies,Storage,Desk Organizer,362.48,5,0.1,67.78
ORD-101429,2024-09-20,2024-09-23,CUST-7438,Sanjay Joshi,22.0,Male,Consumer,North,Haryana,Office Supplies,Storage,Storage Box Set,65.25,4,0.0,18.24
ORD-101430,2023-06-10,2023-06-13,CUST-5785,Meera Iyer,41.0,Female,Consumer,North,Uttar Pradesh,Furniture,Bookcases,Ladder Bookshelf,3374.31,6,0.0,1297.58
ORD-101431,2023-08-29,2023-08-30,CUST-2111,Anita Singh,34.0,Female,Corporate,East,West Bengal,Technology,Machines,Label Maker,493.77,4,0.2,45.03
ORD-101432,2023-07-25,2023-07-27,CUST-4261,Divya Kapoor,32.0,Female,Corporate,South,Telangana,Furniture,Bookcases,Ladder Bookshelf,624.99,4,0.1,183.72
ORD-101433,2024-01-01,2024-01-05,CUST-6160,Aditya Iyer,43.0,Male,Corporate,North,Haryana,Furniture,Tables,Adjustable Standing Desk,388.26,1,0.1,119.72
ORD-101434,2022-07-03,2022-07-04,CUST-5789,Karan Mehta,40.0,Male,Home Office,West,Rajasthan,Furniture,Tables,Glass Coffee Table,894.41,2,0.0,276.7
ORD-101435,2022-02-11,2022-02-13,CUST-1301,Sneha Verma,29.0,Female,Corporate,North,Uttar Pradesh,Office Supplies,Paper,Sticky Notes Pack,84.46,6,0.15,15.87
ORD-101436,2022-12-16,2022-12-21,CUST-8762,Vikram Reddy,38.0,Male,Consumer,North,Punjab,Furniture,Bookcases,Corner Bookcase,786.25,4,0.0,162.71
ORD-101437,2024-02-24,2024-03-01,CUST-4457,Shreya Kapoor,37.0,Female,Corporate,Central,Chhattisgarh,Technology,Copiers,Compact Copier,402.1,1,0.0,133.47
ORD-101438,2022-09-21,2022-09-23,CUST-4092,Divya Nair,34.0,Female,Consumer,South,Telangana,Furniture,Bookcases,5-Shelf Bookcase,501.58,3,0.0,118.85
ORD-101439,2024-01-10,2024-01-17,CUST-7438,Sanjay Joshi,24.0,Male,Consumer,South,Tamil Nadu,Technology,Copiers,Compact Copier,794.98,3,0.15,95.01
ORD-101440,2024-12-13,2024-12-14,CUST-4404,Anjali Patel,38.0,Female,Home Office,South,Karnataka,Office Supplies,Binders,View Binder,415.83,6,0.1,46.63
ORD-101441,2022-05-07,2022-05-10,CUST-4266,Anjali Patel,29.0,Female,Home Office,Central,Chhattisgarh,Technology,Accessories,USB-C Hub,978.27,5,0.2,219.63
ORD-101442,2024-01-09,2024-01-16,CUST-4089,Arjun Sharma,43.0,Male,Consumer,North,Uttar Pradesh,Furniture,Bookcases,Ladder Bookshelf,2864.76,5,0.1,883.61
ORD-101443,2023-05-27,2023-05-31,CUST-7438,Sanjay Joshi,24.0,Male,Corporate,East,West Bengal,Office Supplies,Envelopes,Mailing Envelopes,304.0,4,0.2,1.96
ORD-101444,2024-09-20,2024-09-26,CUST-4089,Arjun Sharma,41.0,Male,Corporate,Central,Madhya Pradesh,Technology,Copiers,Office Copier 200,1100.02,6,0.1,127.89
ORD-101445,2022-08-22,2022-08-27,CUST-4286,Manish Kapoor,35.0,Male,Home Office,East,West Bengal,Office Supplies,Binders,3-Ring Binder,63.69,5,0.1,8.01
ORD-101446,2024-02-06,2024-02-12,CUST-8890,Meera Rao,43.0,Female,Corporate,South,Kerala,Office Supplies,Binders,Clip Binder,203.36,7,0.2,11.32
ORD-101447,2024-08-15,2024-08-21,CUST-4286,Manish Kapoor,37.0,Male,Consumer,South,Karnataka,Office Supplies,Paper,A4 Copy Paper Ream,164.1,4,0.2,21.25
ORD-101448,2024-11-27,2024-11-29,CUST-4266,Anjali Patel,29.0,Female,Consumer,South,Tamil Nadu,Technology,Copiers,Office Copier 200,2352.44,5,0.15,175.96
ORD-101449,2024-01-24,2024-01-25,CUST-3692,Vivek Singh,32.0,Male,Consumer,South,Karnataka,Technology,Phones,Smartphone X12,498.11,1,,107.88
ORD-101450,2023-08-05,2023-08-06,CUST-3692,Vivek Singh,34.0,Male,Consumer,East,Odisha,Office Supplies,Art,Marker Set,57.57,2,0.1,14.28
ORD-101451,2023-12-02,2023-12-08,CUST-9301,Vivek Iyer,50.0,Male,Corporate,East,Odisha,Technology,Machines,3D Printer Mini,104.15,1,0.0,41.03
ORD-101452,2024-09-21,2024-09-25,CUST-3484,Sneha Singh,56.0,Female,Home Office,East,Odisha,Furniture,Bookcases,Ladder Bookshelf,426.37,1,0.0,172.06
ORD-101453,2023-10-28,2023-10-29,CUST-2699,Pooja Nair,44.0,Female,Home Office,North,Punjab,Technology,Phones,Cordless Landline,2688.91,7,0.1,
ORD-101454,2022-02-12,2022-02-18,CUST-6104,Priya Reddy,28.0,Female,Consumer,North,Uttar Pradesh,Technology,Copiers,Office Copier 200,2035.21,6,0.2,70.84
ORD-101455,2024-11-17,2024-11-18,CUST-4818,Sneha Rao,38.0,Female,Consumer,South,Kerala,Office Supplies,Binders,3-Ring Binder,35.77,6,0.1,8.56
ORD-101456,2024-02-02,2024-02-06,CUST-6875,Ritu Verma,40.0,Female,Home Office,South,Tamil Nadu,Technology,Machines,3D Printer Mini,3362.36,5,0.4,83.57
ORD-101457,2024-01-15,2024-01-20,CUST-4089,Arjun Sharma,42.0,Male,Consumer,West,Gujarat,Technology,Accessories,Mechanical Keyboard,1114.64,3,0.1,291.75
ORD-101458,2022-10-06,2022-10-13,CUST-3692,Vivek Singh,32.0,Male,Consumer,West,Maharashtra,Office Supplies,Storage,Desk Organizer,79.44,3,0.0,30.87
ORD-101459,2023-12-27,2024-01-02,CUST-7438,Sanjay Joshi,20.0,Male,Corporate,South,Kerala,Furniture,Chairs,Recliner Lounge Chair,105.66,1,0.0,40.99
ORD-101460,2023-03-25,2023-03-28,CUST-2605,Vivek Sharma,56.0,Male,Consumer,West,Gujarat,Furniture,Chairs,Recliner Lounge Chair,2198.91,4,0.0,577.77
ORD-101461,2023-12-22,2023-12-25,CUST-6995,Priya Kapoor,46.0,Female,Consumer,Central,Chhattisgarh,Furniture,Chairs,Foldable Study Chair,2949.83,7,0.1,585.73
ORD-101462,2022-05-22,2022-05-28,CUST-4818,Sneha Rao,35.0,Female,Corporate,Central,Chhattisgarh,Technology,Accessories,USB-C Hub,1344.6,5,0.2,62.86
ORD-101463,2023-12-26,2023-12-28,CUST-9549,Manish Rao,48.0,Male,Consumer,West,Rajasthan,Office Supplies,Binders,Clip Binder,15.03,1,0.0,5.45
ORD-101464,2024-12-31,2025-01-05,CUST-5038,Karan Reddy,18.0,Male,Home Office,South,Tamil Nadu,Office Supplies,Storage,Desk Organizer,47.46,1,0.0,12.18
ORD-101465,2022-03-09,2022-03-11,CUST-5191,Shreya Sharma,31.0,Female,Corporate,East,Odisha,Office Supplies,Envelopes,Mailing Envelopes,323.97,5,0.1,98.55
ORD-101466,2024-12-18,2024-12-25,CUST-5942,Vivek Singh,43.0,Male,Consumer,North,Delhi,Furniture,Tables,Round Side Table,2273.31,7,0.15,582.28
ORD-101467,2023-04-11,2023-04-14,CUST-7735,Nikhil Joshi,18.0,Male,Consumer,South,Telangana,Technology,Phones,Cordless Landline,2690.5,6,0.2,239.91
ORD-101468,2024-09-23,2024-09-27,CUST-9167,Vivek Kapoor,20.0,Male,Consumer,South,Karnataka,Office Supplies,Paper,Sticky Notes Pack,28.65,2,0.0,7.53
ORD-101469,2024-06-02,2024-06-08,CUST-7973,Vivek Patel,26.0,Male,Consumer,Central,Madhya Pradesh,Technology,Accessories,Wireless Mouse,1064.83,5,0.1,114.17
ORD-101470,2023-10-24,2023-10-31,CUST-6875,Ritu Verma,43.0,Female,Consumer,East,Odisha,Office Supplies,Labels,Address Labels,119.94,5,0.3,16.64
ORD-101471,2024-04-08,2024-04-09,CUST-7735,Nikhil Joshi,18.0,Male,Corporate,East,West Bengal,Office Supplies,Labels,Address Labels,162.9,6,0.0,59.92
ORD-101472,2024-10-02,2024-10-05,CUST-4460,Ritu Reddy,48.0,Female,Consumer,South,Kerala,Furniture,Furnishings,Wall Clock,1171.42,3,0.0,415.86
ORD-101473,2023-04-07,2023-04-12,CUST-5654,Rohan Singh,18.0,Male,Home Office,North,Haryana,Office Supplies,Art,Marker Set,66.15,7,0.3,7.9
ORD-101474,2022-12-28,2022-12-31,CUST-3104,Ritu Mehta,40.0,Female,Consumer,South,Kerala,Office Supplies,Paper,A4 Copy Paper Ream,44.6,1,0.0,15.11
ORD-101475,2024-01-02,2024-01-07,CUST-6662,Sanjay Sharma,,Male,Home Office,North,Uttar Pradesh,Office Supplies,Storage,Storage Box Set,272.61,5,,115.15
ORD-101476,2024-07-05,2024-07-10,CUST-1218,Priya Joshi,20.0,Female,Corporate,North,Delhi,Office Supplies,Art,Marker Set,243.45,7,0.0,61.99
ORD-101477,2024-05-08,2024-05-14,CUST-1415,Manish Sharma,49.0,Male,Home Office,West,Gujarat,Furniture,Bookcases,5-Shelf Bookcase,1749.81,3,,459.97
ORD-101478,2024-06-22,2024-06-27,CUST-5191,Shreya Sharma,32.0,Female,Consumer,East,Bihar,Furniture,Chairs,Foldable Study Chair,3230.24,7,0.0,1025.39
ORD-101479,2023-05-17,2023-05-19,CUST-3674,Kavita Sharma,54.0,Female,Corporate,North,Punjab,Office Supplies,Binders,Clip Binder,92.59,5,0.15,5.05
ORD-101480,2024-07-19,2024-07-26,CUST-9411,Sneha Nair,33.0,Female,Home Office,North,Uttar Pradesh,Office Supplies,Paper,Notebook Set,31.2,1,0.15,4.64
ORD-101481,2022-06-08,2022-06-12,CUST-3952,Amit Iyer,22.0,Male,Consumer,East,Bihar,Furniture,Chairs,Ergo Mesh Office Chair,3340.05,7,0.0,742.57
ORD-101482,2023-10-02,2023-10-05,CUST-3866,Vikram Nair,41.0,Male,Consumer,South,Telangana,Office Supplies,Storage,Desk Organizer,77.6,2,0.2,16.51
ORD-101483,2022-01-08,2022-01-12,CUST-8112,Karan Nair,32.0,Male,Consumer,West,Maharashtra,Office Supplies,Storage,File Cabinet,14.19,1,0.4,-0.29
ORD-101484,2022-12-26,2023-01-02,CUST-5654,Rohan Singh,18.0,Male,Consumer,South,Telangana,Furniture,Tables,Round Side Table,95.41,1,0.1,10.08
ORD-101485,2023-02-16,2023-02-17,CUST-4809,Anjali Patel,35.0,Female,Corporate,North,Delhi,Office Supplies,Storage,Storage Box Set,104.93,2,0.1,17.26
ORD-101486,2023-03-28,2023-04-04,CUST-1218,Priya Joshi,21.0,Female,Consumer,West,Gujarat,Furniture,Bookcases,Ladder Bookshelf,211.49,1,0.4,3.74
ORD-101487,2024-02-10,2024-02-13,CUST-7579,Sanjay Nair,21.0,Male,Corporate,North,Haryana,Office Supplies,Paper,Sticky Notes Pack,476.38,7,0.15,68.79
ORD-101488,2023-03-18,2023-03-22,CUST-4809,Anjali Patel,37.0,Female,Consumer,South,Kerala,Furniture,Bookcases,Corner Bookcase,1047.64,5,0.0,401.82
ORD-101489,2023-06-02,2023-06-06,CUST-7117,Manish Verma,27.0,Male,Home Office,West,Rajasthan,Furniture,Furnishings,Wall Clock,254.04,3,0.4,3.38
ORD-101490,2022-10-28,2022-11-03,CUST-1645,Pooja Joshi,25.0,Female,Consumer,South,Tamil Nadu,Furniture,Tables,Adjustable Standing Desk,1183.11,4,0.2,156.9
ORD-101491,2023-02-26,2023-03-04,CUST-5320,Isha Mehta,40.0,Female,Consumer,East,Odisha,Office Supplies,Paper,Sticky Notes Pack,135.3,3,0.0,31.83
ORD-101492,2022-10-18,2022-10-25,CUST-8960,Shreya Reddy,48.0,Female,Consumer,South,Telangana,Office Supplies,Paper,A4 Copy Paper Ream,139.89,2,0.0,58.44
ORD-101493,2022-04-10,2022-04-17,CUST-8112,Karan Nair,33.0,Male,Corporate,West,Gujarat,Technology,Phones,Budget Smartphone S5,2171.88,3,0.0,500.87
ORD-101494,2023-11-22,2023-11-23,CUST-8112,Karan Nair,33.0,Male,Consumer,West,Maharashtra,Office Supplies,Art,Sketch Pad,73.15,1,0.0,16.27
ORD-101495,2024-01-03,2024-01-08,CUST-9807,Anita Gupta,29.0,Female,Home Office,Central,Madhya Pradesh,Furniture,Furnishings,Wall Clock,550.73,1,0.2,111.68
ORD-101496,2023-12-03,2023-12-06,CUST-1139,Anjali Verma,34.0,Female,Home Office,South,Kerala,Technology,Phones,Smartphone X12,1750.82,2,0.0,471.18
ORD-101497,2023-06-21,2023-06-27,CUST-6780,Divya Reddy,43.0,Female,Home Office,North,Punjab,Technology,Accessories,Wireless Mouse,603.45,1,0.3,-46.1
ORD-101498,2023-03-07,2023-03-10,CUST-7117,Manish Verma,25.0,Male,Home Office,South,Tamil Nadu,Office Supplies,Paper,Notebook Set,118.84,6,0.15,11.23
ORD-101499,2024-09-15,2024-09-16,CUST-4286,Manish Kapoor,35.0,Male,Consumer,South,Telangana,Office Supplies,Labels,Address Labels,173.81,3,0.0,55.42
ORD-101500,2023-09-03,2023-09-09,CUST-7092,Meera Gupta,24.0,Female,Corporate,Central,Chhattisgarh,Office Supplies,Binders,Clip Binder,125.51,5,0.0,32.31
ORD-101501,2023-07-12,2023-07-18,CUST-3262,Manish Kapoor,40.0,Male,Corporate,East,West Bengal,Furniture,Chairs,Ergo Mesh Office Chair,754.07,2,0.2,25.27
ORD-101502,2022-02-05,2022-02-10,CUST-9807,Anita Gupta,27.0,Female,Corporate,West,Maharashtra,Furniture,Bookcases,Corner Bookcase,966.56,3,0.15,282.85
ORD-101503,2023-01-12,2023-01-15,CUST-8460,Aditya Singh,21.0,Male,Home Office,South,Karnataka,Technology,Phones,Cordless Landline,2991.97,5,0.0,1061.14
ORD-101504,2023-03-07,2023-03-10,CUST-8960,Shreya Reddy,49.0,Female,Home Office,East,Bihar,Office Supplies,Art,Marker Set,115.28,6,0.2,7.11
ORD-101505,2023-03-31,2023-04-03,CUST-1415,Manish Sharma,49.0,Male,Consumer,South,Tamil Nadu,Furniture,Chairs,Executive Leather Chair,1474.29,4,0.0,452.19
ORD-101506,2023-11-05,2023-11-10,CUST-8112,Karan Nair,33.0,Male,Corporate,West,Gujarat,Office Supplies,Envelopes,Window Envelopes,143.02,7,0.0,42.26
ORD-101507,2023-09-19,2023-09-25,CUST-4329,Kavita Iyer,22.0,Female,Consumer,South,Telangana,Office Supplies,Labels,Address Labels,14.1,2,0.1,3.49
ORD-101508,2023-11-25,2023-11-26,CUST-1415,Manish Sharma,47.0,Male,Home Office,North,Delhi,Office Supplies,Storage,Storage Box Set,178.52,7,0.2,34.03
ORD-101509,2024-05-11,2024-05-14,CUST-5934,Divya Rao,24.0,Female,Home Office,Central,Chhattisgarh,Office Supplies,Art,Sketch Pad,65.54,1,0.0,21.24
ORD-101510,2024-07-12,2024-07-16,CUST-7117,Manish Verma,26.0,Male,Corporate,South,Kerala,Furniture,Furnishings,Curtain Set,1463.4,5,0.0,628.65
ORD-101511,2024-03-13,2024-03-18,CUST-4809,Anjali Patel,37.0,Female,Home Office,East,Odisha,Office Supplies,Labels,Shipping Labels,325.37,7,0.0,104.11
ORD-101512,2024-12-04,2024-12-06,CUST-1472,Amit Nair,42.0,Male,Consumer,North,Punjab,Office Supplies,Labels,Shipping Labels,229.15,3,0.1,56.11
ORD-101513,2022-01-26,2022-01-27,CUST-5928,Shreya Singh,37.0,Female,Consumer,South,Kerala,Office Supplies,Art,Marker Set,62.0,2,0.15,5.18
ORD-101514,2022-09-14,2022-09-18,CUST-1139,Anjali Verma,31.0,Female,Consumer,North,Haryana,Technology,Copiers,Compact Copier,95.47,1,0.15,17.59
ORD-101515,2022-01-11,2022-01-14,CUST-8022,Anjali Patel,20.0,Female,Home Office,South,Kerala,Furniture,Bookcases,Corner Bookcase,1772.31,4,0.15,482.72
ORD-101516,2023-12-20,2023-12-22,CUST-7117,Manish Verma,26.0,Male,Corporate,East,Bihar,Technology,Phones,Budget Smartphone S5,1797.64,2,0.1,335.15
ORD-101517,2024-10-21,2024-10-22,CUST-8460,Aditya Singh,22.0,Male,Home Office,North,Punjab,Furniture,Bookcases,Corner Bookcase,1432.07,4,0.0,405.61
ORD-101518,2022-11-02,2022-11-07,CUST-6418,Sanjay Mehta,44.0,Male,Consumer,Central,Madhya Pradesh,Office Supplies,Binders,Clip Binder,377.31,7,0.2,31.08
ORD-101519,2024-11-14,2024-11-16,CUST-7984,Vikram Mehta,30.0,Male,Consumer,South,Telangana,Technology,Phones,Smartphone X12,1723.35,4,0.1,511.36
ORD-101520,2022-03-24,2022-03-30,CUST-2023,Shreya Verma,55.0,Female,Corporate,North,Haryana,Office Supplies,Art,Colored Pencils,239.24,5,0.1,78.14
ORD-101521,2024-11-20,2024-11-27,CUST-4498,Suresh Verma,35.0,Male,Consumer,East,West Bengal,Technology,Phones,Smartphone X12,918.81,2,0.2,94.06
ORD-101522,2023-01-26,2023-01-28,CUST-8960,Shreya Reddy,49.0,Female,Consumer,West,Maharashtra,Technology,Phones,Smartphone X12,5013.7,7,0.4,-849.58
ORD-101523,2022-05-16,2022-05-23,CUST-6780,Divya Reddy,40.0,Female,Consumer,West,Maharashtra,Office Supplies,Storage,Storage Box Set,308.5,6,0.2,21.38
ORD-101524,2023-07-21,2023-07-25,CUST-6780,Divya Reddy,44.0,Female,Corporate,Central,Chhattisgarh,Technology,Accessories,Webcam HD,1468.84,2,0.1,301.93
ORD-101525,2022-11-12,2022-11-13,CUST-2992,Anjali Joshi,46.0,Female,Corporate,East,Bihar,Furniture,Chairs,Executive Leather Chair,2097.73,7,0.0,796.82
ORD-101526,2022-12-02,2022-12-06,CUST-8022,Anjali Patel,23.0,Female,Consumer,North,Punjab,Office Supplies,Storage,File Cabinet,215.88,5,0.15,33.22
ORD-101527,2022-12-16,2022-12-20,CUST-7984,Vikram Mehta,32.0,Male,Consumer,East,Bihar,Technology,Machines,Label Maker,1164.5,2,0.15,115.6
ORD-101528,2024-06-29,2024-07-02,CUST-2333,Pooja Reddy,19.0,Female,Consumer,West,Gujarat,Technology,Phones,Budget Smartphone S5,5766.12,7,0.1,1276.41
ORD-101529,2023-09-26,2023-10-01,CUST-5066,Arjun Gupta,38.0,Male,Consumer,West,Maharashtra,Technology,Accessories,Mechanical Keyboard,568.94,1,0.2,63.53
ORD-101530,2022-12-18,2022-12-20,CUST-7117,Manish Verma,28.0,Male,Consumer,West,Maharashtra,Office Supplies,Storage,Desk Organizer,168.72,4,0.1,40.95
ORD-101531,2023-11-27,2023-11-28,CUST-5928,Shreya Singh,36.0,Female,Home Office,Central,Chhattisgarh,Office Supplies,Paper,A4 Copy Paper Ream,303.6,6,0.1,76.91
ORD-101532,2024-03-10,2024-03-16,CUST-6418,Sanjay Mehta,41.0,Male,Corporate,North,Uttar Pradesh,Furniture,Bookcases,5-Shelf Bookcase,2744.18,6,0.2,214.94
ORD-101533,2022-11-23,2022-11-28,CUST-5177,Manish Iyer,18.0,Male,Home Office,North,Uttar Pradesh,Technology,Phones,Cordless Landline,1723.85,2,0.4,-154.32
ORD-101534,2023-04-19,2023-04-24,CUST-5643,Meera Mehta,32.0,Female,Consumer,Central,Chhattisgarh,Office Supplies,Envelopes,Window Envelopes,22.59,2,0.3,2.78
ORD-101535,2022-06-10,2022-06-11,CUST-6040,Kavita Verma,45.0,Female,Consumer,East,West Bengal,Office Supplies,Envelopes,Window Envelopes,208.22,6,0.2,46.35
ORD-101536,2022-08-28,2022-09-02,CUST-3401,Isha Reddy,59.0,Female,Consumer,North,Uttar Pradesh,Office Supplies,Envelopes,Mailing Envelopes,68.63,1,0.0,27.3
ORD-101537,2024-01-21,2024-01-24,CUST-9093,Meera Singh,47.0,Female,Corporate,South,Tamil Nadu,Office Supplies,Envelopes,Mailing Envelopes,67.55,1,0.0,28.3
ORD-101538,2022-08-28,2022-09-02,CUST-9933,Aditya Iyer,44.0,Male,Corporate,North,Delhi,Technology,Accessories,Mechanical Keyboard,1753.56,7,0.0,549.27
ORD-101539,2023-09-10,2023-09-13,CUST-8676,Suresh Sharma,18.0,Male,Corporate,South,Kerala,Furniture,Tables,Round Side Table,2403.52,5,0.4,17.35
ORD-101540,2024-03-01,2024-03-03,CUST-9933,Aditya Iyer,44.0,Male,Consumer,Central,Chhattisgarh,Furniture,Bookcases,Corner Bookcase,1537.82,6,0.2,79.4
ORD-101541,2022-05-22,2022-05-24,CUST-2022,Sneha Kapoor,31.0,Female,Consumer,North,Punjab,Technology,Copiers,Office Copier 200,3324.83,6,0.2,466.8
ORD-101542,2023-10-24,2023-10-28,CUST-9203,Amit Singh,70.0,Male,Consumer,West,Gujarat,Furniture,Bookcases,Corner Bookcase,1148.18,3,0.0,434.2
ORD-101543,2022-11-12,2022-11-15,CUST-8637,Rohan Rao,37.0,Male,Corporate,South,Karnataka,Office Supplies,Storage,File Cabinet,88.83,2,0.4,-3.18
ORD-101544,2024-12-09,2024-12-15,CUST-2022,Sneha Kapoor,32.0,Female,Home Office,North,Haryana,Office Supplies,Art,Marker Set,161.8,3,0.0,43.79
ORD-101545,2023-07-18,2023-07-20,CUST-9093,Meera Singh,47.0,Female,Home Office,West,Gujarat,Furniture,Tables,Oak Dining Table,360.84,2,0.0,109.7
ORD-101546,2024-07-03,2024-07-08,CUST-8637,Rohan Rao,37.0,Male,Consumer,North,Haryana,Technology,Phones,Smartphone X12,443.52,1,0.0,111.23
ORD-101547,2023-10-07,2023-10-08,CUST-1123,Pooja Singh,41.0,Female,Consumer,South,Kerala,Office Supplies,Art,Colored Pencils,271.48,4,0.0,
ORD-101548,2022-03-03,2022-03-04,CUST-8501,Rahul Joshi,53.0,Male,Consumer,North,Haryana,Furniture,Chairs,Executive Leather Chair,784.95,2,0.15,100.52
ORD-101549,2023-12-11,2023-12-18,CUST-9017,Divya Patel,59.0,Female,Consumer,North,Punjab,Technology,Phones,Cordless Landline,2460.76,6,0.1,458.42
ORD-101550,2024-12-02,2024-12-05,CUST-8460,Aditya Singh,22.0,Male,Consumer,East,West Bengal,Office Supplies,Envelopes,Window Envelopes,134.14,3,0.0,27.32
ORD-101551,2023-11-20,2023-11-26,CUST-1193,Anita Patel,44.0,Female,Corporate,Central,Chhattisgarh,Technology,Machines,3D Printer Mini,564.63,2,0.0,137.76
ORD-101552,2024-07-21,2024-07-25,CUST-9560,Karan Singh,39.0,Male,Corporate,West,Gujarat,Furniture,Bookcases,Corner Bookcase,219.32,1,0.3,17.59
ORD-101553,2024-10-08,2024-10-13,CUST-8078,Ritu Mehta,39.0,Female,Home Office,South,Kerala,Furniture,Tables,Adjustable Standing Desk,722.4,2,0.15,176.79
ORD-101554,2022-10-18,2022-10-21,CUST-6530,Sneha Gupta,30.0,Female,Home Office,South,Karnataka,Furniture,Tables,Adjustable Standing Desk,1118.27,5,0.2,245.82
ORD-101555,2022-10-02,2022-10-09,CUST-9807,Anita Gupta,27.0,Female,Corporate,East,West Bengal,Office Supplies,Labels,Address Labels,476.77,6,0.4,12.77
ORD-101556,2023-11-27,2023-11-28,CUST-8275,Vikram Verma,42.0,Male,Consumer,North,Uttar Pradesh,Office Supplies,Art,Marker Set,503.87,7,0.0,
ORD-101557,2023-04-16,2023-04-19,CUST-1281,Sanjay Sharma,29.0,Male,Consumer,East,Bihar,Technology,Copiers,Office Copier 200,267.58,2,0.0,67.58
ORD-101558,2024-08-17,2024-08-22,CUST-1415,Manish Sharma,47.0,Male,Consumer,South,Telangana,Furniture,Furnishings,Area Rug,177.98,2,0.1,47.64
ORD-101559,2024-10-23,2024-10-29,CUST-9560,Karan Singh,35.0,Male,Consumer,North,Haryana,Furniture,Tables,Glass Coffee Table,572.04,5,0.2,51.31
ORD-101560,2023-01-28,2023-02-03,CUST-8879,Priya Reddy,19.0,Female,Consumer,North,Uttar Pradesh,Office Supplies,Paper,Notebook Set,66.48,1,0.0,18.03
ORD-101561,2022-10-27,2022-10-29,CUST-1087,Kavita Gupta,35.0,Female,Corporate,West,Maharashtra,Technology,Accessories,Webcam HD,249.68,3,0.2,47.06
ORD-101562,2024-05-31,2024-06-05,CUST-1193,Anita Patel,40.0,Female,Consumer,North,Uttar Pradesh,Furniture,Bookcases,Corner Bookcase,414.65,1,0.15,67.52
ORD-101563,2022-11-25,2022-12-02,CUST-6459,Arjun Joshi,39.0,Male,Corporate,South,Karnataka,Furniture,Bookcases,Corner Bookcase,260.26,1,0.0,93.87
ORD-101564,2024-07-25,2024-07-27,CUST-6459,Arjun Joshi,37.0,Male,Corporate,North,Punjab,Office Supplies,Labels,Address Labels,210.59,3,0.0,93.88
ORD-101565,2023-05-03,2023-05-05,CUST-9093,Meera Singh,45.0,Female,Consumer,South,Tamil Nadu,Technology,Copiers,Compact Copier,574.99,1,0.1,167.18
ORD-101566,2024-01-02,2024-01-04,CUST-1297,Arjun Patel,35.0,Male,Consumer,East,Bihar,Furniture,Chairs,Recliner Lounge Chair,543.49,1,0.2,107.43
ORD-101567,2022-05-09,2022-05-12,CUST-1281,Sanjay Sharma,29.0,Male,Consumer,East,West Bengal,Furniture,Chairs,Foldable Study Chair,2181.96,7,0.1,473.08
ORD-101568,2023-12-06,2023-12-13,CUST-8275,Vikram Verma,41.0,Male,Home Office,South,Kerala,Furniture,Tables,Adjustable Standing Desk,1270.37,5,0.0,570.98
ORD-101569,2023-06-06,2023-06-07,CUST-1492,Ritu Mehta,39.0,Female,Corporate,West,Maharashtra,Furniture,Bookcases,5-Shelf Bookcase,842.08,6,0.15,137.28
ORD-101570,2023-11-09,2023-11-15,CUST-9807,Anita Gupta,26.0,Female,Corporate,West,Rajasthan,Office Supplies,Storage,Desk Organizer,62.7,4,0.1,7.14
ORD-101571,2022-08-11,2022-08-14,CUST-7253,Karan Kapoor,29.0,Male,Consumer,West,Gujarat,Office Supplies,Labels,Address Labels,224.87,3,0.1,38.03
ORD-101572,2024-04-06,2024-04-07,CUST-7848,Amit Reddy,24.0,Male,Consumer,North,Uttar Pradesh,Office Supplies,Labels,Shipping Labels,554.95,7,0.15,93.18
ORD-101573,2024-09-14,2024-09-20,CUST-1492,Ritu Mehta,37.0,Female,Consumer,North,Haryana,Office Supplies,Paper,A4 Copy Paper Ream,125.64,2,0.15,22.71
ORD-101574,2022-10-07,2022-10-14,CUST-8611,Pooja Reddy,39.0,Female,Consumer,North,Delhi,Furniture,Bookcases,Ladder Bookshelf,1931.13,5,0.1,382.96
ORD-101575,2022-05-09,2022-05-16,CUST-3989,Anjali Reddy,41.0,Female,Consumer,South,Telangana,Office Supplies,Binders,View Binder,197.29,4,0.15,15.0
ORD-101576,2022-02-02,2022-02-07,CUST-4549,Arjun Rao,36.0,Male,Consumer,North,Uttar Pradesh,Office Supplies,Art,Colored Pencils,62.63,2,0.1,21.3
ORD-101577,2023-12-17,2023-12-23,CUST-7260,Anjali Verma,35.0,Female,Consumer,North,Uttar Pradesh,Technology,Machines,3D Printer Mini,4329.7,7,0.2,1035.62
ORD-101578,2023-11-24,2023-11-30,CUST-9508,Isha Gupta,35.0,Female,Corporate,South,Kerala,Office Supplies,Envelopes,Mailing Envelopes,158.53,2,0.0,51.9
ORD-101579,2023-10-04,2023-10-11,CUST-6530,Sneha Gupta,32.0,Female,Corporate,West,Rajasthan,Office Supplies,Paper,Notebook Set,48.8,2,0.1,16.84
ORD-101580,2022-10-22,2022-10-28,CUST-3918,Karan Reddy,49.0,Male,Home Office,East,Odisha,Office Supplies,Labels,Address Labels,108.54,3,0.1,24.1
ORD-101581,2023-03-21,2023-03-25,CUST-1836,Karan Kapoor,18.0,Male,Corporate,North,Haryana,Furniture,Tables,Round Side Table,1720.93,4,0.1,584.9
ORD-101582,2023-11-15,2023-11-20,CUST-9924,Aditya Rao,28.0,Male,Corporate,North,Delhi,Office Supplies,Envelopes,Mailing Envelopes,99.42,2,0.0,27.13
ORD-101583,2023-08-05,2023-08-08,CUST-8188,Meera Gupta,18.0,Female,Consumer,South,Tamil Nadu,Technology,Copiers,Compact Copier,3252.76,4,0.15,763.21
ORD-101584,2024-12-24,2024-12-27,CUST-8715,Divya Sharma,45.0,Female,Consumer,South,Tamil Nadu,Furniture,Tables,Adjustable Standing Desk,1408.98,6,0.0,541.58
ORD-101585,2022-06-29,2022-06-30,CUST-5455,Amit Kapoor,27.0,Male,Home Office,South,Kerala,Office Supplies,Envelopes,Window Envelopes,32.33,5,0.3,2.03
ORD-101586,2024-02-10,2024-02-13,CUST-4087,Vikram Nair,53.0,Male,Consumer,West,Maharashtra,Office Supplies,Paper,Notebook Set,347.01,6,0.4,-16.27
ORD-101587,2023-04-08,2023-04-10,CUST-8715,Divya Sharma,46.0,Female,Consumer,South,Tamil Nadu,Office Supplies,Labels,Address Labels,380.02,5,0.3,41.75
ORD-101588,2023-05-08,2023-05-14,CUST-9508,Isha Gupta,37.0,Female,Consumer,West,Gujarat,Office Supplies,Storage,File Cabinet,395.72,7,0.0,84.51
ORD-101589,2024-03-12,2024-03-15,CUST-6255,Rohan Iyer,28.0,Male,Consumer,West,Gujarat,Office Supplies,Envelopes,Window Envelopes,73.5,2,0.2,13.76
ORD-101590,2024-02-06,2024-02-07,CUST-1836,Karan Kapoor,19.0,Male,Consumer,Central,Madhya Pradesh,Furniture,Tables,Adjustable Standing Desk,593.23,1,0.1,126.93
ORD-101591,2024-12-26,2024-12-27,CUST-3674,Kavita Sharma,51.0,Female,Corporate,West,Rajasthan,Furniture,Furnishings,Area Rug,2751.81,5,0.1,631.22
ORD-101592,2022-06-19,2022-06-21,CUST-7576,Neha Nair,25.0,Female,Consumer,North,Delhi,Office Supplies,Envelopes,Mailing Envelopes,293.44,4,0.0,124.05
ORD-101593,2022-05-19,2022-05-20,CUST-9508,Isha Gupta,36.0,Female,Consumer,South,Tamil Nadu,Office Supplies,Binders,3-Ring Binder,315.95,5,0.0,63.52
ORD-101594,2024-03-21,2024-03-28,CUST-5360,Aditya Kapoor,40.0,Male,Corporate,Central,Madhya Pradesh,Furniture,Furnishings,Wall Clock,1438.38,4,0.2,177.47
ORD-101595,2023-11-03,2023-11-07,CUST-3317,Aditya Kapoor,40.0,Male,Consumer,West,Maharashtra,Technology,Machines,Label Maker,1950.0,3,0.2,415.06
ORD-101596,2022-11-25,2022-12-02,CUST-3504,Rahul Sharma,18.0,Male,Consumer,South,Telangana,Office Supplies,Paper,A4 Copy Paper Ream,543.55,7,0.1,155.27
ORD-101597,2022-04-18,2022-04-24,CUST-8715,Divya Sharma,47.0,Female,Corporate,Central,Madhya Pradesh,Furniture,Chairs,Recliner Lounge Chair,1727.61,3,0.15,120.63
ORD-101598,2022-04-26,2022-05-02,CUST-4462,Pooja Gupta,51.0,Female,Consumer,Central,Chhattisgarh,Furniture,Chairs,Executive Leather Chair,1339.13,5,0.0,467.46
ORD-101599,2024-10-18,2024-10-24,CUST-2407,Anjali Verma,35.0,Female,Home Office,East,Odisha,Furniture,Furnishings,Area Rug,2583.39,6,0.1,837.25
ORD-101600,2022-09-09,2022-09-14,CUST-5842,Vivek Kapoor,30.0,Male,Home Office,West,Rajasthan,Office Supplies,Paper,A4 Copy Paper Ream,81.38,4,0.2,12.76
ORD-101601,2022-12-26,2022-12-29,CUST-3918,Karan Reddy,48.0,Male,Corporate,South,Karnataka,Furniture,Tables,Adjustable Standing Desk,1656.18,5,0.0,482.96
ORD-101602,2022-10-17,2022-10-21,CUST-7848,Amit Reddy,21.0,Male,Corporate,West,Gujarat,Technology,Phones,Smartphone X12,3421.26,4,0.0,1443.46
ORD-101603,2023-01-31,2023-02-03,CUST-7231,Amit Sharma,18.0,Male,Consumer,West,Maharashtra,Office Supplies,Storage,File Cabinet,133.43,2,0.0,43.59
ORD-101604,2022-04-05,2022-04-09,CUST-6829,Priya Nair,24.0,Female,Consumer,North,Punjab,Furniture,Bookcases,Ladder Bookshelf,400.32,2,0.0,131.29
ORD-101605,2023-09-02,2023-09-05,CUST-4526,Meera Iyer,36.0,Female,Consumer,East,Bihar,Office Supplies,Art,Sketch Pad,167.26,3,0.0,39.77
ORD-101606,2022-04-03,2022-04-05,CUST-8833,Kavita Rao,36.0,Female,Consumer,Central,Madhya Pradesh,Technology,Machines,Laser Printer,2249.36,7,0.3,171.85
ORD-101607,2024-06-25,2024-07-02,CUST-4549,Arjun Rao,38.0,Male,Home Office,East,West Bengal,Furniture,Bookcases,Ladder Bookshelf,2312.85,5,0.0,921.8
ORD-101608,2022-10-24,2022-10-25,CUST-4549,Arjun Rao,37.0,Male,Consumer,East,Bihar,Furniture,Bookcases,Corner Bookcase,970.83,2,0.3,111.23
ORD-101609,2023-09-27,2023-09-28,CUST-1148,Kavita Reddy,50.0,Female,Corporate,South,Tamil Nadu,Office Supplies,Envelopes,Window Envelopes,188.52,7,0.0,83.72
ORD-101610,2024-10-03,2024-10-10,CUST-6924,Rohan Joshi,18.0,Male,Home Office,Central,Madhya Pradesh,Office Supplies,Envelopes,Window Envelopes,164.86,5,0.0,73.42
ORD-101611,2023-12-22,2023-12-24,CUST-8188,Meera Gupta,18.0,Female,Consumer,North,Punjab,Office Supplies,Envelopes,Mailing Envelopes,197.71,3,0.4,-21.45
ORD-101612,2023-09-19,2023-09-23,CUST-6530,Sneha Gupta,32.0,Female,Corporate,West,Rajasthan,Office Supplies,Binders,3-Ring Binder,136.32,2,0.0,56.61
ORD-101613,2022-12-26,2023-01-02,CUST-6633,Sneha Mehta,33.0,Female,Corporate,North,Delhi,Technology,Machines,Label Maker,4133.46,7,0.2,728.83
ORD-101614,2022-12-31,2023-01-05,CUST-9438,Sanjay Iyer,37.0,Male,Consumer,West,Gujarat,Furniture,Furnishings,Table Lamp,953.67,3,0.0,404.98
ORD-101615,2024-01-05,2024-01-09,CUST-3228,Shreya Reddy,52.0,Female,Corporate,West,Maharashtra,Office Supplies,Labels,Address Labels,169.12,7,0.3,21.67
ORD-101616,2024-12-28,2024-12-29,CUST-6743,Anjali Verma,44.0,Female,Consumer,North,Delhi,Office Supplies,Storage,Storage Box Set,123.66,3,0.0,33.91
ORD-101617,2023-12-29,2024-01-03,CUST-8065,Aditya Kapoor,36.0,Male,Consumer,East,Bihar,Office Supplies,Art,Sketch Pad,157.13,4,0.0,68.02
ORD-101618,2023-10-15,2023-10-18,CUST-1994,Manish Sharma,53.0,Male,Consumer,South,Karnataka,Technology,Machines,3D Printer Mini,3243.51,6,0.0,1413.3
ORD-101619,2024-03-29,2024-04-03,CUST-9933,Suresh Joshi,18.0,Male,Home Office,North,Delhi,Furniture,Chairs,Foldable Study Chair,1767.8,4,0.15,143.52
ORD-101620,2023-06-23,2023-06-27,CUST-6255,Rohan Iyer,29.0,Male,Home Office,South,Tamil Nadu,Furniture,Furnishings,Table Lamp,851.94,6,0.0,298.08
ORD-101621,2022-03-24,2022-03-26,CUST-5709,Anjali Patel,49.0,Female,Corporate,North,Uttar Pradesh,Office Supplies,Envelopes,Window Envelopes,249.29,4,0.1,71.08
ORD-101622,2023-10-19,2023-10-22,CUST-8432,Ritu Kapoor,21.0,Female,Consumer,West,Gujarat,Technology,Accessories,Mechanical Keyboard,413.88,2,0.2,89.14
ORD-101623,2024-12-06,2024-12-10,CUST-9441,Divya Kapoor,41.0,Female,Consumer,West,Gujarat,Office Supplies,Envelopes,Mailing Envelopes,500.82,7,0.0,190.31
ORD-101624,2022-08-20,2022-08-23,CUST-9441,Divya Kapoor,44.0,Female,Consumer,North,Delhi,Furniture,Furnishings,Curtain Set,854.39,7,0.3,-5.61
ORD-101625,2024-02-02,2024-02-07,CUST-1994,Manish Sharma,53.0,Male,Consumer,South,Karnataka,Office Supplies,Storage,Desk Organizer,22.56,1,0.0,6.46
ORD-101626,2022-09-20,2022-09-21,CUST-5830,Sneha Verma,34.0,Female,Consumer,West,Gujarat,Furniture,Furnishings,Table Lamp,1963.22,5,0.1,635.32
ORD-101627,2023-09-22,2023-09-26,CUST-2761,Ritu Verma,57.0,Female,Corporate,North,Delhi,Furniture,Bookcases,Corner Bookcase,2338.82,6,0.0,593.41
ORD-101628,2022-05-10,2022-05-12,CUST-8432,Ritu Kapoor,20.0,Female,Consumer,North,Haryana,Office Supplies,Labels,Address Labels,147.09,7,0.0,42.01
ORD-101629,2023-06-04,2023-06-11,CUST-1882,Priya Patel,35.0,Female,Corporate,Central,Madhya Pradesh,Office Supplies,Labels,Shipping Labels,36.04,2,0.0,11.76
ORD-101630,2024-05-01,2024-05-06,CUST-8065,Aditya Kapoor,37.0,Male,Corporate,West,Gujarat,Technology,Phones,Budget Smartphone S5,136.32,2,0.0,28.85
ORD-101631,2023-01-20,2023-01-24,CUST-9474,Meera Sharma,35.0,Female,Consumer,North,Punjab,Technology,Phones,Budget Smartphone S5,4744.06,7,0.4,19.0
ORD-101632,2023-12-31,2024-01-02,CUST-9474,Meera Sharma,39.0,Female,Consumer,North,Haryana,Office Supplies,Storage,Storage Box Set,46.08,2,0.3,-0.23
ORD-101633,2024-06-19,2024-06-23,CUST-2673,Vivek Reddy,45.0,Male,Consumer,North,Punjab,Furniture,Furnishings,Table Lamp,2095.25,5,0.1,234.19
ORD-101634,2024-11-14,2024-11-19,CUST-1639,Shreya Gupta,37.0,Female,Consumer,South,Kerala,Technology,Copiers,Compact Copier,1662.76,3,0.2,159.71
ORD-101635,2022-10-25,2022-10-29,CUST-8065,Aditya Kapoor,35.0,Male,Consumer,South,Karnataka,Office Supplies,Art,Marker Set,206.82,7,0.15,61.92
ORD-101636,2023-04-01,2023-04-04,CUST-8065,Aditya Kapoor,35.0,Male,Consumer,East,West Bengal,Technology,Accessories,Wireless Mouse,5357.1,7,0.3,-320.64
ORD-101637,2022-07-21,2022-07-26,CUST-5842,Vivek Kapoor,34.0,Male,Home Office,West,Gujarat,Furniture,Furnishings,Wall Clock,699.83,2,0.0,283.74
ORD-101638,2024-12-27,2024-12-31,CUST-7803,Priya Gupta,37.0,Female,Consumer,North,Uttar Pradesh,Office Supplies,Envelopes,Window Envelopes,256.59,6,0.1,67.04
ORD-101639,2024-11-14,2024-11-21,CUST-8555,Kavita Joshi,38.0,Female,Consumer,North,Uttar Pradesh,Office Supplies,Binders,3-Ring Binder,55.51,1,0.0,23.82
ORD-101640,2023-09-27,2023-09-28,CUST-5709,Anjali Patel,49.0,Female,Consumer,West,Gujarat,Office Supplies,Storage,Storage Box Set,299.0,4,0.2,2.71
ORD-101641,2024-08-20,2024-08-24,CUST-7956,Pooja Nair,40.0,Female,Consumer,East,West Bengal,Furniture,Bookcases,Corner Bookcase,463.24,1,0.0,122.24
ORD-101642,2023-09-05,2023-09-08,CUST-1235,Vikram Reddy,39.0,Male,Corporate,North,Punjab,Office Supplies,Labels,Shipping Labels,83.31,2,0.0,34.23
ORD-101643,2023-12-06,2023-12-08,CUST-3163,Karan Reddy,23.0,Male,Consumer,North,Delhi,Office Supplies,Storage,Desk Organizer,209.55,7,0.2,4.91
ORD-101644,2022-05-01,2022-05-08,CUST-3163,Karan Reddy,,Male,Consumer,East,Odisha,Furniture,Bookcases,Ladder Bookshelf,392.04,2,0.2,72.64
ORD-101645,2024-04-30,2024-05-02,CUST-7185,Ritu Mehta,25.0,Female,Consumer,North,Punjab,Office Supplies,Art,Colored Pencils,515.92,7,0.0,103.94
ORD-101646,2022-06-18,2022-06-25,CUST-3019,Sanjay Mehta,27.0,Male,Consumer,South,Karnataka,Furniture,Chairs,Recliner Lounge Chair,297.34,3,0.0,125.64
ORD-101647,2024-07-30,2024-08-01,CUST-2602,Vivek Reddy,25.0,Male,Home Office,Central,Madhya Pradesh,Office Supplies,Storage,File Cabinet,558.66,7,0.0,241.35
ORD-101648,2024-06-01,2024-06-02,CUST-2602,Vivek Reddy,26.0,Male,Corporate,South,Kerala,Office Supplies,Paper,Notebook Set,286.93,6,0.1,64.59
ORD-101649,2024-03-01,2024-03-04,CUST-1389,Shreya Joshi,37.0,Female,Corporate,Central,Madhya Pradesh,Office Supplies,Labels,Address Labels,237.92,5,0.3,35.12
ORD-101650,2022-02-20,2022-02-25,CUST-5830,Sneha Verma,30.0,Female,Consumer,Central,Chhattisgarh,Furniture,Furnishings,Wall Clock,2787.42,7,0.3,340.22
ORD-101651,2022-12-13,2022-12-15,CUST-8655,Neha Patel,20.0,Female,Consumer,South,Telangana,Furniture,Chairs,Executive Leather Chair,262.99,1,0.3,29.54
ORD-101652,2022-11-16,2022-11-23,CUST-2427,Arjun Rao,24.0,Male,Home Office,East,West Bengal,Office Supplies,Storage,Desk Organizer,387.27,5,0.15,41.64
ORD-101653,2023-02-07,2023-02-10,CUST-8188,Meera Gupta,,Female,Consumer,North,Uttar Pradesh,Technology,Accessories,USB-C Hub,1090.19,2,0.1,264.05
ORD-101654,2022-04-29,2022-05-03,CUST-1143,Neha Singh,30.0,Female,Corporate,North,Haryana,Office Supplies,Art,Colored Pencils,104.3,2,0.0,26.02
ORD-101655,2024-11-22,2024-11-23,CUST-7566,Shreya Kapoor,39.0,Female,Corporate,East,Bihar,Office Supplies,Storage,File Cabinet,104.59,2,0.3,5.42
ORD-101656,2023-10-11,2023-10-14,CUST-7185,Ritu Mehta,29.0,Female,Consumer,South,Karnataka,Office Supplies,Labels,Address Labels,271.81,5,0.1,45.28
ORD-101657,2022-12-15,2022-12-18,CUST-4599,Suresh Rao,53.0,Male,Consumer,South,Telangana,Office Supplies,Envelopes,Window Envelopes,96.41,4,0.0,39.31
ORD-101658,2023-03-29,2023-04-03,CUST-7956,Pooja Nair,41.0,Female,Corporate,South,Kerala,Technology,Machines,3D Printer Mini,882.79,2,0.15,203.82
ORD-101659,2023-05-31,2023-06-03,CUST-1235,Vikram Reddy,39.0,Male,Consumer,South,Kerala,Furniture,Furnishings,Curtain Set,867.11,5,0.0,273.82
ORD-101660,2023-11-20,2023-11-25,CUST-4611,Nikhil Rao,30.0,Male,Consumer,East,Odisha,Office Supplies,Labels,Shipping Labels,18.62,3,0.15,5.17
ORD-101661,2023-08-29,2023-08-30,CUST-6440,Aditya Kapoor,18.0,Male,Consumer,Central,Madhya Pradesh,Office Supplies,Envelopes,Window Envelopes,80.63,2,0.0,24.94
ORD-101662,2024-11-09,2024-11-10,CUST-2602,Vivek Reddy,26.0,Male,Consumer,West,Rajasthan,Office Supplies,Envelopes,Mailing Envelopes,317.53,5,0.0,98.33
ORD-101663,2023-08-05,2023-08-09,CUST-2602,Vivek Reddy,28.0,Male,Consumer,North,Uttar Pradesh,Office Supplies,Art,Sketch Pad,78.03,2,0.0,30.03
ORD-101664,2024-12-27,2025-01-01,CUST-2427,Arjun Rao,23.0,Male,Consumer,North,Uttar Pradesh,Office Supplies,Envelopes,Window Envelopes,67.46,5,0.2,8.58
ORD-101665,2024-09-01,2024-09-06,CUST-3317,Aditya Kapoor,,Male,Corporate,West,Rajasthan,Furniture,Bookcases,5-Shelf Bookcase,592.44,4,0.0,182.73
ORD-101666,2022-09-29,2022-10-01,CUST-9887,Vivek Singh,45.0,Male,Corporate,North,Punjab,Furniture,Tables,Adjustable Standing Desk,3317.02,6,0.1,972.89
ORD-101667,2024-11-17,2024-11-19,CUST-5193,Karan Rao,43.0,Male,Consumer,South,Tamil Nadu,Office Supplies,Binders,Clip Binder,78.91,2,0.1,7.96
ORD-101668,2022-06-03,2022-06-07,CUST-2741,Amit Patel,26.0,Male,Consumer,South,Kerala,Office Supplies,Storage,Desk Organizer,89.72,7,0.1,16.88
ORD-101669,2024-07-18,2024-07-19,CUST-5193,Karan Rao,40.0,Male,Corporate,West,Maharashtra,Furniture,Bookcases,Corner Bookcase,1921.41,4,0.2,351.65
ORD-101670,2023-03-08,2023-03-14,CUST-1809,Neha Verma,36.0,Female,Consumer,West,Gujarat,Office Supplies,Paper,Sticky Notes Pack,378.77,6,0.2,15.48
ORD-101671,2024-10-01,2024-10-03,CUST-2741,Amit Patel,29.0,Male,Consumer,South,Kerala,Office Supplies,Art,Colored Pencils,366.37,7,0.3,8.49
ORD-101672,2024-09-20,2024-09-23,CUST-6621,Manish Patel,18.0,Male,Home Office,South,Telangana,Office Supplies,Art,Colored Pencils,362.56,6,0.3,-2.9
ORD-101673,2024-07-02,2024-07-03,CUST-3143,Ritu Verma,19.0,Female,Consumer,West,Maharashtra,Furniture,Chairs,Ergo Mesh Office Chair,2406.15,5,0.0,798.66
ORD-101674,2024-06-12,2024-06-18,CUST-5188,Kavita Singh,40.0,Female,Corporate,East,Odisha,Furniture,Tables,Adjustable Standing Desk,1332.09,4,0.3,172.21
ORD-101675,2022-12-14,2022-12-17,CUST-9985,Vikram Sharma,19.0,Male,Home Office,Central,Chhattisgarh,Furniture,Bookcases,5-Shelf Bookcase,1511.85,5,0.3,-31.91
ORD-101676,2022-04-20,2022-04-27,CUST-1235,Vikram Reddy,36.0,Male,Corporate,East,Bihar,Office Supplies,Art,Marker Set,75.99,1,0.15,19.44
ORD-101677,2023-04-06,2023-04-11,CUST-4065,Arjun Mehta,39.0,Male,Home Office,South,Tamil Nadu,Technology,Phones,Budget Smartphone S5,213.77,2,0.2,52.01
ORD-101678,2022-08-18,2022-08-19,CUST-9664,Shreya Gupta,28.0,Female,Corporate,East,Bihar,Furniture,Chairs,Foldable Study Chair,2394.6,6,0.1,684.0
ORD-101679,2024-02-09,2024-02-16,CUST-2048,Isha Joshi,26.0,Female,Consumer,North,Delhi,Furniture,Furnishings,Area Rug,407.53,3,0.3,47.17
ORD-101680,2023-01-18,2023-01-22,CUST-1143,Neha Singh,30.0,Female,Consumer,South,Kerala,Office Supplies,Storage,Storage Box Set,72.83,1,0.1,15.49
ORD-101681,2024-12-17,2024-12-22,CUST-3209,Isha Iyer,37.0,Female,Consumer,Central,Chhattisgarh,Office Supplies,Paper,Sticky Notes Pack,92.44,5,0.2,12.96
ORD-101682,2023-12-16,2023-12-21,CUST-2741,Amit Patel,28.0,Male,Consumer,South,Telangana,Technology,Accessories,Webcam HD,97.31,1,0.3,9.36
ORD-101683,2024-07-25,2024-07-28,CUST-2613,Meera Rao,21.0,Female,Consumer,East,West Bengal,Technology,Phones,Cordless Landline,2359.84,4,0.2,147.32
ORD-101684,2022-06-24,2022-07-01,CUST-2427,Arjun Rao,21.0,Male,Consumer,North,Haryana,Office Supplies,Envelopes,Window Envelopes,137.55,2,0.1,33.11
ORD-101685,2024-09-13,2024-09-18,CUST-3209,Isha Iyer,39.0,Female,Corporate,Central,Chhattisgarh,Technology,Phones,Cordless Landline,2822.48,6,0.0,933.86
ORD-101686,2024-11-11,2024-11-13,CUST-6264,Karan Kapoor,36.0,Male,Home Office,East,West Bengal,Furniture,Furnishings,Area Rug,1422.45,4,0.1,497.07
ORD-101687,2023-07-23,2023-07-24,CUST-1887,Shreya Rao,34.0,Female,Corporate,Central,Madhya Pradesh,Office Supplies,Paper,Sticky Notes Pack,36.28,1,0.1,9.26
ORD-101688,2023-11-24,2023-11-26,CUST-7537,Ritu Iyer,20.0,Female,Consumer,West,Maharashtra,Technology,Machines,Laser Printer,2809.53,4,0.1,904.36
ORD-101689,2024-05-11,2024-05-14,CUST-9887,Vivek Singh,45.0,Male,Corporate,West,Gujarat,Technology,Machines,Label Maker,1516.89,6,0.1,202.31
ORD-101690,2022-08-19,2022-08-25,CUST-1907,Manish Mehta,39.0,Male,Corporate,North,Punjab,Office Supplies,Art,Colored Pencils,156.76,2,0.0,39.62
ORD-101691,2023-08-12,2023-08-15,CUST-8549,Arjun Patel,23.0,Male,Corporate,South,Telangana,Technology,Accessories,Wireless Mouse,4316.74,6,0.1,458.85
ORD-101692,2023-03-31,2023-04-01,CUST-2418,Ritu Iyer,33.0,Female,Home Office,East,West Bengal,Technology,Copiers,Office Copier 200,824.1,3,0.1,256.9
ORD-101693,2022-07-13,2022-07-18,CUST-4140,Sneha Verma,42.0,Female,Consumer,East,West Bengal,Furniture,Bookcases,Ladder Bookshelf,1169.28,2,0.1,335.57
ORD-101694,2023-02-18,2023-02-25,CUST-4939,Nikhil Joshi,21.0,Male,Consumer,East,Odisha,Office Supplies,Binders,View Binder,203.17,3,0.0,86.85
ORD-101695,2022-04-04,2022-04-11,CUST-7967,Meera Rao,41.0,Female,Corporate,East,West Bengal,Furniture,Bookcases,5-Shelf Bookcase,296.6,2,0.0,91.58
ORD-101696,2022-02-05,2022-02-09,CUST-2817,Divya Mehta,48.0,Female,Consumer,South,Telangana,Office Supplies,Labels,Address Labels,181.63,5,0.0,73.74
ORD-101697,2022-06-27,2022-06-30,CUST-2741,Amit Patel,29.0,Male,Corporate,South,Karnataka,Furniture,Bookcases,Ladder Bookshelf,2763.97,5,0.0,574.51
ORD-101698,2024-12-09,2024-12-10,CUST-7967,Meera Rao,40.0,Female,Corporate,East,West Bengal,Office Supplies,Paper,Sticky Notes Pack,319.69,5,0.4,-16.57
ORD-101699,2023-10-07,2023-10-11,CUST-4611,Nikhil Rao,33.0,Male,Consumer,West,Rajasthan,Office Supplies,Binders,View Binder,122.48,5,0.2,7.01
ORD-101700,2024-12-11,2024-12-16,CUST-7967,Meera Rao,41.0,Female,Consumer,South,Tamil Nadu,Office Supplies,Envelopes,Mailing Envelopes,32.26,2,0.3,4.1
ORD-101701,2023-05-13,2023-05-19,CUST-4658,Aditya Nair,18.0,Male,Consumer,Central,Madhya Pradesh,Office Supplies,Storage,Desk Organizer,78.96,3,0.0,29.96
ORD-101702,2022-12-19,2022-12-22,CUST-9887,Vivek Singh,45.0,Male,Consumer,South,Tamil Nadu,Office Supplies,Storage,Desk Organizer,234.64,3,0.0,54.65
ORD-101703,2023-08-17,2023-08-23,CUST-4658,Aditya Nair,19.0,Male,Consumer,Central,Madhya Pradesh,Furniture,Furnishings,Table Lamp,961.31,6,0.2,178.43
ORD-101704,2023-05-22,2023-05-23,CUST-9382,Vivek Kapoor,28.0,Male,Consumer,West,Maharashtra,Furniture,Bookcases,Corner Bookcase,2330.79,7,0.0,582.45
ORD-101705,2022-05-21,2022-05-27,CUST-3723,Rahul Rao,36.0,Male,Corporate,Central,Chhattisgarh,Technology,Machines,3D Printer Mini,1631.43,2,0.1,335.46
ORD-101706,2023-12-16,2023-12-22,CUST-3908,Pooja Singh,36.0,Female,Consumer,North,Uttar Pradesh,Technology,Machines,Label Maker,702.53,2,0.0,211.27
ORD-101707,2022-10-06,2022-10-07,CUST-6352,Kavita Patel,31.0,Female,Consumer,East,West Bengal,Office Supplies,Binders,Clip Binder,448.45,6,0.1,130.51
ORD-101708,2023-12-03,2023-12-04,CUST-1461,Anita Iyer,44.0,Female,Consumer,South,Telangana,Furniture,Chairs,Foldable Study Chair,3526.29,6,0.4,-300.24
ORD-101709,2023-12-22,2023-12-25,CUST-2797,Suresh Iyer,50.0,Male,Consumer,South,Tamil Nadu,Furniture,Furnishings,Area Rug,2039.38,4,0.2,95.39
ORD-101710,2022-07-20,2022-07-26,CUST-9278,Neha Rao,42.0,Female,Home Office,West,Gujarat,Office Supplies,Art,Sketch Pad,142.57,7,0.0,57.54
ORD-101711,2022-03-26,2022-03-30,CUST-8930,Aditya Kapoor,36.0,Male,Consumer,East,Odisha,Office Supplies,Paper,Notebook Set,127.41,6,0.0,55.98
ORD-101712,2024-05-31,2024-06-01,CUST-9779,Shreya Nair,51.0,Female,Consumer,Central,Chhattisgarh,Office Supplies,Binders,View Binder,15.51,3,0.0,3.57
ORD-101713,2023-06-16,2023-06-21,CUST-6679,Shreya Joshi,37.0,Female,Consumer,North,Delhi,Office Supplies,Envelopes,Window Envelopes,304.72,5,0.4,-14.32
ORD-101714,2022-03-22,2022-03-28,CUST-4406,Shreya Sharma,40.0,Female,Consumer,West,Maharashtra,Technology,Machines,Laser Printer,3354.29,7,0.4,-363.6
ORD-101715,2024-12-28,2024-12-29,CUST-6334,Isha Sharma,20.0,Female,Consumer,North,Haryana,Office Supplies,Labels,Shipping Labels,22.5,1,0.0,6.52
ORD-101716,2022-03-21,2022-03-25,CUST-2559,Vivek Mehta,24.0,Male,Consumer,Central,Chhattisgarh,Office Supplies,Binders,Clip Binder,26.09,1,0.0,9.64
ORD-101717,2024-02-10,2024-02-17,CUST-6484,Divya Iyer,35.0,Female,Consumer,Central,Madhya Pradesh,Office Supplies,Envelopes,Mailing Envelopes,248.31,4,0.0,79.6
ORD-101718,2024-12-22,2024-12-25,CUST-5077,Meera Gupta,24.0,Female,Consumer,North,Uttar Pradesh,Office Supplies,Binders,3-Ring Binder,265.83,7,0.1,59.51
ORD-101719,2022-10-29,2022-11-04,CUST-5194,Suresh Gupta,18.0,Male,Corporate,Central,Madhya Pradesh,Office Supplies,Binders,Clip Binder,260.44,6,0.1,66.18
ORD-101720,2022-07-07,2022-07-14,CUST-9382,Vivek Kapoor,26.0,Male,Consumer,South,Tamil Nadu,Furniture,Bookcases,Corner Bookcase,507.77,1,0.0,223.51
ORD-101721,2022-06-10,2022-06-11,CUST-1055,Sanjay Joshi,28.0,Male,Consumer,West,Maharashtra,Technology,Phones,Budget Smartphone S5,1171.34,5,0.0,514.41
ORD-101722,2022-12-13,2022-12-14,CUST-5194,Suresh Gupta,18.0,Male,Corporate,South,Tamil Nadu,Office Supplies,Paper,Sticky Notes Pack,76.27,7,0.15,19.59
ORD-101723,2022-05-15,2022-05-20,CUST-4611,Nikhil Rao,32.0,Male,Consumer,East,Bihar,Office Supplies,Envelopes,Window Envelopes,132.27,3,0.4,-15.23
ORD-101724,2024-02-05,2024-02-10,CUST-6218,Meera Joshi,42.0,Female,Corporate,North,Delhi,Office Supplies,Art,Sketch Pad,57.52,1,0.0,25.31
ORD-101725,2022-03-27,2022-04-02,CUST-4591,Ritu Sharma,34.0,Female,Consumer,East,West Bengal,Technology,Machines,3D Printer Mini,306.21,1,0.3,-23.16
ORD-101726,2023-08-21,2023-08-28,CUST-6876,Ritu Joshi,38.0,Female,Consumer,South,Kerala,Technology,Accessories,USB-C Hub,2285.31,3,0.15,372.43
ORD-101727,2024-12-29,2025-01-05,CUST-9887,Vivek Singh,49.0,Male,Corporate,South,Tamil Nadu,Furniture,Tables,Oak Dining Table,2200.31,4,0.3,272.88
ORD-101728,2024-07-13,2024-07-14,CUST-5902,Sneha Rao,46.0,Female,Home Office,South,Tamil Nadu,Furniture,Furnishings,Area Rug,2243.34,6,0.1,692.68
ORD-101729,2023-11-30,2023-12-06,CUST-8945,Suresh Patel,35.0,Male,Home Office,West,Gujarat,Furniture,Tables,Round Side Table,2461.0,7,0.0,804.45
ORD-101730,2022-12-15,2022-12-16,CUST-7283,Pooja Patel,29.0,Female,Consumer,East,Odisha,Office Supplies,Binders,View Binder,319.23,5,0.15,30.85
ORD-101731,2023-12-06,2023-12-11,CUST-4487,Manish Sharma,52.0,Male,Corporate,South,Karnataka,Furniture,Bookcases,5-Shelf Bookcase,1453.47,7,0.0,627.22
ORD-101732,2023-09-12,2023-09-16,CUST-8945,Suresh Patel,35.0,Male,Corporate,North,Delhi,Furniture,Bookcases,Ladder Bookshelf,155.26,1,0.0,66.82
ORD-101733,2023-05-05,2023-05-07,CUST-5436,Kavita Kapoor,35.0,Female,Corporate,South,Tamil Nadu,Office Supplies,Art,Marker Set,100.05,4,0.1,12.16
ORD-101734,2022-06-22,2022-06-24,CUST-7283,Pooja Patel,25.0,Female,Corporate,West,Gujarat,Office Supplies,Envelopes,Window Envelopes,180.55,5,0.4,-4.63
ORD-101735,2024-10-10,2024-10-11,CUST-4611,Nikhil Rao,30.0,Male,Corporate,Central,Chhattisgarh,Furniture,Bookcases,5-Shelf Bookcase,252.79,2,0.0,100.45
ORD-101736,2023-06-03,2023-06-10,CUST-6371,Nikhil Singh,44.0,Male,Home Office,North,Delhi,Office Supplies,Paper,Notebook Set,156.82,2,0.1,36.0
ORD-101737,2022-09-13,2022-09-18,CUST-9809,Pooja Kapoor,27.0,Female,Consumer,Central,Madhya Pradesh,Furniture,Tables,Adjustable Standing Desk,1023.88,3,0.1,106.61
ORD-101738,2023-02-18,2023-02-21,CUST-4675,Pooja Nair,23.0,Female,Consumer,East,Odisha,Office Supplies,Storage,File Cabinet,281.15,6,0.2,50.52
ORD-101739,2023-04-20,2023-04-23,CUST-3725,Neha Patel,18.0,Female,Home Office,East,Bihar,Office Supplies,Art,Marker Set,171.1,5,0.3,13.56
ORD-101740,2024-08-01,2024-08-03,CUST-8457,Arjun Reddy,33.0,Male,Consumer,North,Delhi,Furniture,Bookcases,Corner Bookcase,665.82,2,0.3,-4.0
ORD-101741,2024-04-02,2024-04-06,CUST-1055,Sanjay Joshi,28.0,Male,Consumer,Central,Madhya Pradesh,Furniture,Bookcases,5-Shelf Bookcase,584.31,1,0.0,184.19
ORD-101742,2024-05-17,2024-05-19,CUST-4675,Pooja Nair,20.0,Female,Corporate,North,Haryana,Technology,Phones,Budget Smartphone S5,2196.16,3,0.0,780.85
ORD-101743,2022-01-16,2022-01-17,CUST-5902,Sneha Rao,49.0,Female,Consumer,East,Bihar,Office Supplies,Binders,3-Ring Binder,47.13,1,0.0,13.02
ORD-101744,2023-04-23,2023-04-27,CUST-8098,Vivek Sharma,36.0,Male,Consumer,West,Maharashtra,Office Supplies,Art,Marker Set,326.66,7,0.15,89.12
ORD-101745,2023-07-15,2023-07-18,CUST-5436,Kavita Kapoor,38.0,Female,Consumer,East,Odisha,Technology,Accessories,Mechanical Keyboard,1160.39,2,0.1,170.47
ORD-101746,2022-01-27,2022-02-03,CUST-2605,Vivek Sharma,58.0,Male,Corporate,North,Punjab,Furniture,Furnishings,Area Rug,2095.41,6,0.0,578.85
ORD-101747,2022-11-14,2022-11-19,CUST-1055,Sanjay Joshi,26.0,Male,Corporate,South,Kerala,Technology,Accessories,Webcam HD,5868.81,7,0.0,2171.69
ORD-101748,2024-05-06,2024-05-11,CUST-6371,Nikhil Singh,43.0,Male,Corporate,North,Haryana,Office Supplies,Paper,A4 Copy Paper Ream,58.74,1,0.15,3.2
ORD-101749,2022-06-30,2022-07-01,CUST-8337,Arjun Nair,27.0,Male,Consumer,South,Telangana,Office Supplies,Art,Colored Pencils,70.34,2,0.15,16.17
ORD-101750,2023-09-21,2023-09-23,CUST-4487,Manish Sharma,50.0,Male,Consumer,Central,Madhya Pradesh,Office Supplies,Labels,Address Labels,273.51,7,0.0,74.99
ORD-101751,2022-10-05,2022-10-06,CUST-2579,Neha Mehta,42.0,Female,Consumer,South,Kerala,Office Supplies,Envelopes,Mailing Envelopes,135.71,7,0.0,57.37
ORD-101752,2022-01-17,2022-01-22,CUST-4591,Ritu Sharma,31.0,Female,Consumer,North,Uttar Pradesh,Office Supplies,Paper,A4 Copy Paper Ream,58.71,4,0.0,21.48
ORD-101753,2022-10-31,2022-11-03,CUST-2559,Vivek Mehta,20.0,Male,Home Office,East,Bihar,Technology,Copiers,Compact Copier,759.1,3,0.3,81.94
ORD-101754,2024-12-17,2024-12-22,CUST-9809,Pooja Kapoor,26.0,Female,Consumer,South,Telangana,Office Supplies,Paper,Notebook Set,18.29,2,0.1,4.73
ORD-101755,2024-06-27,2024-07-01,CUST-7905,Pooja Iyer,34.0,Female,Consumer,Central,Chhattisgarh,Office Supplies,Binders,Clip Binder,351.12,6,0.0,94.35
ORD-101756,2024-12-07,2024-12-14,CUST-1798,Nikhil Joshi,42.0,Male,Home Office,South,Karnataka,Technology,Machines,Label Maker,815.98,2,0.0,196.2
ORD-101757,2023-07-24,2023-07-31,CUST-2579,Neha Mehta,40.0,Female,Consumer,Central,Madhya Pradesh,Furniture,Bookcases,Corner Bookcase,857.32,7,0.2,104.15
ORD-101758,2022-05-26,2022-06-01,CUST-8825,Vivek Singh,32.0,Male,Consumer,South,Telangana,Office Supplies,Envelopes,Window Envelopes,66.04,4,0.2,
ORD-101759,2023-10-05,2023-10-10,CUST-8825,Vivek Singh,31.0,Male,Home Office,South,Karnataka,Furniture,Tables,Adjustable Standing Desk,1692.8,4,0.2,397.35
ORD-101760,2023-06-09,2023-06-14,CUST-8819,Kavita Rao,29.0,Female,Consumer,East,West Bengal,Office Supplies,Art,Sketch Pad,30.26,1,0.0,9.83
ORD-101761,2024-08-23,2024-08-30,CUST-5249,Anita Patel,18.0,Female,Corporate,East,Bihar,Technology,Machines,3D Printer Mini,1252.85,5,0.0,271.58
ORD-101762,2022-05-12,2022-05-18,CUST-5474,Karan Reddy,18.0,Male,Home Office,North,Uttar Pradesh,Office Supplies,Binders,View Binder,268.34,4,0.0,116.63
ORD-101763,2023-07-25,2023-07-29,CUST-8098,Vivek Sharma,39.0,Male,Consumer,East,West Bengal,Office Supplies,Binders,View Binder,326.75,6,0.0,91.06
ORD-101764,2022-07-18,2022-07-20,CUST-8098,Vivek Sharma,39.0,Male,Home Office,North,Delhi,Technology,Copiers,Office Copier 200,2354.67,7,0.15,443.68
ORD-101765,2022-12-26,2022-12-31,CUST-7905,Pooja Iyer,34.0,Female,Corporate,East,West Bengal,Office Supplies,Envelopes,Mailing Envelopes,304.45,6,0.0,80.37
ORD-101766,2024-04-07,2024-04-14,CUST-7977,Vivek Gupta,47.0,Male,Consumer,East,Bihar,Technology,Accessories,Webcam HD,299.85,3,0.0,61.47
ORD-101767,2023-07-08,2023-07-09,CUST-8098,Vivek Sharma,35.0,Male,Consumer,South,Tamil Nadu,Furniture,Tables,Oak Dining Table,472.67,1,0.1,49.7
ORD-101768,2023-03-02,2023-03-07,CUST-5436,Kavita Kapoor,36.0,Female,Corporate,Central,Madhya Pradesh,Office Supplies,Paper,A4 Copy Paper Ream,48.3,4,0.0,17.84
ORD-101769,2023-03-26,2023-03-27,CUST-8337,Arjun Nair,26.0,Male,Consumer,South,Tamil Nadu,Furniture,Chairs,Executive Leather Chair,1537.51,4,0.0,629.94
ORD-101770,2023-06-16,2023-06-20,CUST-1027,Rohan Iyer,42.0,Male,Corporate,South,Karnataka,Technology,Machines,3D Printer Mini,5235.67,7,0.0,2207.8
ORD-101771,2024-06-05,2024-06-10,CUST-7905,Pooja Iyer,31.0,Female,Consumer,East,Odisha,Technology,Copiers,Office Copier 200,3509.96,7,0.1,1211.63
ORD-101772,2024-10-15,2024-10-22,CUST-8018,Pooja Gupta,27.0,Female,Corporate,East,Odisha,Furniture,Tables,Oak Dining Table,114.11,1,0.1,19.14
ORD-101773,2024-12-04,2024-12-08,CUST-2695,Kavita Reddy,18.0,Female,Consumer,East,West Bengal,Furniture,Chairs,Recliner Lounge Chair,2199.18,7,0.2,393.72
ORD-101774,2024-06-08,2024-06-12,CUST-8904,Karan Kapoor,31.0,Male,Corporate,North,Haryana,Office Supplies,Storage,Desk Organizer,139.85,6,0.0,55.55
ORD-101775,2022-12-21,2022-12-23,CUST-3243,Nikhil Singh,30.0,Male,Consumer,South,Kerala,Office Supplies,Paper,Sticky Notes Pack,142.11,3,0.0,41.73
ORD-101776,2024-01-31,2024-02-05,CUST-4724,Priya Joshi,39.0,Female,Home Office,North,Delhi,Furniture,Tables,Oak Dining Table,2457.8,7,0.0,704.03
ORD-101777,2023-05-19,2023-05-20,CUST-5474,Karan Reddy,19.0,Male,Consumer,North,Uttar Pradesh,Office Supplies,Labels,Address Labels,39.76,2,0.0,15.98
ORD-101778,2022-11-10,2022-11-11,CUST-7539,Rohan Reddy,27.0,Male,Consumer,South,Tamil Nadu,Technology,Machines,Label Maker,5173.49,6,0.0,2199.62
ORD-101779,2024-08-18,2024-08-23,CUST-1027,Rohan Iyer,43.0,Male,Consumer,North,Uttar Pradesh,Furniture,Tables,Glass Coffee Table,2406.14,6,0.2,440.09
ORD-101780,2022-02-24,2022-03-02,CUST-5474,Karan Reddy,18.0,Male,Consumer,East,Odisha,Office Supplies,Art,Marker Set,59.61,2,0.3,2.59
ORD-101781,2024-10-25,2024-10-27,CUST-1027,Rohan Iyer,42.0,Male,Corporate,North,Haryana,Office Supplies,Envelopes,Window Envelopes,179.39,7,0.15,19.41
ORD-101782,2023-06-19,2023-06-21,CUST-5890,Arjun Kapoor,53.0,Male,Consumer,North,Punjab,Furniture,Tables,Adjustable Standing Desk,1565.86,4,0.15,441.05
ORD-101783,2023-12-14,2023-12-16,CUST-7591,Rohan Rao,18.0,Male,Consumer,North,Delhi,Office Supplies,Art,Sketch Pad,120.0,6,0.15,8.73
ORD-101784,2023-12-27,2023-12-28,CUST-4110,Anjali Mehta,34.0,Female,Corporate,North,Uttar Pradesh,Furniture,Chairs,Executive Leather Chair,1442.82,5,0.1,444.29
ORD-101785,2024-10-18,2024-10-22,CUST-5170,Anjali Singh,44.0,Female,Consumer,Central,Chhattisgarh,Office Supplies,Art,Colored Pencils,88.04,6,0.2,21.34
ORD-101786,2023-12-13,2023-12-20,CUST-6802,Aditya Rao,34.0,Male,Consumer,South,Karnataka,Furniture,Bookcases,5-Shelf Bookcase,2056.64,5,0.0,684.47
ORD-101787,2023-11-29,2023-12-05,CUST-5902,Sneha Rao,45.0,Female,Corporate,West,Gujarat,Furniture,Chairs,Recliner Lounge Chair,777.06,2,0.0,263.47
ORD-101788,2022-04-02,2022-04-04,CUST-1027,Rohan Iyer,40.0,Male,Corporate,North,Punjab,Office Supplies,Binders,View Binder,84.19,4,0.0,20.36
ORD-101789,2023-09-02,2023-09-03,CUST-4884,Rohan Kapoor,56.0,Male,Consumer,East,West Bengal,Office Supplies,Art,Colored Pencils,210.19,5,,46.77
ORD-101790,2022-07-18,2022-07-19,CUST-3432,Sneha Nair,51.0,Female,Consumer,South,Kerala,Technology,Copiers,Office Copier 200,607.73,7,0.0,251.11
ORD-101791,2024-04-07,2024-04-11,CUST-4116,Priya Joshi,18.0,Female,Home Office,Central,Chhattisgarh,Furniture,Furnishings,Table Lamp,849.68,5,0.15,130.64
ORD-101792,2023-08-25,2023-08-30,CUST-3705,Arjun Sharma,45.0,Male,Consumer,West,Maharashtra,Furniture,Tables,Oak Dining Table,778.09,2,0.0,241.77
ORD-101793,2024-01-20,2024-01-25,CUST-7392,Pooja Verma,18.0,Female,Home Office,Central,Madhya Pradesh,Office Supplies,Storage,Storage Box Set,27.33,1,0.0,10.89
ORD-101794,2022-02-28,2022-03-07,CUST-5890,Arjun Kapoor,50.0,Male,Consumer,North,Uttar Pradesh,Office Supplies,Storage,Desk Organizer,107.78,2,0.1,16.24
ORD-101795,2022-04-25,2022-05-02,CUST-7832,Amit Reddy,42.0,Male,Corporate,South,Kerala,Office Supplies,Envelopes,Window Envelopes,86.3,3,0.15,10.14
ORD-101796,2024-03-10,2024-03-12,CUST-3705,Arjun Sharma,47.0,Male,Home Office,North,Delhi,Furniture,Bookcases,5-Shelf Bookcase,545.93,2,0.3,-31.29
ORD-101797,2022-04-09,2022-04-16,CUST-7243,Amit Mehta,58.0,Male,Consumer,Central,Chhattisgarh,Technology,Copiers,Office Copier 200,725.86,6,0.2,31.69
ORD-101798,2022-04-08,2022-04-10,CUST-5902,Sneha Rao,46.0,Female,Consumer,East,Odisha,Office Supplies,Labels,Shipping Labels,488.01,7,0.2,100.46
ORD-101799,2022-01-17,2022-01-23,CUST-2558,Rohan Joshi,55.0,Male,Corporate,Central,Madhya Pradesh,Furniture,Chairs,Recliner Lounge Chair,2034.87,5,0.0,501.68
ORD-101800,2024-12-05,2024-12-12,CUST-5633,Shreya Patel,43.0,Female,Home Office,South,Karnataka,Office Supplies,Envelopes,Mailing Envelopes,297.33,6,0.0,102.81
ORD-101801,2024-04-07,2024-04-11,CUST-2352,Anjali Joshi,18.0,Female,Home Office,North,Punjab,Furniture,Chairs,Recliner Lounge Chair,555.58,1,0.3,16.73
ORD-101802,2023-01-28,2023-01-30,CUST-3705,Arjun Sharma,47.0,Male,Consumer,East,West Bengal,Furniture,Chairs,Executive Leather Chair,1614.73,3,0.2,111.49
ORD-101803,2022-12-09,2022-12-13,CUST-5502,Nikhil Iyer,19.0,Male,Corporate,South,Karnataka,Technology,Phones,Cordless Landline,3131.28,5,0.15,571.87
ORD-101804,2023-01-23,2023-01-24,CUST-3705,Arjun Sharma,45.0,Male,Corporate,South,Tamil Nadu,Technology,Machines,Label Maker,2222.45,7,0.2,542.89
ORD-101805,2024-05-23,2024-05-25,CUST-2352,Anjali Joshi,18.0,Female,Corporate,South,Kerala,Furniture,Chairs,Foldable Study Chair,208.79,2,0.4,5.15
ORD-101806,2023-12-29,2023-12-30,CUST-3119,Rahul Kapoor,46.0,Male,Consumer,East,Bihar,Furniture,Chairs,Ergo Mesh Office Chair,213.95,2,0.15,46.0
ORD-101807,2022-09-02,2022-09-05,CUST-8098,Vivek Sharma,37.0,Male,Consumer,South,Telangana,Office Supplies,Binders,Clip Binder,39.97,6,0.1,6.02
ORD-101808,2022-08-18,2022-08-22,CUST-3013,Shreya Patel,34.0,Female,Home Office,North,Punjab,Office Supplies,Storage,File Cabinet,120.39,2,0.0,29.98
ORD-101809,2022-05-12,2022-05-15,CUST-8098,Vivek Sharma,39.0,Male,Home Office,North,Haryana,Office Supplies,Art,Sketch Pad,41.55,1,0.0,9.42
ORD-101810,2023-12-28,2023-12-30,CUST-8996,Vikram Iyer,19.0,Male,Corporate,East,Bihar,Office Supplies,Envelopes,Window Envelopes,316.98,4,0.2,58.5
ORD-101811,2024-05-11,2024-05-12,CUST-5633,Shreya Patel,40.0,Female,Corporate,South,Kerala,Furniture,Tables,Glass Coffee Table,3349.13,7,0.15,872.09
ORD-101812,2022-11-18,2022-11-20,CUST-1026,Arjun Sharma,48.0,Male,Consumer,North,Haryana,Furniture,Chairs,Recliner Lounge Chair,1612.93,7,0.1,546.87
ORD-101813,2022-01-29,2022-02-01,CUST-3013,Shreya Patel,33.0,Female,Corporate,Central,Madhya Pradesh,Furniture,Tables,Adjustable Standing Desk,587.09,1,0.4,-22.87
ORD-101814,2022-04-22,2022-04-24,CUST-4444,Sneha Gupta,32.0,Female,Corporate,East,Bihar,Office Supplies,Storage,Desk Organizer,222.76,5,0.0,67.86
ORD-101815,2024-12-12,2024-12-18,CUST-2893,Vikram Gupta,26.0,Male,Corporate,North,Uttar Pradesh,Office Supplies,Labels,Shipping Labels,254.97,4,0.0,104.54
ORD-101816,2022-12-09,2022-12-14,CUST-8098,Vivek Sharma,39.0,Male,Corporate,West,Gujarat,Technology,Accessories,Mechanical Keyboard,857.91,6,0.15,190.35
ORD-101817,2024-05-17,2024-05-20,CUST-5633,Shreya Patel,42.0,Female,Corporate,East,West Bengal,Office Supplies,Binders,View Binder,58.31,3,0.0,16.69
ORD-101818,2023-12-06,2023-12-08,CUST-8098,Vivek Sharma,38.0,Male,Consumer,West,Rajasthan,Technology,Machines,3D Printer Mini,2998.39,6,0.2,541.96
ORD-101819,2023-03-10,2023-03-11,CUST-7359,Shreya Nair,36.0,Female,Consumer,East,Odisha,Office Supplies,Art,Colored Pencils,18.19,1,0.0,4.45
ORD-101820,2022-09-25,2022-09-27,CUST-9785,Karan Kapoor,41.0,Male,Corporate,South,Karnataka,Furniture,Chairs,Recliner Lounge Chair,575.54,2,0.15,64.9
ORD-101821,2022-06-10,2022-06-11,CUST-1675,Divya Patel,56.0,Female,Consumer,West,Gujarat,Furniture,Tables,Round Side Table,387.97,1,0.2,69.17
ORD-101822,2023-11-30,2023-12-05,CUST-3396,Arjun Sharma,29.0,Male,Corporate,Central,Madhya Pradesh,Office Supplies,Storage,Storage Box Set,75.39,4,0.1,19.23
ORD-101823,2024-05-23,2024-05-25,CUST-7073,Isha Mehta,44.0,Female,Consumer,South,Telangana,Furniture,Furnishings,Area Rug,315.35,1,0.0,73.11
ORD-101824,2023-12-18,2023-12-25,CUST-9545,Aditya Reddy,35.0,Male,Consumer,East,Odisha,Office Supplies,Art,Marker Set,356.68,5,0.1,40.54
ORD-101825,2023-09-15,2023-09-22,CUST-1835,Rohan Singh,30.0,Male,Home Office,Central,Madhya Pradesh,Office Supplies,Paper,Notebook Set,133.38,3,0.3,-11.86
ORD-101826,2022-03-01,2022-03-06,CUST-3729,Rohan Sharma,27.0,Male,Corporate,East,West Bengal,Technology,Copiers,Office Copier 200,1870.13,3,0.0,683.41
ORD-101827,2024-12-12,2024-12-15,CUST-7073,Isha Mehta,43.0,Female,Corporate,South,Telangana,Office Supplies,Envelopes,Mailing Envelopes,46.95,1,0.1,11.26
ORD-101828,2024-06-23,2024-06-24,CUST-2540,Amit Nair,44.0,Male,Corporate,North,Delhi,Furniture,Tables,Round Side Table,3522.91,7,0.15,1007.65
ORD-101829,2022-12-07,2022-12-14,CUST-6174,Rohan Reddy,26.0,Male,Consumer,Central,Madhya Pradesh,Technology,Accessories,Wireless Mouse,1308.49,2,0.0,551.85
ORD-101830,2024-12-19,2024-12-25,CUST-1026,Arjun Sharma,46.0,Male,Home Office,West,Gujarat,Office Supplies,Labels,Address Labels,73.56,1,0.0,15.2
ORD-101831,2023-11-21,2023-11-24,CUST-4444,Sneha Gupta,30.0,Female,Home Office,West,Gujarat,Office Supplies,Labels,Shipping Labels,59.26,1,0.15,15.13
ORD-101832,2023-11-06,2023-11-07,CUST-9941,Rohan Mehta,18.0,Male,Home Office,East,Bihar,Office Supplies,Art,Marker Set,118.28,3,0.0,43.92
ORD-101833,2024-04-20,2024-04-25,CUST-2540,Amit Nair,40.0,Male,Home Office,Central,Chhattisgarh,Office Supplies,Labels,Shipping Labels,224.31,3,0.0,71.35
ORD-101834,2024-07-10,2024-07-17,CUST-1207,Nikhil Kapoor,37.0,Male,Consumer,Central,Madhya Pradesh,Office Supplies,Labels,Shipping Labels,198.12,4,0.4,-15.86
ORD-101835,2023-12-26,2023-12-30,CUST-6174,Rohan Reddy,28.0,Male,Corporate,Central,Madhya Pradesh,Technology,Machines,Laser Printer,1003.42,4,0.0,310.23
ORD-101836,2022-06-18,2022-06-20,CUST-7848,Vikram Sharma,22.0,Male,Home Office,Central,Chhattisgarh,Office Supplies,Art,Sketch Pad,76.56,2,0.3,4.57
ORD-101837,2023-01-08,2023-01-13,CUST-1835,Rohan Singh,30.0,Male,Consumer,South,Tamil Nadu,Office Supplies,Binders,Clip Binder,86.08,4,0.3,1.68
ORD-101838,2024-11-15,2024-11-16,CUST-4444,Sneha Gupta,32.0,Female,Corporate,North,Haryana,Furniture,Chairs,Foldable Study Chair,2310.13,7,0.2,213.33
ORD-101839,2022-10-15,2022-10-16,CUST-2351,Amit Reddy,54.0,Male,Home Office,East,Odisha,Office Supplies,Envelopes,Window Envelopes,175.29,3,0.15,11.24
ORD-101840,2023-02-25,2023-02-26,CUST-5902,Sneha Rao,48.0,Female,Home Office,Central,Chhattisgarh,Technology,Phones,Budget Smartphone S5,429.55,5,0.2,6.01
ORD-101841,2023-05-13,2023-05-14,CUST-8249,Kavita Singh,35.0,Female,Consumer,South,Telangana,Furniture,Chairs,Ergo Mesh Office Chair,1532.43,3,0.0,416.65
ORD-101842,2023-05-22,2023-05-24,CUST-4622,Vikram Nair,24.0,Male,Corporate,North,Delhi,Furniture,Tables,Glass Coffee Table,1335.32,3,0.0,284.69
ORD-101843,2023-11-29,2023-12-02,CUST-3843,Anjali Joshi,41.0,Female,Consumer,West,Maharashtra,Furniture,Chairs,Foldable Study Chair,497.18,1,0.0,181.58
ORD-101844,2024-11-26,2024-12-02,CUST-6423,Ritu Mehta,50.0,Female,Consumer,North,Delhi,Office Supplies,Paper,Notebook Set,251.83,7,0.0,105.24
ORD-101845,2022-10-31,2022-11-04,CUST-1835,Rohan Singh,32.0,Male,Consumer,East,Bihar,Office Supplies,Labels,Address Labels,228.04,5,0.2,28.99
ORD-101846,2022-06-10,2022-06-12,CUST-3843,Anjali Joshi,43.0,Female,Home Office,South,Kerala,Furniture,Chairs,Foldable Study Chair,428.92,5,0.0,188.18
ORD-101847,2022-09-16,2022-09-17,CUST-6617,Ritu Iyer,40.0,Female,Corporate,South,Tamil Nadu,Office Supplies,Storage,File Cabinet,32.98,2,0.0,6.7
ORD-101848,2024-10-10,2024-10-12,CUST-8396,Nikhil Iyer,28.0,Male,Consumer,North,Uttar Pradesh,Technology,Accessories,USB-C Hub,3304.2,7,0.2,655.71
ORD-101849,2023-12-19,2023-12-24,CUST-4058,Rohan Kapoor,52.0,Male,Consumer,North,Punjab,Office Supplies,Storage,Storage Box Set,52.84,1,0.1,8.12
ORD-101850,2022-12-03,2022-12-09,CUST-5344,Suresh Iyer,24.0,Male,Consumer,South,Telangana,Furniture,Chairs,Ergo Mesh Office Chair,1141.2,5,0.0,358.06
ORD-101851,2024-07-16,2024-07-17,CUST-5147,Ritu Kapoor,18.0,Female,Consumer,East,West Bengal,Furniture,Bookcases,Corner Bookcase,665.13,2,0.0,
ORD-101852,2024-09-12,2024-09-16,CUST-3230,Kavita Iyer,36.0,Female,Corporate,East,Odisha,Furniture,Furnishings,Wall Clock,2524.98,6,0.0,540.17
ORD-101853,2024-08-26,2024-08-27,CUST-7017,Karan Iyer,44.0,Male,Corporate,South,Karnataka,Office Supplies,Storage,Storage Box Set,29.75,5,0.2,3.59
ORD-101854,2024-11-08,2024-11-14,CUST-6856,Anjali Rao,18.0,Female,Home Office,North,Haryana,Office Supplies,Art,Sketch Pad,30.05,2,0.4,-4.92
ORD-101855,2022-11-09,2022-11-13,CUST-5829,Sanjay Gupta,53.0,Male,Corporate,North,Punjab,Furniture,Bookcases,5-Shelf Bookcase,3245.43,7,0.1,441.5
ORD-101856,2024-04-29,2024-05-05,CUST-2907,Rohan Rao,38.0,Male,Consumer,Central,Chhattisgarh,Office Supplies,Art,Sketch Pad,23.97,1,0.15,5.27
ORD-101857,2023-06-17,2023-06-21,CUST-3230,Kavita Iyer,37.0,Female,Consumer,North,Haryana,Furniture,Furnishings,Wall Clock,1400.42,3,0.1,286.52
ORD-101858,2024-08-20,2024-08-23,CUST-4444,Sneha Gupta,32.0,Female,Corporate,North,Uttar Pradesh,Furniture,Bookcases,Corner Bookcase,2861.21,6,0.3,196.74
ORD-101859,2024-03-26,2024-04-02,CUST-7644,Vivek Kapoor,38.0,Male,Consumer,East,Bihar,Office Supplies,Paper,Sticky Notes Pack,486.3,7,0.3,2.72
ORD-101860,2024-05-26,2024-05-29,CUST-3049,Karan Nair,33.0,Male,Consumer,East,Bihar,Office Supplies,Storage,Desk Organizer,212.93,4,0.0,60.27
ORD-101861,2023-12-25,2023-12-27,CUST-6427,Vivek Kapoor,24.0,Male,Corporate,East,West Bengal,Office Supplies,Envelopes,Window Envelopes,63.93,4,0.1,16.39
ORD-101862,2022-08-23,2022-08-25,CUST-6851,Vikram Reddy,45.0,Male,Consumer,West,Maharashtra,Office Supplies,Storage,Storage Box Set,258.77,6,0.3,-5.37
ORD-101863,2023-10-02,2023-10-06,CUST-9213,Arjun Verma,40.0,Male,Consumer,West,Maharashtra,Office Supplies,Art,Colored Pencils,45.49,6,0.3,6.18
ORD-101864,2024-12-22,2024-12-23,CUST-5645,Shreya Iyer,64.0,Female,Home Office,South,Tamil Nadu,Office Supplies,Paper,Notebook Set,99.85,3,0.0,44.42
ORD-101865,2024-11-22,2024-11-29,CUST-2752,Amit Joshi,38.0,Male,Consumer,East,Odisha,Technology,Accessories,USB-C Hub,4388.09,7,0.0,1571.8
ORD-101866,2022-03-02,2022-03-07,CUST-4675,Pooja Nair,24.0,Female,Consumer,West,Rajasthan,Technology,Copiers,Compact Copier,208.01,1,0.15,23.65
ORD-101867,2022-08-06,2022-08-11,CUST-2383,Anita Patel,28.0,Female,Consumer,Central,Madhya Pradesh,Technology,Accessories,Webcam HD,5733.39,7,0.0,2258.17
ORD-101868,2022-06-23,2022-06-24,CUST-4444,Sneha Gupta,32.0,Female,Corporate,West,Gujarat,Furniture,Tables,Round Side Table,439.37,1,0.2,41.1
ORD-101869,2024-03-23,2024-03-24,CUST-3053,Sneha Gupta,18.0,Female,Consumer,East,Bihar,Office Supplies,Binders,Clip Binder,63.75,2,0.0,13.82
ORD-101870,2024-07-19,2024-07-22,CUST-2383,Anita Patel,28.0,Female,Corporate,North,Uttar Pradesh,Office Supplies,Envelopes,Window Envelopes,26.89,2,0.4,-5.1
ORD-101871,2022-10-04,2022-10-09,CUST-3323,Vikram Gupta,42.0,Male,Consumer,West,Maharashtra,Technology,Copiers,Compact Copier,1735.32,3,0.3,209.87
ORD-101872,2023-08-17,2023-08-21,CUST-7734,Sneha Reddy,34.0,Female,Home Office,East,Bihar,Technology,Accessories,Webcam HD,2672.94,5,0.1,310.27
ORD-101873,2024-08-18,2024-08-24,CUST-8624,Sneha Singh,26.0,Female,Consumer,West,Maharashtra,Office Supplies,Envelopes,Window Envelopes,62.7,4,0.0,21.13
ORD-101874,2024-04-01,2024-04-03,CUST-3754,Shreya Nair,36.0,Female,Consumer,South,Kerala,Furniture,Bookcases,5-Shelf Bookcase,2377.47,4,0.0,674.05
ORD-101875,2023-09-29,2023-10-05,CUST-7050,Ritu Sharma,18.0,Female,Consumer,East,Odisha,Furniture,Bookcases,5-Shelf Bookcase,413.03,1,0.2,86.76
ORD-101876,2023-11-12,2023-11-15,CUST-7734,Sneha Reddy,31.0,Female,Consumer,Central,Chhattisgarh,Technology,Machines,3D Printer Mini,1634.3,5,0.15,
ORD-101877,2023-08-20,2023-08-25,CUST-4991,Isha Gupta,42.0,Female,Corporate,South,Tamil Nadu,Office Supplies,Labels,Address Labels,144.48,4,0.15,35.6
ORD-101878,2022-12-10,2022-12-17,CUST-7642,Neha Reddy,32.0,Female,Home Office,East,Odisha,Office Supplies,Envelopes,Mailing Envelopes,84.82,2,0.1,28.21
ORD-101879,2023-10-22,2023-10-23,CUST-6581,Manish Mehta,27.0,Male,Consumer,South,Karnataka,Office Supplies,Envelopes,Mailing Envelopes,91.86,5,0.0,21.03
ORD-101880,2024-02-01,2024-02-08,CUST-5589,Nikhil Sharma,38.0,Male,Home Office,East,Bihar,Technology,Machines,3D Printer Mini,992.83,5,0.2,71.46
ORD-101881,2024-09-26,2024-10-03,CUST-6935,Manish Kapoor,54.0,Male,Consumer,East,Odisha,Technology,Accessories,Wireless Mouse,4972.98,7,0.1,1715.83
ORD-101882,2023-12-13,2023-12-18,CUST-6074,Aditya Kapoor,40.0,Male,Corporate,West,Maharashtra,Office Supplies,Paper,A4 Copy Paper Ream,479.21,6,0.2,89.52
ORD-101883,2024-05-07,2024-05-11,CUST-7642,Neha Reddy,30.0,Female,Corporate,East,West Bengal,Technology,Copiers,Compact Copier,290.64,1,0.1,65.41
ORD-101884,2022-07-31,2022-08-03,CUST-9661,Sanjay Mehta,50.0,Male,Consumer,East,Odisha,Furniture,Bookcases,Ladder Bookshelf,1838.33,7,0.2,334.42
ORD-101885,2023-06-19,2023-06-20,CUST-9114,Arjun Mehta,34.0,Male,Consumer,West,Maharashtra,Office Supplies,Art,Sketch Pad,199.18,4,0.4,-16.64
ORD-101886,2022-01-13,2022-01-19,CUST-7566,Arjun Singh,34.0,Male,Consumer,West,Gujarat,Furniture,Chairs,Ergo Mesh Office Chair,549.5,2,0.3,10.22
ORD-101887,2022-11-04,2022-11-08,CUST-4991,Isha Gupta,,Female,Consumer,West,Rajasthan,Furniture,Tables,Round Side Table,1466.12,3,0.0,382.54
ORD-101888,2024-03-24,2024-03-30,CUST-7074,Sneha Iyer,24.0,Female,Consumer,Central,Madhya Pradesh,Office Supplies,Binders,3-Ring Binder,116.31,5,0.0,25.0
ORD-101889,2024-12-27,2024-12-29,CUST-9502,Arjun Gupta,39.0,Male,Consumer,South,Tamil Nadu,Technology,Machines,3D Printer Mini,3338.67,7,0.15,958.66
ORD-101890,2022-05-13,2022-05-16,CUST-7912,Ritu Mehta,42.0,Female,Consumer,Central,Madhya Pradesh,Furniture,Bookcases,Corner Bookcase,2992.51,5,0.2,425.27
ORD-101891,2023-04-04,2023-04-08,CUST-7566,Arjun Singh,33.0,Male,Consumer,West,Maharashtra,Office Supplies,Art,Sketch Pad,89.69,6,0.1,9.83
ORD-101892,2024-06-25,2024-06-29,CUST-7120,Meera Iyer,30.0,Female,Corporate,East,Bihar,Office Supplies,Storage,Storage Box Set,61.36,5,0.1,15.08
ORD-101893,2022-09-23,2022-09-29,CUST-6149,Rahul Reddy,40.0,Male,Home Office,North,Delhi,Furniture,Bookcases,Corner Bookcase,1863.65,4,0.2,92.67
ORD-101894,2023-10-12,2023-10-13,CUST-5728,Neha Rao,36.0,Female,Consumer,North,Punjab,Technology,Copiers,Compact Copier,1566.5,4,0.15,429.67
ORD-101895,2024-04-01,2024-04-03,CUST-4015,Arjun Verma,41.0,Male,Corporate,West,Maharashtra,Office Supplies,Envelopes,Window Envelopes,70.44,5,,12.0
ORD-101896,2023-12-01,2023-12-07,CUST-7337,Arjun Kapoor,30.0,Male,Consumer,Central,Madhya Pradesh,Furniture,Furnishings,Table Lamp,955.02,7,0.2,124.57
ORD-101897,2022-09-05,2022-09-09,CUST-7583,Arjun Joshi,45.0,Male,Consumer,West,Rajasthan,Technology,Phones,Smartphone X12,1020.42,3,0.1,118.04
ORD-101898,2023-01-31,2023-02-03,CUST-3447,Divya Gupta,37.0,Female,Home Office,North,Haryana,Office Supplies,Envelopes,Mailing Envelopes,132.43,3,0.4,-10.09
ORD-101899,2024-06-04,2024-06-08,CUST-5862,Manish Rao,39.0,Male,Consumer,North,Uttar Pradesh,Office Supplies,Storage,Desk Organizer,47.08,7,0.0,12.32
ORD-101900,2023-10-11,2023-10-16,CUST-9661,Sanjay Mehta,53.0,Male,Corporate,Central,Madhya Pradesh,Technology,Accessories,Wireless Mouse,278.16,2,0.0,69.84
ORD-101901,2022-01-08,2022-01-11,CUST-6427,Vivek Kapoor,23.0,Male,Consumer,North,Punjab,Office Supplies,Paper,A4 Copy Paper Ream,422.09,7,0.0,186.74
ORD-101902,2024-05-07,2024-05-10,CUST-6784,Suresh Sharma,28.0,Male,Corporate,South,Telangana,Technology,Phones,Budget Smartphone S5,2638.45,5,0.2,503.24
ORD-101903,2022-02-19,2022-02-23,CUST-4816,Pooja Joshi,50.0,Female,Corporate,East,West Bengal,Furniture,Tables,Adjustable Standing Desk,1881.39,5,0.0,547.89
ORD-101904,2024-04-17,2024-04-18,CUST-5483,Arjun Gupta,31.0,Male,Corporate,East,Odisha,Technology,Machines,Label Maker,863.51,3,0.15,109.62
ORD-101905,2022-09-22,2022-09-25,CUST-3471,Rohan Patel,49.0,Male,Corporate,South,Telangana,Office Supplies,Paper,Sticky Notes Pack,150.93,7,0.1,45.12
ORD-101906,2024-12-06,2024-12-11,CUST-6419,Priya Singh,36.0,Female,Consumer,West,Rajasthan,Furniture,Chairs,Ergo Mesh Office Chair,1955.05,7,0.2,408.93
ORD-101907,2023-02-18,2023-02-24,CUST-9283,Aditya Sharma,33.0,Male,Consumer,South,Kerala,Office Supplies,Paper,Notebook Set,478.24,6,0.1,92.0
ORD-101908,2022-12-28,2022-12-29,CUST-1173,Neha Iyer,42.0,Female,Corporate,South,Karnataka,Office Supplies,Art,Marker Set,91.13,5,0.0,31.57
ORD-101909,2022-07-16,2022-07-17,CUST-4429,Divya Patel,57.0,Female,Consumer,South,Karnataka,Office Supplies,Art,Marker Set,77.47,6,0.4,-11.97
ORD-101910,2022-12-15,2022-12-16,CUST-1173,Neha Iyer,42.0,Female,Consumer,Central,Chhattisgarh,Furniture,Chairs,Recliner Lounge Chair,1252.33,3,0.15,
ORD-101911,2024-09-30,2024-10-03,CUST-7120,Meera Iyer,32.0,Female,Consumer,Central,Chhattisgarh,Technology,Accessories,Webcam HD,507.39,1,0.1,115.07
ORD-101912,2024-12-29,2024-12-30,CUST-4015,Arjun Verma,44.0,Male,Corporate,South,Telangana,Office Supplies,Envelopes,Window Envelopes,115.85,7,0.15,33.46
ORD-101913,2023-02-19,2023-02-23,CUST-4327,Neha Nair,33.0,Female,Consumer,East,Odisha,Furniture,Chairs,Recliner Lounge Chair,2756.03,5,0.0,987.42
ORD-101914,2023-06-02,2023-06-03,CUST-4015,Arjun Verma,41.0,Male,Corporate,South,Tamil Nadu,Furniture,Furnishings,Curtain Set,526.26,1,0.1,114.72
ORD-101915,2024-03-18,2024-03-23,CUST-3884,Shreya Gupta,30.0,Female,Corporate,North,Punjab,Furniture,Chairs,Recliner Lounge Chair,1298.8,6,0.2,167.73
ORD-101916,2024-10-10,2024-10-12,CUST-4185,Ritu Gupta,24.0,Female,Consumer,West,Gujarat,Office Supplies,Envelopes,Mailing Envelopes,90.97,5,0.15,7.95
ORD-101917,2023-11-14,2023-11-19,CUST-6054,Rahul Verma,27.0,Male,Consumer,South,Kerala,Office Supplies,Envelopes,Mailing Envelopes,448.84,6,0.15,79.48
ORD-101918,2023-03-22,2023-03-25,CUST-6054,Rahul Verma,26.0,Male,Home Office,East,West Bengal,Furniture,Bookcases,5-Shelf Bookcase,262.08,2,0.3,
ORD-101919,2023-04-18,2023-04-19,CUST-7823,Sanjay Verma,35.0,Male,Consumer,East,Odisha,Furniture,Chairs,Foldable Study Chair,461.77,1,0.4,-54.19
ORD-101920,2024-02-10,2024-02-11,CUST-4015,Arjun Verma,44.0,Male,Corporate,North,Delhi,Technology,Accessories,USB-C Hub,2507.51,5,0.0,715.35
ORD-101921,2022-01-05,2022-01-09,CUST-4805,Ritu Sharma,38.0,Female,Consumer,South,Telangana,Technology,Accessories,Webcam HD,1913.53,5,0.0,738.5
ORD-101922,2023-12-03,2023-12-09,CUST-8624,Sneha Singh,25.0,Female,Consumer,East,West Bengal,Office Supplies,Binders,3-Ring Binder,84.65,7,0.0,32.19
ORD-101923,2023-01-31,2023-02-01,CUST-4185,Ritu Gupta,20.0,Female,Consumer,North,Haryana,Office Supplies,Paper,Sticky Notes Pack,286.19,4,0.0,60.57
ORD-101924,2024-06-17,2024-06-24,CUST-1404,Vivek Mehta,32.0,Male,Consumer,Central,Madhya Pradesh,Technology,Copiers,Compact Copier,5130.0,6,0.0,2234.74
ORD-101925,2022-05-05,2022-05-10,CUST-1173,Neha Iyer,40.0,Female,Corporate,East,Odisha,Furniture,Tables,Glass Coffee Table,1022.4,6,,-79.63
ORD-101926,2023-11-11,2023-11-14,CUST-2458,Vikram Gupta,41.0,Male,Home Office,South,Kerala,Technology,Copiers,Compact Copier,2708.11,6,0.1,497.19
ORD-101927,2023-07-15,2023-07-17,CUST-9661,Sanjay Mehta,50.0,Male,Consumer,Central,Chhattisgarh,Technology,Accessories,Mechanical Keyboard,1522.7,4,0.2,264.82
ORD-101928,2023-12-17,2023-12-18,CUST-1404,Vivek Mehta,33.0,Male,Consumer,East,West Bengal,Furniture,Chairs,Ergo Mesh Office Chair,2254.87,4,0.3,231.45
ORD-101929,2022-03-30,2022-04-01,CUST-6427,Vivek Kapoor,24.0,Male,Corporate,North,Uttar Pradesh,Furniture,Chairs,Executive Leather Chair,1388.5,6,0.0,378.78
ORD-101930,2023-11-05,2023-11-06,CUST-8920,Divya Kapoor,41.0,Female,Corporate,North,Uttar Pradesh,Furniture,Bookcases,Ladder Bookshelf,3529.83,7,0.2,31.0
ORD-101931,2023-10-19,2023-10-22,CUST-3884,Shreya Gupta,34.0,Female,Consumer,East,Odisha,Office Supplies,Art,Marker Set,85.07,6,0.15,14.5
ORD-101932,2023-10-18,2023-10-24,CUST-1637,Priya Kapoor,25.0,Female,Corporate,North,Delhi,Furniture,Furnishings,Wall Clock,1208.53,3,0.3,132.61
ORD-101933,2023-11-22,2023-11-27,CUST-8135,Priya Patel,,Female,Consumer,North,Punjab,Furniture,Tables,Round Side Table,811.11,7,0.3,-18.27
ORD-101934,2024-01-15,2024-01-18,CUST-1202,Ritu Nair,26.0,Female,Consumer,Central,Madhya Pradesh,Technology,Copiers,Compact Copier,415.53,2,0.2,22.24
ORD-101935,2024-07-01,2024-07-03,CUST-7823,Sanjay Verma,35.0,Male,Corporate,South,Kerala,Furniture,Furnishings,Area Rug,2502.74,5,0.1,396.73
ORD-101936,2022-11-21,2022-11-22,CUST-1404,Vivek Mehta,33.0,Male,Corporate,West,Rajasthan,Furniture,Furnishings,Wall Clock,767.52,6,0.0,211.45
ORD-101937,2024-07-29,2024-07-31,CUST-1317,Ritu Sharma,,Female,Consumer,Central,Chhattisgarh,Furniture,Chairs,Executive Leather Chair,1598.91,3,0.1,536.52
ORD-101938,2023-08-07,2023-08-12,CUST-1404,Vivek Mehta,34.0,Male,Home Office,North,Haryana,Furniture,Furnishings,Wall Clock,566.81,5,0.0,236.16
ORD-101939,2022-04-15,2022-04-22,CUST-3405,Ritu Nair,27.0,Female,Home Office,South,Kerala,Furniture,Bookcases,Ladder Bookshelf,1302.25,6,0.1,455.27
ORD-101940,2022-03-22,2022-03-25,CUST-1490,Ritu Kapoor,47.0,Female,Consumer,North,Uttar Pradesh,Technology,Accessories,USB-C Hub,168.47,1,0.0,40.57
ORD-101941,2023-01-02,2023-01-04,CUST-4723,Nikhil Sharma,18.0,Male,Consumer,Central,Madhya Pradesh,Technology,Copiers,Office Copier 200,103.38,1,0.15,24.99
ORD-101942,2024-06-05,2024-06-07,CUST-4990,Neha Gupta,47.0,Female,Home Office,West,Gujarat,Furniture,Tables,Glass Coffee Table,754.66,2,0.0,293.13
ORD-101943,2024-02-28,2024-03-04,CUST-1317,Ritu Sharma,54.0,Female,Consumer,East,Bihar,Office Supplies,Envelopes,Window Envelopes,114.74,4,0.0,32.51
ORD-101944,2024-06-10,2024-06-17,CUST-6704,Sanjay Kapoor,18.0,Male,Home Office,North,Haryana,Office Supplies,Storage,Desk Organizer,22.59,1,0.0,9.81
ORD-101945,2023-08-31,2023-09-01,CUST-7893,Divya Gupta,43.0,Female,Consumer,West,Rajasthan,Office Supplies,Envelopes,Window Envelopes,176.55,3,0.2,42.58
ORD-101946,2023-05-23,2023-05-30,CUST-6054,Rahul Verma,28.0,Male,Consumer,Central,Madhya Pradesh,Office Supplies,Paper,Notebook Set,451.53,6,0.2,110.57
ORD-101947,2022-07-14,2022-07-16,CUST-1404,Vivek Mehta,33.0,Male,Consumer,East,Bihar,Office Supplies,Storage,File Cabinet,22.01,1,0.2,2.63
ORD-101948,2022-12-29,2023-01-03,CUST-1376,Shreya Patel,35.0,Female,Consumer,North,Punjab,Technology,Phones,Cordless Landline,1787.88,5,0.15,244.68
ORD-101949,2023-05-15,2023-05-16,CUST-1404,Vivek Mehta,31.0,Male,Corporate,North,Delhi,Technology,Phones,Budget Smartphone S5,2449.12,5,0.15,420.18
ORD-101950,2022-04-30,2022-05-07,CUST-5244,Isha Verma,27.0,Female,Consumer,East,Odisha,Office Supplies,Binders,Clip Binder,406.31,7,0.2,66.01
ORD-101951,2022-10-11,2022-10-18,CUST-3370,Nikhil Rao,47.0,Male,Consumer,South,Tamil Nadu,Technology,Copiers,Compact Copier,885.26,7,0.15,63.96
ORD-101952,2023-11-18,2023-11-25,CUST-5773,Anita Verma,44.0,Female,Home Office,Central,Madhya Pradesh,Technology,Copiers,Compact Copier,3658.67,5,0.2,364.91
ORD-101953,2024-04-04,2024-04-10,CUST-7663,Divya Singh,19.0,Female,Corporate,South,Karnataka,Technology,Phones,Smartphone X12,700.11,3,0.2,5.65
ORD-101954,2024-12-30,2024-12-31,CUST-1404,Vivek Mehta,31.0,Male,Consumer,South,Kerala,Office Supplies,Art,Colored Pencils,491.86,7,0.0,173.88
ORD-101955,2024-11-19,2024-11-26,CUST-6427,Vivek Kapoor,24.0,Male,Consumer,West,Rajasthan,Office Supplies,Envelopes,Mailing Envelopes,69.58,2,0.15,14.24
ORD-101956,2023-12-17,2023-12-23,CUST-2500,Sanjay Verma,35.0,Male,Consumer,East,Bihar,Furniture,Chairs,Executive Leather Chair,952.69,2,0.3,7.37
ORD-101957,2023-04-29,2023-05-02,CUST-2458,Vikram Gupta,40.0,Male,Home Office,West,Rajasthan,Furniture,Furnishings,Area Rug,172.69,1,0.15,46.97
ORD-101958,2023-12-13,2023-12-18,CUST-9245,Anita Joshi,41.0,Female,Consumer,South,Tamil Nadu,Technology,Machines,Laser Printer,2630.15,6,0.2,421.17
ORD-101959,2024-06-06,2024-06-13,CUST-8574,Vikram Singh,41.0,Male,Consumer,South,Karnataka,Office Supplies,Labels,Shipping Labels,173.66,3,0.0,55.86
ORD-101960,2022-06-06,2022-06-07,CUST-9145,Amit Joshi,49.0,Male,Corporate,West,Maharashtra,Technology,Phones,Cordless Landline,538.88,7,0.2,46.91
ORD-101961,2023-04-15,2023-04-21,CUST-8224,Pooja Singh,52.0,Female,Consumer,East,Odisha,Technology,Copiers,Compact Copier,2582.54,3,0.15,259.58
ORD-101962,2024-08-17,2024-08-23,CUST-6637,Anjali Iyer,32.0,Female,Consumer,South,Kerala,Furniture,Bookcases,Corner Bookcase,848.09,2,0.0,368.85
ORD-101963,2023-03-12,2023-03-15,CUST-6427,Vivek Kapoor,24.0,Male,Consumer,West,Gujarat,Office Supplies,Storage,Storage Box Set,212.84,4,,-17.46
ORD-101964,2023-10-29,2023-11-02,CUST-9661,Sanjay Mehta,52.0,Male,Home Office,Central,Madhya Pradesh,Office Supplies,Storage,Desk Organizer,339.82,6,0.2,58.23
ORD-101965,2023-11-10,2023-11-15,CUST-2077,Suresh Sharma,32.0,Male,Consumer,South,Tamil Nadu,Office Supplies,Paper,Notebook Set,280.47,6,0.2,44.39
ORD-101966,2022-09-01,2022-09-05,CUST-2489,Divya Nair,45.0,Female,Home Office,South,Tamil Nadu,Furniture,Tables,Adjustable Standing Desk,1049.74,7,0.0,467.94
ORD-101967,2023-02-10,2023-02-11,CUST-2500,Sanjay Verma,37.0,Male,Consumer,North,Punjab,Technology,Phones,Smartphone X12,3031.92,4,0.0,870.13
ORD-101968,2023-01-02,2023-01-07,CUST-6976,Sneha Reddy,47.0,Female,Corporate,Central,Madhya Pradesh,Furniture,Furnishings,Curtain Set,560.66,2,0.2,97.82
ORD-101969,2022-02-06,2022-02-09,CUST-5729,Ritu Patel,51.0,Female,Home Office,North,Punjab,Office Supplies,Paper,A4 Copy Paper Ream,276.19,7,0.0,70.71
ORD-101970,2022-02-03,2022-02-04,CUST-8574,Vikram Singh,44.0,Male,Home Office,North,Delhi,Office Supplies,Labels,Address Labels,154.17,7,0.3,13.57
ORD-101971,2024-08-06,2024-08-11,CUST-5225,Divya Reddy,26.0,Female,Consumer,Central,Chhattisgarh,Technology,Phones,Smartphone X12,1956.55,4,0.2,326.75
ORD-101972,2022-11-24,2022-11-29,CUST-6976,Sneha Reddy,49.0,Female,Consumer,North,Delhi,Technology,Accessories,USB-C Hub,2775.2,4,0.15,326.91
ORD-101973,2023-09-01,2023-09-05,CUST-6427,Vivek Kapoor,21.0,Male,Consumer,East,West Bengal,Office Supplies,Storage,File Cabinet,112.49,4,0.0,46.47
ORD-101974,2022-12-11,2022-12-12,CUST-6976,Sneha Reddy,46.0,Female,Consumer,South,Telangana,Technology,Machines,Label Maker,3568.85,4,0.2,462.51
ORD-101975,2024-11-24,2024-11-27,CUST-6704,Sanjay Kapoor,18.0,Male,Consumer,South,Tamil Nadu,Technology,Copiers,Office Copier 200,448.42,3,0.15,34.13
ORD-101976,2022-11-14,2022-11-17,CUST-6336,Ritu Rao,48.0,Female,Consumer,North,Delhi,Office Supplies,Binders,3-Ring Binder,117.48,6,0.1,30.4
ORD-101977,2023-05-10,2023-05-11,CUST-2500,Sanjay Verma,36.0,Male,Consumer,Central,Madhya Pradesh,Office Supplies,Paper,Sticky Notes Pack,270.41,7,0.1,50.85
ORD-101978,2024-09-25,2024-09-26,CUST-9180,Ritu Mehta,38.0,Female,Home Office,Central,Chhattisgarh,Technology,Copiers,Compact Copier,762.64,1,0.1,167.58
ORD-101979,2024-08-20,2024-08-26,CUST-2857,Shreya Mehta,25.0,Female,Consumer,East,West Bengal,Furniture,Chairs,Foldable Study Chair,1096.86,2,0.0,490.53
ORD-101980,2022-09-03,2022-09-05,CUST-9245,Anita Joshi,43.0,Female,Consumer,North,Delhi,Furniture,Furnishings,Wall Clock,1974.55,7,0.1,462.74
ORD-101981,2024-06-28,2024-07-02,CUST-2857,Shreya Mehta,26.0,Female,Consumer,South,Telangana,Office Supplies,Binders,3-Ring Binder,371.01,7,0.1,57.29
ORD-101982,2023-06-14,2023-06-15,CUST-8215,Amit Kapoor,43.0,Male,Home Office,Central,Madhya Pradesh,Office Supplies,Storage,Desk Organizer,48.65,2,0.2,6.2
ORD-101983,2023-07-17,2023-07-18,CUST-2077,Suresh Sharma,30.0,Male,Consumer,North,Uttar Pradesh,Furniture,Furnishings,Table Lamp,442.36,2,0.2,59.91
ORD-101984,2022-06-25,2022-06-27,CUST-1817,Suresh Nair,31.0,Male,Consumer,North,Uttar Pradesh,Technology,Accessories,USB-C Hub,5139.36,7,0.4,-999.83
ORD-101985,2022-04-20,2022-04-22,CUST-9145,Amit Joshi,48.0,Male,Home Office,West,Rajasthan,Technology,Machines,Label Maker,5446.25,7,0.15,1336.38
ORD-101986,2024-03-25,2024-03-30,CUST-7983,Vivek Sharma,46.0,Male,Consumer,East,Odisha,Furniture,Chairs,Executive Leather Chair,633.78,2,0.0,268.42
ORD-101987,2023-08-05,2023-08-12,CUST-5360,Vikram Rao,43.0,Male,Consumer,West,Maharashtra,Furniture,Chairs,Foldable Study Chair,1140.29,6,0.0,244.71
ORD-101988,2023-05-19,2023-05-22,CUST-9016,Shreya Gupta,32.0,Female,Corporate,West,Maharashtra,Office Supplies,Labels,Address Labels,53.21,1,0.3,6.86
ORD-101989,2024-03-27,2024-03-31,CUST-1817,Suresh Nair,34.0,Male,Corporate,West,Rajasthan,Technology,Machines,3D Printer Mini,1673.26,3,0.0,615.36
ORD-101990,2024-05-12,2024-05-17,CUST-9615,Sanjay Iyer,21.0,Male,Corporate,Central,Madhya Pradesh,Furniture,Bookcases,Ladder Bookshelf,1401.58,4,0.0,451.0
ORD-101991,2022-07-30,2022-07-31,CUST-2857,Shreya Mehta,28.0,Female,Consumer,West,Rajasthan,Furniture,Tables,Oak Dining Table,2801.14,5,0.4,-246.72
ORD-101992,2023-11-27,2023-11-29,CUST-9615,Sanjay Iyer,24.0,Male,Home Office,South,Tamil Nadu,Technology,Copiers,Compact Copier,4262.09,6,0.3,-372.98
ORD-101993,2022-06-28,2022-07-04,CUST-2500,Sanjay Verma,36.0,Male,Corporate,South,Kerala,Furniture,Tables,Adjustable Standing Desk,472.1,1,0.0,167.27
ORD-101994,2024-04-25,2024-04-28,CUST-6125,Amit Patel,31.0,Male,Consumer,North,Punjab,Furniture,Furnishings,Area Rug,805.4,6,0.0,276.28
ORD-101995,2023-12-26,2023-12-31,CUST-3377,Anjali Verma,18.0,Female,Consumer,North,Uttar Pradesh,Office Supplies,Labels,Shipping Labels,374.97,7,0.2,58.06
ORD-101996,2024-12-05,2024-12-11,CUST-9615,Sanjay Iyer,24.0,Male,Consumer,North,Haryana,Office Supplies,Labels,Shipping Labels,332.09,5,0.15,81.13
ORD-101997,2022-04-05,2022-04-08,CUST-9262,Arjun Kapoor,32.0,Male,Consumer,South,Tamil Nadu,Furniture,Chairs,Recliner Lounge Chair,661.45,6,0.1,172.4
ORD-101998,2022-03-20,2022-03-27,CUST-1814,Vikram Nair,42.0,Male,Consumer,West,Maharashtra,Office Supplies,Paper,Notebook Set,75.73,1,0.4,-9.48
ORD-101999,2022-11-30,2022-12-07,CUST-6704,Sanjay Kapoor,18.0,Male,Consumer,Central,Madhya Pradesh,Furniture,Chairs,Ergo Mesh Office Chair,425.75,1,0.0,150.25
ORD-102000,2022-11-15,2022-11-21,CUST-2218,Pooja Joshi,36.0,Female,Consumer,North,Punjab,Office Supplies,Art,Colored Pencils,199.8,4,,55.25
ORD-102001,2022-11-05,2022-11-07,CUST-7906,Ritu Verma,31.0,Female,Home Office,Central,Chhattisgarh,Technology,Machines,Label Maker,662.03,7,0.4,31.56
ORD-102002,2024-10-30,2024-11-04,CUST-2500,Sanjay Verma,36.0,Male,Consumer,North,Uttar Pradesh,Technology,Phones,Smartphone X12,1821.6,6,0.0,406.2
ORD-102003,2022-11-07,2022-11-12,CUST-4508,Anita Singh,34.0,Female,Consumer,Central,Madhya Pradesh,Office Supplies,Labels,Shipping Labels,154.0,2,0.0,39.55
ORD-102004,2022-11-23,2022-11-30,CUST-1814,Vikram Nair,42.0,Male,Consumer,Central,Madhya Pradesh,Office Supplies,Storage,Desk Organizer,282.71,4,0.15,72.42
ORD-102005,2024-05-05,2024-05-08,CUST-4185,Ritu Gupta,22.0,Female,Home Office,East,West Bengal,Office Supplies,Labels,Address Labels,160.38,7,0.3,20.19
ORD-102006,2023-06-03,2023-06-09,CUST-7549,Sneha Kapoor,44.0,Female,Corporate,Central,Madhya Pradesh,Office Supplies,Paper,Sticky Notes Pack,369.74,5,0.0,91.51
ORD-102007,2024-05-26,2024-05-28,CUST-5466,Vikram Verma,32.0,Male,Corporate,East,Bihar,Office Supplies,Envelopes,Window Envelopes,178.31,3,0.15,30.18
ORD-102008,2022-03-31,2022-04-01,CUST-9661,Sanjay Mehta,50.0,Male,Home Office,Central,Chhattisgarh,Furniture,Furnishings,Area Rug,1762.5,4,0.0,757.69
ORD-102009,2023-07-24,2023-07-29,CUST-7866,Sanjay Singh,46.0,Male,Home Office,South,Kerala,Furniture,Chairs,Ergo Mesh Office Chair,1507.91,5,0.0,677.29
ORD-102010,2022-02-17,2022-02-18,CUST-1589,Neha Reddy,35.0,Female,Corporate,East,Odisha,Technology,Machines,Laser Printer,1471.88,2,0.1,259.31
ORD-102011,2022-03-28,2022-03-30,CUST-1061,Vikram Iyer,43.0,Male,Consumer,West,Maharashtra,Office Supplies,Labels,Shipping Labels,126.43,2,0.15,33.83
ORD-102012,2024-10-30,2024-11-06,CUST-1589,Neha Reddy,37.0,Female,Consumer,North,Uttar Pradesh,Office Supplies,Envelopes,Mailing Envelopes,353.71,5,0.1,113.89
ORD-102013,2022-07-03,2022-07-08,CUST-6054,Rahul Verma,28.0,Male,Corporate,South,Telangana,Office Supplies,Labels,Shipping Labels,245.46,5,0.0,
ORD-102014,2023-09-18,2023-09-23,CUST-1589,Neha Reddy,37.0,Female,Corporate,South,Karnataka,Office Supplies,Binders,View Binder,68.45,6,0.1,15.17
ORD-102015,2023-04-16,2023-04-22,CUST-9560,Rahul Singh,51.0,Male,Corporate,West,Rajasthan,Technology,Accessories,Mechanical Keyboard,1694.46,6,0.15,346.98
ORD-102016,2023-01-20,2023-01-21,CUST-8156,Priya Rao,32.0,Female,Consumer,West,Rajasthan,Furniture,Bookcases,5-Shelf Bookcase,754.54,7,0.2,133.94
ORD-102017,2024-10-23,2024-10-30,CUST-3689,Suresh Verma,18.0,Male,Home Office,West,Gujarat,Furniture,Chairs,Ergo Mesh Office Chair,924.33,2,0.15,195.53
ORD-102018,2022-01-30,2022-02-05,CUST-8680,Suresh Rao,,Male,Consumer,North,Punjab,Office Supplies,Labels,Address Labels,49.92,1,0.0,14.84
ORD-102019,2023-12-30,2024-01-03,CUST-2051,Manish Singh,37.0,Male,Corporate,North,Haryana,Office Supplies,Paper,Sticky Notes Pack,171.26,4,0.3,6.81
ORD-102020,2024-12-09,2024-12-10,CUST-1627,Shreya Gupta,44.0,Female,Home Office,South,Karnataka,Office Supplies,Paper,A4 Copy Paper Ream,52.89,3,0.2,4.08
ORD-102021,2023-10-17,2023-10-18,CUST-9615,Sanjay Iyer,21.0,Male,Consumer,West,Gujarat,Technology,Phones,Budget Smartphone S5,302.37,1,0.15,20.55
ORD-102022,2024-11-21,2024-11-25,CUST-2051,Manish Singh,35.0,Male,Consumer,East,Odisha,Furniture,Tables,Glass Coffee Table,583.6,4,0.1,132.6
ORD-102023,2022-03-14,2022-03-16,CUST-6054,Rahul Verma,29.0,Male,Corporate,North,Punjab,Furniture,Tables,Round Side Table,1040.07,2,0.1,262.39
ORD-102024,2023-04-26,2023-04-28,CUST-6674,Nikhil Singh,35.0,Male,Home Office,West,Maharashtra,Technology,Copiers,Office Copier 200,1458.57,6,0.1,355.97
ORD-102025,2022-11-14,2022-11-19,CUST-8156,Priya Rao,33.0,Female,Corporate,North,Delhi,Technology,Accessories,Wireless Mouse,174.78,1,0.2,5.34
ORD-102026,2024-03-29,2024-04-01,CUST-8344,Suresh Kapoor,40.0,Male,Home Office,West,Gujarat,Technology,Copiers,Office Copier 200,570.19,1,0.3,67.03
ORD-102027,2024-12-20,2024-12-26,CUST-1589,Neha Reddy,36.0,Female,Consumer,Central,Chhattisgarh,Furniture,Tables,Glass Coffee Table,274.22,1,0.1,40.18
ORD-102028,2022-11-12,2022-11-15,CUST-1589,Neha Reddy,36.0,Female,Consumer,East,Bihar,Technology,Phones,Cordless Landline,3245.27,4,0.1,460.23
ORD-102029,2023-12-24,2023-12-29,CUST-9615,Sanjay Iyer,20.0,Male,Consumer,West,Rajasthan,Office Supplies,Labels,Address Labels,48.34,1,0.1,14.58
ORD-102030,2022-09-17,2022-09-20,CUST-3444,Karan Rao,22.0,Male,Corporate,East,West Bengal,Furniture,Tables,Round Side Table,849.72,4,0.1,180.05
ORD-102031,2023-10-22,2023-10-23,CUST-5466,Vikram Verma,31.0,Male,Home Office,North,Punjab,Office Supplies,Paper,A4 Copy Paper Ream,108.19,4,0.0,42.1
ORD-102032,2023-06-22,2023-06-23,CUST-6674,Nikhil Singh,35.0,Male,Corporate,East,Bihar,Furniture,Tables,Adjustable Standing Desk,3448.09,7,0.1,710.74
ORD-102033,2024-12-14,2024-12-18,CUST-5214,Divya Mehta,33.0,Female,Corporate,South,Tamil Nadu,Office Supplies,Binders,3-Ring Binder,161.4,6,0.0,55.27
ORD-102034,2023-11-25,2023-11-29,CUST-1627,Shreya Gupta,41.0,Female,Corporate,East,West Bengal,Office Supplies,Storage,Storage Box Set,386.06,7,0.0,159.16
ORD-102035,2023-01-23,2023-01-28,CUST-5436,Vikram Iyer,36.0,Male,Consumer,South,Tamil Nadu,Furniture,Furnishings,Wall Clock,1295.44,3,0.0,391.94
ORD-102036,2022-05-31,2022-06-05,CUST-5931,Manish Iyer,45.0,Male,Consumer,Central,Chhattisgarh,Technology,Accessories,USB-C Hub,2310.62,3,0.15,618.65
ORD-102037,2022-07-19,2022-07-26,CUST-7201,Vikram Nair,29.0,Male,Consumer,West,Maharashtra,Technology,Copiers,Office Copier 200,3703.28,6,0.15,1027.56
ORD-102038,2022-10-16,2022-10-21,CUST-3444,Karan Rao,21.0,Male,Home Office,South,Telangana,Technology,Copiers,Compact Copier,1710.22,2,0.2,186.21
ORD-102039,2022-11-08,2022-11-09,CUST-4638,Sneha Mehta,35.0,Female,Consumer,South,Telangana,Technology,Phones,Smartphone X12,1682.81,3,0.0,703.96
ORD-102040,2024-08-31,2024-09-03,CUST-3444,Karan Rao,23.0,Male,Home Office,Central,Madhya Pradesh,Furniture,Chairs,Foldable Study Chair,441.17,2,0.1,63.48
ORD-102041,2023-10-18,2023-10-24,CUST-7201,Vikram Nair,29.0,Male,Home Office,North,Uttar Pradesh,Technology,Phones,Budget Smartphone S5,414.85,3,0.15,107.39
ORD-102042,2023-09-07,2023-09-14,CUST-4661,Karan Iyer,51.0,Male,Consumer,North,Haryana,Furniture,Tables,Oak Dining Table,2535.0,5,0.0,935.06
ORD-102043,2022-06-01,2022-06-08,CUST-4675,Nikhil Sharma,37.0,Male,Consumer,West,Maharashtra,Office Supplies,Art,Colored Pencils,431.58,7,0.4,-85.42
ORD-102044,2024-09-11,2024-09-18,CUST-5931,Manish Iyer,45.0,Male,Consumer,East,Odisha,Furniture,Bookcases,Ladder Bookshelf,1187.41,2,,
ORD-102045,2024-03-19,2024-03-24,CUST-4007,Rahul Reddy,29.0,Male,Consumer,South,Kerala,Technology,Machines,3D Printer Mini,1671.26,2,0.2,366.4
ORD-102046,2022-04-03,2022-04-08,CUST-4112,Manish Nair,27.0,Male,Consumer,North,Delhi,Furniture,Tables,Oak Dining Table,1765.38,6,0.1,416.65
ORD-102047,2024-02-28,2024-02-29,CUST-4661,Karan Iyer,54.0,Male,Consumer,Central,Chhattisgarh,Technology,Accessories,USB-C Hub,1762.82,5,0.0,651.27
ORD-102048,2023-10-01,2023-10-07,CUST-9734,Anita Patel,39.0,Female,Consumer,West,Gujarat,Technology,Machines,Laser Printer,4306.63,6,0.0,1792.62
ORD-102049,2022-04-21,2022-04-22,CUST-9940,Vivek Gupta,40.0,Male,Corporate,South,Kerala,Technology,Machines,Label Maker,3615.14,5,0.0,1441.37
ORD-102050,2023-06-14,2023-06-20,CUST-5214,Divya Mehta,33.0,Female,Consumer,East,West Bengal,Technology,Phones,Smartphone X12,1041.06,6,0.15,115.74
ORD-102051,2023-07-20,2023-07-21,CUST-1627,Shreya Gupta,40.0,Female,Consumer,North,Punjab,Office Supplies,Storage,File Cabinet,374.26,6,0.15,95.81
ORD-102052,2022-08-08,2022-08-11,CUST-2857,Shreya Mehta,28.0,Female,Consumer,Central,Madhya Pradesh,Furniture,Chairs,Foldable Study Chair,1013.3,3,0.15,185.51
ORD-102053,2024-11-28,2024-12-03,CUST-5950,Anita Sharma,29.0,Female,Home Office,East,Bihar,Technology,Accessories,USB-C Hub,1780.79,2,,
ORD-102054,2024-08-30,2024-09-01,CUST-5466,Vikram Verma,34.0,Male,Home Office,West,Rajasthan,Furniture,Bookcases,Corner Bookcase,442.81,4,0.0,179.28
ORD-102055,2024-01-04,2024-01-06,CUST-3444,Karan Rao,23.0,Male,Consumer,South,Telangana,Office Supplies,Labels,Shipping Labels,271.45,6,0.2,55.39
ORD-102056,2023-06-20,2023-06-25,CUST-6701,Nikhil Sharma,49.0,Male,Corporate,North,Uttar Pradesh,Technology,Machines,3D Printer Mini,319.57,1,0.1,57.35
ORD-102057,2023-04-17,2023-04-24,CUST-2349,Ritu Rao,29.0,Female,Consumer,North,Delhi,Technology,Copiers,Compact Copier,341.29,3,0.0,104.91
ORD-102058,2023-12-22,2023-12-27,CUST-3006,Nikhil Kapoor,40.0,Male,Home Office,Central,Chhattisgarh,Office Supplies,Paper,Notebook Set,12.07,1,0.0,4.01
ORD-102059,2023-10-03,2023-10-08,CUST-6701,Nikhil Sharma,46.0,Male,Consumer,West,Maharashtra,Furniture,Tables,Glass Coffee Table,553.88,1,0.1,114.91
ORD-102060,2022-03-27,2022-04-01,CUST-1545,Rahul Gupta,30.0,Male,Consumer,Central,Madhya Pradesh,Furniture,Chairs,Executive Leather Chair,1010.84,5,0.4,-24.0
ORD-102061,2023-08-25,2023-09-01,CUST-6701,Nikhil Sharma,48.0,Male,Consumer,North,Uttar Pradesh,Furniture,Furnishings,Area Rug,1168.71,4,0.1,203.53
ORD-102062,2024-07-03,2024-07-09,CUST-2349,Ritu Rao,27.0,Female,Consumer,Central,Chhattisgarh,Technology,Phones,Smartphone X12,394.29,3,0.2,3.25
ORD-102063,2023-06-16,2023-06-19,CUST-1545,Rahul Gupta,32.0,Male,Consumer,North,Punjab,Office Supplies,Storage,Storage Box Set,343.53,6,0.1,60.5
ORD-102064,2022-03-14,2022-03-16,CUST-9734,Anita Patel,39.0,Female,Consumer,West,Maharashtra,Office Supplies,Storage,Desk Organizer,250.46,7,0.4,-27.75
ORD-102065,2024-06-07,2024-06-11,CUST-3689,Suresh Verma,18.0,Male,Corporate,South,Telangana,Technology,Accessories,Wireless Mouse,1657.94,2,0.3,243.2
ORD-102066,2022-09-20,2022-09-22,CUST-4112,Manish Nair,27.0,Male,Consumer,South,Karnataka,Technology,Accessories,Mechanical Keyboard,964.96,2,0.2,136.31
ORD-102067,2022-11-13,2022-11-15,CUST-6210,Nikhil Joshi,49.0,Male,Home Office,Central,Madhya Pradesh,Technology,Phones,Smartphone X12,505.48,4,0.0,169.28
ORD-102068,2022-08-06,2022-08-13,CUST-3444,Karan Rao,21.0,Male,Home Office,West,Gujarat,Office Supplies,Art,Colored Pencils,8.33,1,0.0,2.96
ORD-102069,2022-12-30,2022-12-31,CUST-4112,Manish Nair,28.0,Male,Consumer,South,Kerala,Furniture,Furnishings,Area Rug,523.82,4,0.1,157.3
ORD-102070,2024-05-02,2024-05-07,CUST-4151,Vivek Iyer,26.0,Male,Home Office,Central,Madhya Pradesh,Office Supplies,Paper,A4 Copy Paper Ream,46.72,1,0.1,
ORD-102071,2023-09-03,2023-09-08,CUST-8618,Vikram Gupta,38.0,Male,Consumer,North,Uttar Pradesh,Office Supplies,Envelopes,Mailing Envelopes,141.86,3,0.1,17.81
ORD-102072,2022-09-24,2022-09-29,CUST-3704,Rohan Mehta,34.0,Male,Consumer,East,West Bengal,Office Supplies,Envelopes,Mailing Envelopes,412.04,7,0.15,113.61
ORD-102073,2024-10-01,2024-10-02,CUST-7064,Suresh Verma,44.0,Male,Home Office,East,Odisha,Technology,Phones,Cordless Landline,3137.22,4,0.0,1073.39
ORD-102074,2024-10-03,2024-10-10,CUST-5414,Vikram Iyer,44.0,Male,Corporate,East,Bihar,Furniture,Furnishings,Table Lamp,2090.33,4,0.0,536.08
ORD-102075,2024-09-23,2024-09-26,CUST-3614,Amit Iyer,24.0,Male,Consumer,East,West Bengal,Furniture,Tables,Glass Coffee Table,2525.74,7,0.2,298.13
ORD-102076,2022-10-29,2022-11-01,CUST-3614,Amit Iyer,24.0,Male,Consumer,West,Maharashtra,Furniture,Bookcases,5-Shelf Bookcase,2397.69,7,0.3,134.22
ORD-102077,2023-06-05,2023-06-12,CUST-4661,Karan Iyer,53.0,Male,Consumer,East,West Bengal,Office Supplies,Binders,View Binder,323.42,6,0.3,-30.06
ORD-102078,2024-12-22,2024-12-26,CUST-4661,Karan Iyer,51.0,Male,Home Office,Central,Chhattisgarh,Technology,Phones,Cordless Landline,3043.24,4,0.1,557.46
ORD-102079,2024-05-20,2024-05-23,CUST-4185,Ritu Gupta,24.0,Female,Corporate,South,Telangana,Technology,Accessories,Wireless Mouse,3891.08,6,0.15,889.53
ORD-102080,2022-02-07,2022-02-14,CUST-7616,Anjali Kapoor,20.0,Female,Corporate,West,Gujarat,Office Supplies,Storage,Storage Box Set,309.94,5,0.2,2.31
ORD-102081,2022-03-31,2022-04-03,CUST-2164,Ritu Singh,55.0,Female,Consumer,North,Punjab,Office Supplies,Art,Marker Set,452.02,7,0.1,84.36
ORD-102082,2023-06-22,2023-06-27,CUST-8618,Vikram Gupta,36.0,Male,Home Office,North,Delhi,Office Supplies,Labels,Address Labels,66.11,2,0.0,13.22
ORD-102083,2024-11-01,2024-11-07,CUST-6336,Ritu Rao,47.0,Female,Consumer,Central,Madhya Pradesh,Office Supplies,Binders,3-Ring Binder,125.64,2,,-12.29
ORD-102084,2023-09-25,2023-10-02,CUST-7043,Meera Kapoor,18.0,Female,Consumer,North,Uttar Pradesh,Furniture,Tables,Glass Coffee Table,2431.6,5,0.0,775.51
ORD-102085,2023-08-06,2023-08-08,CUST-5972,Divya Nair,30.0,Female,Consumer,South,Kerala,Technology,Accessories,Wireless Mouse,3240.44,5,0.1,834.73
ORD-102086,2022-05-21,2022-05-24,CUST-5729,Ritu Patel,52.0,Female,Consumer,South,Tamil Nadu,Furniture,Chairs,Recliner Lounge Chair,1146.12,4,0.0,464.43
ORD-102087,2023-12-26,2023-12-29,CUST-8618,Vikram Gupta,35.0,Male,Consumer,East,Bihar,Office Supplies,Envelopes,Mailing Envelopes,21.63,2,0.1,3.77
ORD-102088,2024-07-25,2024-07-26,CUST-6210,Nikhil Joshi,47.0,Male,Corporate,North,Punjab,Office Supplies,Storage,Desk Organizer,7.75,1,0.0,3.15
ORD-102089,2023-03-08,2023-03-12,CUST-8370,Rohan Patel,29.0,Male,Consumer,East,West Bengal,Technology,Phones,Budget Smartphone S5,516.9,1,0.0,145.51
ORD-102090,2024-05-25,2024-05-31,CUST-7215,Vivek Singh,36.0,Male,Corporate,North,Haryana,Technology,Machines,3D Printer Mini,881.28,7,0.1,120.25
ORD-102091,2024-12-10,2024-12-11,CUST-7616,Anjali Kapoor,23.0,Female,Corporate,Central,Madhya Pradesh,Technology,Accessories,USB-C Hub,819.51,3,0.3,-81.22
ORD-102092,2022-09-23,2022-09-28,CUST-7043,Meera Kapoor,19.0,Female,Home Office,South,Karnataka,Office Supplies,Art,Sketch Pad,48.81,2,0.1,9.85
ORD-102093,2023-09-07,2023-09-09,CUST-3841,Shreya Kapoor,43.0,Female,Corporate,East,Bihar,Furniture,Chairs,Executive Leather Chair,2646.92,6,0.15,686.73
ORD-102094,2022-12-03,2022-12-07,CUST-6701,Sanjay Patel,23.0,Male,Corporate,South,Telangana,Office Supplies,Storage,File Cabinet,90.56,4,0.2,19.34
ORD-102095,2024-06-15,2024-06-16,CUST-5935,Sanjay Mehta,30.0,Male,Home Office,South,Tamil Nadu,Office Supplies,Labels,Address Labels,12.19,2,0.3,-1.09
ORD-102096,2023-11-03,2023-11-10,CUST-8639,Priya Iyer,25.0,Female,Corporate,South,Kerala,Furniture,Chairs,Ergo Mesh Office Chair,684.64,4,0.15,179.42
ORD-102097,2023-12-12,2023-12-15,CUST-2284,Vivek Reddy,46.0,Male,Home Office,East,Odisha,Office Supplies,Labels,Address Labels,63.83,1,0.3,8.87
ORD-102098,2024-06-22,2024-06-25,CUST-3164,Isha Patel,21.0,Female,Consumer,South,Tamil Nadu,Furniture,Chairs,Ergo Mesh Office Chair,1179.04,4,0.3,
ORD-102099,2023-03-28,2023-04-01,CUST-2376,Sanjay Nair,,Male,Home Office,West,Rajasthan,Office Supplies,Labels,Address Labels,161.05,4,0.0,42.66
ORD-102100,2024-11-06,2024-11-09,CUST-6306,Sneha Nair,23.0,Female,Consumer,East,Odisha,Technology,Copiers,Compact Copier,1930.68,7,0.2,70.59
ORD-102101,2023-09-19,2023-09-26,CUST-6336,Ritu Rao,48.0,Female,Consumer,Central,Chhattisgarh,Office Supplies,Labels,Shipping Labels,34.81,1,0.2,1.63
ORD-102102,2022-07-28,2022-07-29,CUST-5608,Meera Iyer,31.0,Female,Consumer,East,West Bengal,Office Supplies,Binders,3-Ring Binder,478.49,6,0.3,23.58
ORD-102103,2024-02-11,2024-02-12,CUST-8370,Rohan Patel,25.0,Male,Consumer,South,Tamil Nadu,Office Supplies,Art,Marker Set,131.3,7,0.15,33.11
ORD-102104,2024-06-16,2024-06-19,CUST-2093,Pooja Nair,36.0,Female,Consumer,East,Bihar,Office Supplies,Paper,A4 Copy Paper Ream,28.12,1,0.3,-0.44
ORD-102105,2022-12-22,2022-12-25,CUST-9593,Meera Nair,46.0,Female,Consumer,East,Odisha,Office Supplies,Labels,Shipping Labels,196.65,6,0.1,32.55
ORD-102106,2024-09-07,2024-09-12,CUST-5503,Aditya Singh,33.0,Male,Consumer,North,Haryana,Office Supplies,Binders,3-Ring Binder,195.72,4,0.1,64.16
ORD-102107,2024-10-29,2024-10-31,CUST-6237,Amit Patel,40.0,Male,Corporate,South,Kerala,Office Supplies,Envelopes,Window Envelopes,11.18,2,0.2,0.55
ORD-102108,2022-11-27,2022-12-01,CUST-6636,Amit Rao,18.0,Male,Consumer,East,West Bengal,Office Supplies,Paper,A4 Copy Paper Ream,24.11,1,0.0,8.97
ORD-102109,2024-12-21,2024-12-22,CUST-5503,Aditya Singh,31.0,Male,Consumer,North,Punjab,Furniture,Chairs,Ergo Mesh Office Chair,1028.23,7,0.0,456.16
ORD-102110,2022-07-05,2022-07-09,CUST-2093,Pooja Nair,36.0,Female,Consumer,East,Odisha,Technology,Phones,Smartphone X12,652.89,2,0.0,137.35
ORD-102111,2022-09-21,2022-09-26,CUST-3254,Suresh Reddy,41.0,Male,Consumer,North,Delhi,Furniture,Chairs,Foldable Study Chair,580.73,2,0.2,95.93
ORD-102112,2022-08-31,2022-09-01,CUST-6306,Sneha Nair,23.0,Female,Corporate,North,Punjab,Office Supplies,Storage,Storage Box Set,280.69,4,0.0,70.15
ORD-102113,2024-10-17,2024-10-22,CUST-6306,Sneha Nair,24.0,Female,Consumer,West,Gujarat,Furniture,Bookcases,Corner Bookcase,244.81,3,0.3,0.9
ORD-102114,2023-12-24,2023-12-29,CUST-9316,Vivek Reddy,45.0,Male,Consumer,East,Bihar,Office Supplies,Labels,Address Labels,214.76,3,0.0,55.03
ORD-102115,2022-07-20,2022-07-26,CUST-8639,Priya Iyer,29.0,Female,Consumer,Central,Chhattisgarh,Furniture,Tables,Adjustable Standing Desk,328.26,1,0.1,63.65
ORD-102116,2023-05-23,2023-05-26,CUST-7043,Meera Kapoor,18.0,Female,Consumer,East,West Bengal,Furniture,Furnishings,Wall Clock,1798.06,3,0.15,384.63
ORD-102117,2023-11-30,2023-12-07,CUST-9316,Vivek Reddy,48.0,Male,Home Office,Central,Chhattisgarh,Furniture,Tables,Glass Coffee Table,889.34,4,0.15,104.76
ORD-102118,2022-04-23,2022-04-29,CUST-9797,Isha Gupta,33.0,Female,Consumer,South,Telangana,Furniture,Chairs,Recliner Lounge Chair,320.72,1,0.3,35.69
ORD-102119,2024-10-06,2024-10-10,CUST-9429,Amit Joshi,38.0,Male,Home Office,West,Maharashtra,Technology,Accessories,Wireless Mouse,96.34,1,0.0,29.25
ORD-102120,2024-06-29,2024-07-06,CUST-2511,Rahul Sharma,42.0,Male,Consumer,East,Odisha,Office Supplies,Art,Sketch Pad,71.21,2,0.15,5.72
ORD-102121,2023-08-16,2023-08-20,CUST-5734,Rahul Kapoor,45.0,Male,Corporate,East,Odisha,Furniture,Tables,Round Side Table,1670.46,5,0.4,-124.62
ORD-102122,2024-12-11,2024-12-14,CUST-3841,Shreya Kapoor,44.0,Female,Consumer,North,Uttar Pradesh,Office Supplies,Art,Colored Pencils,116.37,6,0.2,3.43
ORD-102123,2023-04-25,2023-05-02,CUST-9993,Meera Nair,24.0,Female,Consumer,North,Haryana,Office Supplies,Binders,Clip Binder,299.58,6,0.2,13.45
ORD-102124,2024-12-22,2024-12-28,CUST-9130,Ritu Nair,33.0,Female,Corporate,East,West Bengal,Furniture,Bookcases,Ladder Bookshelf,843.33,3,0.2,26.4
ORD-102125,2024-01-03,2024-01-07,CUST-4775,Isha Kapoor,39.0,Female,Home Office,West,Gujarat,Office Supplies,Binders,3-Ring Binder,235.56,3,0.2,25.63
ORD-102126,2023-12-12,2023-12-18,CUST-5659,Ritu Iyer,61.0,Female,Consumer,North,Punjab,Office Supplies,Storage,Desk Organizer,226.79,4,0.15,55.55
ORD-102127,2022-08-08,2022-08-11,CUST-4926,Sanjay Patel,41.0,Male,Home Office,North,Delhi,Furniture,Furnishings,Table Lamp,783.28,6,0.15,49.6
ORD-102128,2024-10-05,2024-10-12,CUST-5966,Meera Mehta,30.0,Female,Consumer,South,Telangana,Technology,Machines,3D Printer Mini,2439.1,6,0.0,761.29
ORD-102129,2023-05-07,2023-05-14,CUST-9429,Amit Joshi,36.0,Male,Consumer,North,Delhi,Office Supplies,Paper,Notebook Set,45.99,1,0.0,19.68
ORD-102130,2022-08-03,2022-08-04,CUST-8639,Priya Iyer,27.0,Female,Consumer,West,Maharashtra,Office Supplies,Labels,Address Labels,92.81,3,0.15,24.69
ORD-102131,2022-01-18,2022-01-23,CUST-6400,Sanjay Reddy,23.0,Male,Consumer,East,Odisha,Furniture,Furnishings,Table Lamp,1207.19,6,0.15,98.76
ORD-102132,2023-10-17,2023-10-22,CUST-6341,Manish Nair,45.0,Male,Consumer,South,Karnataka,Furniture,Tables,Round Side Table,661.88,6,0.0,237.43
ORD-102133,2023-09-12,2023-09-18,CUST-9429,Amit Joshi,39.0,Male,Consumer,West,Gujarat,Office Supplies,Art,Sketch Pad,499.18,7,0.0,215.16
ORD-102134,2024-03-14,2024-03-21,CUST-5966,Meera Mehta,33.0,Female,Home Office,West,Gujarat,Furniture,Tables,Adjustable Standing Desk,1144.22,6,0.1,155.34
ORD-102135,2024-10-14,2024-10-18,CUST-4263,Nikhil Mehta,41.0,Male,Corporate,West,Gujarat,Office Supplies,Art,Marker Set,40.87,4,0.2,2.07
ORD-102136,2022-04-18,2022-04-24,CUST-5503,Aditya Singh,34.0,Male,Corporate,North,Delhi,Office Supplies,Storage,Desk Organizer,231.32,4,0.15,13.04
ORD-102137,2024-03-30,2024-04-05,CUST-4167,Sanjay Gupta,32.0,Male,Consumer,South,Kerala,Technology,Phones,Budget Smartphone S5,2008.36,3,0.3,135.83
ORD-102138,2022-09-04,2022-09-06,CUST-3841,Shreya Kapoor,43.0,Female,Consumer,Central,Chhattisgarh,Office Supplies,Art,Colored Pencils,86.72,7,0.0,24.28
ORD-102139,2024-09-09,2024-09-16,CUST-4167,Sanjay Gupta,33.0,Male,Consumer,West,Maharashtra,Office Supplies,Paper,A4 Copy Paper Ream,29.48,1,0.1,3.51
ORD-102140,2024-07-20,2024-07-25,CUST-2137,Suresh Sharma,36.0,Male,Consumer,South,Telangana,Furniture,Bookcases,5-Shelf Bookcase,399.24,1,0.0,177.65
ORD-102141,2023-09-28,2023-10-05,CUST-2184,Meera Patel,45.0,Female,Consumer,Central,Madhya Pradesh,Office Supplies,Storage,File Cabinet,7.15,1,0.2,0.31
ORD-102142,2024-03-03,2024-03-06,CUST-6505,Suresh Kapoor,55.0,Male,Consumer,South,Kerala,Furniture,Bookcases,Ladder Bookshelf,2027.22,5,0.0,670.38
ORD-102143,2022-12-20,2022-12-26,CUST-4263,Nikhil Mehta,40.0,Male,Consumer,Central,Madhya Pradesh,Technology,Machines,Laser Printer,670.29,1,0.1,67.68
ORD-102144,2023-07-01,2023-07-03,CUST-4661,Karan Iyer,52.0,Male,Corporate,East,Odisha,Office Supplies,Labels,Shipping Labels,29.28,1,0.0,7.16
ORD-102145,2024-07-24,2024-07-26,CUST-4766,Priya Joshi,33.0,Female,Corporate,East,Bihar,Office Supplies,Art,Colored Pencils,288.44,6,0.0,71.67
ORD-102146,2023-06-16,2023-06-21,CUST-6736,Neha Verma,38.0,Female,Consumer,South,Telangana,Office Supplies,Binders,3-Ring Binder,58.53,5,0.1,16.47
ORD-102147,2023-02-04,2023-02-09,CUST-4167,Sanjay Gupta,33.0,Male,Consumer,East,Bihar,Office Supplies,Storage,Desk Organizer,446.07,6,0.2,49.69
ORD-102148,2023-08-02,2023-08-07,CUST-3726,Vikram Rao,45.0,Male,Consumer,West,Maharashtra,Technology,Copiers,Compact Copier,2114.68,4,0.2,227.93
ORD-102149,2024-08-02,2024-08-05,CUST-8260,Isha Reddy,18.0,Female,Consumer,South,Telangana,Technology,Phones,Budget Smartphone S5,1377.42,7,0.15,251.4
ORD-102150,2023-01-03,2023-01-05,CUST-8370,Rohan Patel,26.0,Male,Consumer,East,Odisha,Office Supplies,Art,Sketch Pad,177.09,3,0.0,62.69
ORD-102151,2022-08-18,2022-08-22,CUST-8370,Rohan Patel,27.0,Male,Consumer,South,Kerala,Furniture,Chairs,Foldable Study Chair,1664.39,3,0.1,243.05
ORD-102152,2024-03-05,2024-03-08,CUST-5183,Aditya Iyer,28.0,Male,Consumer,South,Tamil Nadu,Office Supplies,Labels,Address Labels,169.44,6,0.15,34.04
ORD-102153,2024-07-30,2024-07-31,CUST-3850,Neha Rao,19.0,Female,Corporate,North,Haryana,Technology,Copiers,Office Copier 200,4460.75,7,0.15,830.92
ORD-102154,2022-05-15,2022-05-21,CUST-1266,Nikhil Iyer,27.0,Male,Corporate,East,Odisha,Office Supplies,Storage,File Cabinet,210.85,6,0.2,1.06
ORD-102155,2022-10-30,2022-11-04,CUST-4263,Nikhil Mehta,44.0,Male,Consumer,Central,Chhattisgarh,Office Supplies,Paper,Sticky Notes Pack,99.77,2,0.3,-3.36
ORD-102156,2022-07-06,2022-07-08,CUST-6736,Neha Verma,39.0,Female,Corporate,West,Maharashtra,Office Supplies,Binders,3-Ring Binder,132.52,5,0.1,24.01
ORD-102157,2023-01-21,2023-01-27,CUST-1266,Nikhil Iyer,28.0,Male,Corporate,Central,Chhattisgarh,Furniture,Bookcases,Corner Bookcase,3331.65,7,0.1,389.05
ORD-102158,2023-06-04,2023-06-11,CUST-1958,Karan Joshi,34.0,Male,Consumer,Central,Chhattisgarh,Technology,Accessories,USB-C Hub,330.71,2,0.0,80.46
ORD-102159,2024-04-21,2024-04-24,CUST-1266,Nikhil Iyer,28.0,Male,Consumer,North,Punjab,Furniture,Bookcases,Ladder Bookshelf,181.4,2,0.15,23.09
ORD-102160,2023-12-22,2023-12-23,CUST-6196,Priya Verma,19.0,Female,Home Office,West,Gujarat,Furniture,Furnishings,Curtain Set,1748.25,3,0.0,772.72
ORD-102161,2023-12-04,2023-12-11,CUST-4088,Meera Joshi,25.0,Female,Consumer,West,Maharashtra,Furniture,Furnishings,Area Rug,581.29,2,0.1,128.42
ORD-102162,2023-01-27,2023-01-30,CUST-9886,Aditya Reddy,40.0,Male,Consumer,Central,Madhya Pradesh,Furniture,Bookcases,Ladder Bookshelf,1716.21,5,0.4,-319.32
ORD-102163,2024-08-19,2024-08-22,CUST-5000,Divya Mehta,26.0,Female,Home Office,West,Gujarat,Technology,Copiers,Office Copier 200,771.05,3,0.0,326.03
ORD-102164,2023-07-01,2023-07-05,CUST-8925,Pooja Kapoor,26.0,Female,Home Office,East,West Bengal,Technology,Phones,Budget Smartphone S5,2449.16,7,0.15,421.16
ORD-102165,2024-12-19,2024-12-25,CUST-7110,Manish Verma,24.0,Male,Consumer,South,Tamil Nadu,Furniture,Furnishings,Curtain Set,1283.68,4,0.0,538.47
ORD-102166,2023-12-12,2023-12-16,CUST-3058,Vivek Patel,36.0,Male,Home Office,West,Maharashtra,Furniture,Chairs,Ergo Mesh Office Chair,320.23,3,0.4,-57.0
ORD-102167,2022-06-16,2022-06-19,CUST-4176,Divya Gupta,41.0,Female,Home Office,East,West Bengal,Office Supplies,Envelopes,Window Envelopes,30.92,1,0.0,8.97
ORD-102168,2024-01-14,2024-01-15,CUST-1958,Karan Joshi,32.0,Male,Corporate,West,Maharashtra,Furniture,Chairs,Foldable Study Chair,953.77,4,0.0,347.86
ORD-102169,2022-12-27,2022-12-29,CUST-4176,Divya Gupta,40.0,Female,Home Office,Central,Chhattisgarh,Technology,Accessories,Wireless Mouse,1486.45,5,0.1,183.99
ORD-102170,2024-01-28,2024-01-30,CUST-7336,Manish Sharma,37.0,Male,Consumer,East,Odisha,Technology,Copiers,Compact Copier,3152.4,4,0.3,210.66
ORD-102171,2022-04-06,2022-04-13,CUST-6636,Amit Rao,18.0,Male,Consumer,South,Telangana,Office Supplies,Paper,A4 Copy Paper Ream,102.09,3,0.3,-0.05
ORD-102172,2022-08-19,2022-08-25,CUST-6060,Rahul Kapoor,35.0,Male,Consumer,West,Rajasthan,Office Supplies,Envelopes,Window Envelopes,126.88,5,0.1,41.3
ORD-102173,2024-09-06,2024-09-11,CUST-5106,Meera Nair,28.0,Female,Consumer,North,Delhi,Technology,Accessories,Wireless Mouse,1863.24,4,0.0,629.5
ORD-102174,2022-10-17,2022-10-22,CUST-1546,Priya Iyer,29.0,Female,Corporate,East,Odisha,Office Supplies,Art,Colored Pencils,253.51,4,0.0,106.12
ORD-102175,2024-08-13,2024-08-15,CUST-6736,Neha Verma,39.0,Female,Consumer,South,Telangana,Furniture,Chairs,Ergo Mesh Office Chair,1410.4,3,0.15,113.67
ORD-102176,2022-11-28,2022-12-01,CUST-4766,Priya Joshi,34.0,Female,Corporate,South,Tamil Nadu,Technology,Accessories,USB-C Hub,3780.99,5,0.3,124.55
ORD-102177,2023-12-17,2023-12-20,CUST-2184,Meera Patel,48.0,Female,Home Office,North,Delhi,Office Supplies,Storage,Storage Box Set,46.79,4,0.0,15.34
ORD-102178,2024-02-08,2024-02-12,CUST-2459,Sneha Singh,29.0,Female,Consumer,West,Gujarat,Office Supplies,Paper,Sticky Notes Pack,42.94,1,0.0,17.4
ORD-102179,2023-08-25,2023-08-31,CUST-9227,Shreya Kapoor,18.0,Female,Home Office,North,Delhi,Furniture,Tables,Oak Dining Table,1189.29,2,0.15,302.54
ORD-102180,2022-12-15,2022-12-19,CUST-4176,Divya Gupta,42.0,Female,Corporate,South,Tamil Nadu,Office Supplies,Envelopes,Window Envelopes,397.53,7,0.15,96.11
ORD-102181,2022-10-03,2022-10-08,CUST-5954,Karan Rao,48.0,Male,Corporate,East,Odisha,Technology,Copiers,Compact Copier,2191.47,4,0.3,283.14
ORD-102182,2022-02-16,2022-02-18,CUST-7006,Arjun Verma,34.0,Male,Consumer,Central,Chhattisgarh,Furniture,Tables,Glass Coffee Table,315.64,1,0.15,59.99
ORD-102183,2022-12-14,2022-12-21,CUST-5806,Vikram Singh,18.0,Male,Consumer,East,West Bengal,Furniture,Furnishings,Wall Clock,684.19,7,0.1,169.32
ORD-102184,2023-12-24,2023-12-27,CUST-5644,Sanjay Mehta,35.0,Male,Consumer,South,Telangana,Office Supplies,Art,Colored Pencils,66.48,2,0.3,-2.79
ORD-102185,2024-11-23,2024-11-25,CUST-2184,Meera Patel,49.0,Female,Corporate,Central,Madhya Pradesh,Office Supplies,Binders,Clip Binder,70.74,4,0.2,15.21
ORD-102186,2024-09-24,2024-09-25,CUST-5920,Aditya Reddy,49.0,Male,Consumer,South,Karnataka,Technology,Phones,Cordless Landline,885.75,4,0.0,214.51
ORD-102187,2024-05-13,2024-05-15,CUST-8844,Suresh Rao,45.0,Male,Corporate,Central,Chhattisgarh,Furniture,Bookcases,Corner Bookcase,772.02,3,0.0,169.54
ORD-102188,2024-06-10,2024-06-11,CUST-4766,Priya Joshi,34.0,Female,Consumer,West,Gujarat,Office Supplies,Storage,Storage Box Set,155.59,4,0.0,44.49
ORD-102189,2023-12-31,2024-01-04,CUST-9713,Sanjay Rao,54.0,Male,Consumer,South,Kerala,Technology,Copiers,Office Copier 200,370.39,2,0.15,103.35
ORD-102190,2022-11-14,2022-11-18,CUST-9886,Aditya Reddy,40.0,Male,Consumer,South,Telangana,Office Supplies,Storage,Storage Box Set,52.4,1,0.2,6.81
ORD-102191,2024-10-31,2024-11-05,CUST-6736,Neha Verma,,Female,Corporate,North,Uttar Pradesh,Furniture,Furnishings,Curtain Set,1852.51,6,0.4,-354.46
ORD-102192,2024-01-07,2024-01-09,CUST-4360,Priya Gupta,41.0,Female,Consumer,North,Punjab,Technology,Accessories,Wireless Mouse,544.93,1,0.0,119.72
ORD-102193,2023-10-18,2023-10-20,CUST-1525,Aditya Nair,36.0,Male,Home Office,Central,Madhya Pradesh,Technology,Accessories,Mechanical Keyboard,871.29,3,0.0,226.34
ORD-102194,2022-05-27,2022-05-28,CUST-5775,Divya Reddy,51.0,Female,Consumer,West,Rajasthan,Office Supplies,Storage,File Cabinet,92.55,2,0.1,26.41
ORD-102195,2023-05-31,2023-06-04,CUST-4457,Shreya Patel,58.0,Female,Corporate,East,Odisha,Technology,Copiers,Office Copier 200,1691.01,3,0.0,384.51
ORD-102196,2023-06-17,2023-06-18,CUST-4766,Priya Joshi,34.0,Female,Consumer,South,Telangana,Office Supplies,Storage,Storage Box Set,190.05,5,0.0,85.0
ORD-102197,2024-09-16,2024-09-20,CUST-3878,Karan Nair,39.0,Male,Corporate,South,Tamil Nadu,Furniture,Bookcases,5-Shelf Bookcase,1020.84,2,0.0,250.33
ORD-102198,2023-10-04,2023-10-05,CUST-1950,Divya Rao,19.0,Female,Consumer,Central,Chhattisgarh,Office Supplies,Labels,Address Labels,72.15,1,0.1,19.19
ORD-102199,2023-03-08,2023-03-12,CUST-6435,Amit Joshi,41.0,Male,Consumer,East,West Bengal,Furniture,Furnishings,Wall Clock,899.15,5,0.0,231.89
ORD-102200,2024-12-17,2024-12-18,CUST-7006,Arjun Verma,34.0,Male,Corporate,North,Uttar Pradesh,Furniture,Tables,Glass Coffee Table,616.59,3,0.0,180.07
ORD-102201,2022-05-27,2022-06-03,CUST-6852,Anjali Joshi,32.0,Female,Corporate,North,Delhi,Office Supplies,Envelopes,Window Envelopes,66.54,1,0.1,7.71
ORD-102202,2023-05-01,2023-05-05,CUST-6852,Anjali Joshi,33.0,Female,Home Office,Central,Chhattisgarh,Furniture,Bookcases,Ladder Bookshelf,2039.83,6,0.15,186.14
ORD-102203,2022-03-01,2022-03-07,CUST-6852,Anjali Joshi,31.0,Female,Home Office,East,West Bengal,Technology,Copiers,Compact Copier,427.65,2,0.0,174.77
ORD-102204,2024-04-10,2024-04-11,CUST-7006,Arjun Verma,34.0,Male,Consumer,South,Telangana,Office Supplies,Art,Sketch Pad,197.26,3,0.2,42.09
ORD-102205,2024-11-08,2024-11-10,CUST-3630,Nikhil Mehta,39.0,Male,Consumer,South,Karnataka,Office Supplies,Storage,File Cabinet,154.96,5,0.1,24.23
ORD-102206,2022-11-29,2022-12-04,CUST-3630,Nikhil Mehta,35.0,Male,Consumer,West,Maharashtra,Technology,Phones,Cordless Landline,1131.97,4,0.2,81.52
ORD-102207,2024-09-09,2024-09-15,CUST-8967,Manish Reddy,45.0,Male,Consumer,North,Delhi,Office Supplies,Envelopes,Window Envelopes,15.89,1,0.1,4.13
ORD-102208,2022-12-07,2022-12-13,CUST-3630,Nikhil Mehta,37.0,Male,Corporate,Central,Madhya Pradesh,Technology,Machines,3D Printer Mini,220.8,1,0.1,50.0
ORD-102209,2024-11-02,2024-11-03,CUST-2459,Sneha Singh,26.0,Female,Consumer,West,Maharashtra,Furniture,Furnishings,Area Rug,529.79,1,0.15,32.86
ORD-102210,2024-04-28,2024-05-03,CUST-2459,Sneha Singh,27.0,Female,Home Office,East,Odisha,Technology,Accessories,Wireless Mouse,755.81,6,0.0,284.03
ORD-102211,2024-07-01,2024-07-03,CUST-7006,Arjun Verma,33.0,Male,Consumer,Central,Madhya Pradesh,Technology,Accessories,Mechanical Keyboard,1370.93,2,0.1,304.19
ORD-102212,2022-01-25,2022-01-31,CUST-6392,Priya Reddy,19.0,Female,Home Office,Central,Madhya Pradesh,Furniture,Bookcases,Ladder Bookshelf,87.81,1,0.15,7.87
ORD-102213,2024-12-09,2024-12-11,CUST-1266,Nikhil Iyer,29.0,Male,Home Office,South,Karnataka,Furniture,Tables,Adjustable Standing Desk,570.73,3,0.0,206.25
ORD-102214,2024-03-24,2024-03-28,CUST-9982,Meera Verma,44.0,Female,Consumer,North,Punjab,Office Supplies,Paper,Sticky Notes Pack,317.97,6,0.3,2.46
ORD-102215,2022-12-14,2022-12-21,CUST-6852,Anjali Joshi,30.0,Female,Home Office,West,Rajasthan,Furniture,Tables,Glass Coffee Table,1532.31,4,0.2,369.49
ORD-102216,2024-08-03,2024-08-08,CUST-9551,Shreya Verma,30.0,Female,Corporate,Central,Madhya Pradesh,Office Supplies,Art,Sketch Pad,301.31,5,0.4,9.14
ORD-102217,2022-11-30,2022-12-07,CUST-7315,Neha Patel,40.0,Female,Consumer,East,Odisha,Furniture,Tables,Adjustable Standing Desk,141.06,1,0.1,47.36
ORD-102218,2024-09-25,2024-09-28,CUST-6736,Neha Verma,38.0,Female,Corporate,South,Tamil Nadu,Office Supplies,Binders,Clip Binder,136.78,5,0.4,-0.19
ORD-102219,2022-05-29,2022-06-02,CUST-8782,Shreya Iyer,40.0,Female,Home Office,North,Delhi,Office Supplies,Storage,Storage Box Set,26.81,3,0.4,-3.14
ORD-102220,2024-02-22,2024-02-27,CUST-5852,Amit Joshi,36.0,Male,Corporate,West,Rajasthan,Furniture,Furnishings,Curtain Set,1760.91,6,0.2,418.78
ORD-102221,2023-09-27,2023-09-28,CUST-2280,Rohan Sharma,29.0,Male,Corporate,West,Gujarat,Furniture,Furnishings,Wall Clock,1037.44,7,0.0,287.24
ORD-102222,2022-05-10,2022-05-17,CUST-9758,Meera Mehta,35.0,Female,Corporate,East,Odisha,Office Supplies,Art,Marker Set,59.13,1,0.2,9.83
ORD-102223,2022-11-01,2022-11-02,CUST-1157,Sneha Singh,43.0,Female,Home Office,West,Maharashtra,Technology,Phones,Smartphone X12,441.65,1,0.0,98.64
ORD-102224,2022-01-18,2022-01-20,CUST-8031,Meera Sharma,39.0,Female,Consumer,South,Karnataka,Office Supplies,Storage,Desk Organizer,57.18,3,0.1,15.58
ORD-102225,2023-06-28,2023-07-04,CUST-7006,Arjun Verma,31.0,Male,Corporate,East,Bihar,Technology,Copiers,Compact Copier,5723.99,7,0.0,1877.74
ORD-102226,2022-12-12,2022-12-19,CUST-6647,Isha Patel,30.0,Female,Consumer,North,Delhi,Furniture,Chairs,Foldable Study Chair,1301.02,5,0.0,427.58
ORD-102227,2023-11-18,2023-11-21,CUST-9687,Priya Gupta,23.0,Female,Consumer,South,Karnataka,Technology,Phones,Smartphone X12,2099.96,5,0.0,732.25
ORD-102228,2022-12-10,2022-12-11,CUST-9095,Karan Nair,22.0,Male,Corporate,South,Telangana,Technology,Copiers,Compact Copier,5271.45,6,0.2,991.13
ORD-102229,2022-12-11,2022-12-16,CUST-7006,Arjun Verma,30.0,Male,Consumer,North,Haryana,Furniture,Tables,Oak Dining Table,616.26,4,0.0,170.95
ORD-102230,2024-04-14,2024-04-21,CUST-4791,Rohan Mehta,46.0,Male,Consumer,West,Gujarat,Office Supplies,Labels,Address Labels,192.81,3,0.1,45.25
ORD-102231,2022-03-09,2022-03-16,CUST-4750,Kavita Gupta,36.0,Female,Consumer,Central,Chhattisgarh,Office Supplies,Paper,A4 Copy Paper Ream,484.57,7,0.1,77.32
ORD-102232,2024-10-26,2024-11-01,CUST-3150,Kavita Patel,26.0,Female,Consumer,West,Rajasthan,Furniture,Bookcases,Corner Bookcase,480.62,4,0.0,180.05
ORD-102233,2024-09-02,2024-09-08,CUST-1957,Shreya Sharma,40.0,Female,Consumer,East,West Bengal,Office Supplies,Storage,Storage Box Set,311.33,4,0.3,23.39
ORD-102234,2024-01-03,2024-01-08,CUST-4069,Vivek Mehta,40.0,Male,Corporate,South,Kerala,Furniture,Tables,Round Side Table,499.3,1,0.1,76.05
ORD-102235,2023-11-14,2023-11-20,CUST-5148,Priya Mehta,33.0,Female,Consumer,West,Rajasthan,Office Supplies,Binders,View Binder,283.7,4,0.2,65.09
ORD-102236,2024-10-16,2024-10-17,CUST-2081,Aditya Rao,22.0,Male,Consumer,South,Telangana,Office Supplies,Art,Marker Set,292.46,6,0.0,97.9
ORD-102237,2022-09-02,2022-09-07,CUST-3150,Kavita Patel,26.0,Female,Corporate,West,Gujarat,Office Supplies,Storage,File Cabinet,94.61,5,0.0,36.4
ORD-102238,2022-04-18,2022-04-23,CUST-1855,Nikhil Mehta,23.0,Male,Home Office,Central,Chhattisgarh,Office Supplies,Labels,Address Labels,40.97,5,0.2,5.1
ORD-102239,2022-10-30,2022-11-01,CUST-4307,Vivek Singh,49.0,Male,Home Office,North,Haryana,Office Supplies,Labels,Address Labels,276.44,5,0.0,77.68
ORD-102240,2024-06-18,2024-06-21,CUST-1957,Shreya Sharma,,Female,Consumer,South,Tamil Nadu,Technology,Machines,3D Printer Mini,1499.84,3,0.4,-299.96
ORD-102241,2022-02-18,2022-02-25,CUST-8125,Rohan Singh,34.0,Male,Consumer,South,Telangana,Technology,Copiers,Office Copier 200,1355.34,7,0.2,81.41
ORD-102242,2023-11-07,2023-11-09,CUST-5852,Amit Joshi,39.0,Male,Consumer,East,Odisha,Office Supplies,Storage,File Cabinet,52.64,1,0.0,10.98
ORD-102243,2024-12-29,2025-01-01,CUST-8839,Ritu Patel,33.0,Female,Consumer,East,West Bengal,Technology,Copiers,Compact Copier,536.32,1,0.0,228.24
ORD-102244,2024-09-06,2024-09-11,CUST-3150,Kavita Patel,26.0,Female,Consumer,Central,Chhattisgarh,Office Supplies,Art,Marker Set,98.12,6,0.0,41.33
ORD-102245,2023-09-05,2023-09-12,CUST-5917,Vivek Rao,49.0,Male,Consumer,Central,Chhattisgarh,Office Supplies,Envelopes,Mailing Envelopes,42.17,1,0.3,-3.23
ORD-102246,2022-03-29,2022-04-04,CUST-8461,Manish Rao,18.0,Male,Home Office,South,Kerala,Technology,Accessories,Mechanical Keyboard,2523.45,4,0.2,12.97
ORD-102247,2024-08-06,2024-08-09,CUST-9713,Sanjay Rao,50.0,Male,Consumer,North,Uttar Pradesh,Furniture,Tables,Round Side Table,2953.73,5,0.1,786.61
ORD-102248,2023-11-19,2023-11-24,CUST-5044,Sanjay Verma,29.0,Male,Consumer,Central,Chhattisgarh,Office Supplies,Paper,Sticky Notes Pack,54.31,2,0.2,12.34
ORD-102249,2022-06-01,2022-06-06,CUST-1193,Amit Verma,36.0,Male,Consumer,Central,Chhattisgarh,Technology,Accessories,Mechanical Keyboard,731.19,6,0.15,214.62
ORD-102250,2022-05-06,2022-05-08,CUST-5659,Ritu Iyer,62.0,Female,Consumer,East,Odisha,Office Supplies,Art,Sketch Pad,280.06,6,0.0,71.15
ORD-102251,2024-11-02,2024-11-04,CUST-5936,Pooja Kapoor,45.0,Female,Corporate,West,Rajasthan,Technology,Accessories,Mechanical Keyboard,1656.32,2,0.0,702.46
ORD-102252,2024-01-05,2024-01-11,CUST-2044,Sanjay Iyer,50.0,Male,Corporate,South,Telangana,Technology,Copiers,Compact Copier,3505.44,7,0.1,1008.03
ORD-102253,2024-08-03,2024-08-07,CUST-1193,Amit Verma,39.0,Male,Home Office,South,Tamil Nadu,Technology,Phones,Budget Smartphone S5,704.62,1,0.15,204.76
ORD-102254,2024-10-02,2024-10-03,CUST-9578,Ritu Gupta,34.0,Female,Consumer,North,Punjab,Office Supplies,Envelopes,Window Envelopes,303.07,5,0.1,57.24
ORD-102255,2023-10-29,2023-11-02,CUST-9578,Ritu Gupta,34.0,Female,Corporate,West,Gujarat,Furniture,Tables,Adjustable Standing Desk,1996.89,4,0.3,239.75
ORD-102256,2023-09-01,2023-09-05,CUST-2925,Ritu Mehta,30.0,Female,Consumer,Central,Chhattisgarh,Office Supplies,Paper,Notebook Set,262.86,4,0.1,30.22
ORD-102257,2023-05-11,2023-05-18,CUST-2925,Ritu Mehta,34.0,Female,Corporate,Central,Madhya Pradesh,Furniture,Chairs,Ergo Mesh Office Chair,1071.05,3,0.1,308.92
ORD-102258,2022-12-22,2022-12-29,CUST-8008,Rahul Rao,28.0,Male,Consumer,South,Karnataka,Office Supplies,Envelopes,Window Envelopes,27.77,3,0.15,2.43
ORD-102259,2023-05-16,2023-05-22,CUST-1316,Rahul Sharma,36.0,Male,Consumer,East,Odisha,Office Supplies,Labels,Address Labels,180.3,4,0.0,47.37
ORD-102260,2024-05-22,2024-05-29,CUST-2542,Pooja Reddy,33.0,Female,Corporate,Central,Madhya Pradesh,Office Supplies,Envelopes,Window Envelopes,324.66,5,0.2,79.54
ORD-102261,2023-11-21,2023-11-24,CUST-5775,Divya Reddy,54.0,Female,Consumer,East,Odisha,Office Supplies,Art,Sketch Pad,61.68,2,0.1,9.32
ORD-102262,2024-10-16,2024-10-22,CUST-8008,Rahul Rao,25.0,Male,Home Office,Central,Chhattisgarh,Office Supplies,Envelopes,Mailing Envelopes,382.12,7,0.0,141.56
ORD-102263,2023-05-26,2023-06-01,CUST-7243,Rahul Sharma,20.0,Male,Consumer,East,West Bengal,Office Supplies,Art,Sketch Pad,239.16,5,0.1,82.35
ORD-102264,2023-11-24,2023-11-29,CUST-8008,Rahul Rao,29.0,Male,Consumer,East,West Bengal,Office Supplies,Paper,A4 Copy Paper Ream,198.73,6,0.0,71.33
ORD-102265,2023-12-10,2023-12-15,CUST-5580,Neha Verma,24.0,Female,Consumer,South,Tamil Nadu,Furniture,Tables,Adjustable Standing Desk,2205.55,7,0.0,734.64
ORD-102266,2023-11-13,2023-11-18,CUST-4672,Shreya Gupta,18.0,Female,Consumer,South,Telangana,Furniture,Chairs,Foldable Study Chair,3057.27,6,0.2,107.03
ORD-102267,2024-02-21,2024-02-22,CUST-6071,Karan Nair,44.0,Male,Corporate,North,Uttar Pradesh,Furniture,Furnishings,Table Lamp,1176.11,5,0.0,498.7
ORD-102268,2022-10-28,2022-10-31,CUST-5580,Neha Verma,20.0,Female,Consumer,South,Telangana,Technology,Copiers,Compact Copier,1581.52,3,0.15,388.78
ORD-102269,2023-08-25,2023-08-28,CUST-6071,Karan Nair,43.0,Male,Corporate,East,West Bengal,Technology,Machines,Laser Printer,1716.67,2,0.0,528.16
ORD-102270,2022-05-19,2022-05-24,CUST-5936,Pooja Kapoor,46.0,Female,Home Office,Central,Chhattisgarh,Technology,Phones,Cordless Landline,2029.57,6,0.2,328.75
ORD-102271,2023-03-13,2023-03-17,CUST-2992,Pooja Verma,36.0,Female,Consumer,West,Rajasthan,Office Supplies,Envelopes,Mailing Envelopes,146.52,3,0.0,56.58
ORD-102272,2023-07-24,2023-07-25,CUST-9043,Rahul Iyer,32.0,Male,Consumer,South,Tamil Nadu,Office Supplies,Envelopes,Mailing Envelopes,126.98,5,0.3,0.34
ORD-102273,2023-12-23,2023-12-27,CUST-2542,Pooja Reddy,32.0,Female,Consumer,Central,Madhya Pradesh,Office Supplies,Labels,Shipping Labels,257.65,5,0.2,0.2
ORD-102274,2024-12-01,2024-12-03,CUST-8152,Arjun Mehta,34.0,Male,Consumer,East,Odisha,Office Supplies,Art,Marker Set,53.23,4,0.3,0.59
ORD-102275,2023-11-20,2023-11-23,CUST-5936,Pooja Kapoor,49.0,Female,Home Office,East,West Bengal,Furniture,Tables,Round Side Table,2902.2,6,0.15,429.37
ORD-102276,2024-04-15,2024-04-18,CUST-8390,Vivek Reddy,63.0,Male,Corporate,West,Maharashtra,Furniture,Tables,Adjustable Standing Desk,1215.55,3,0.0,442.4
ORD-102277,2023-08-17,2023-08-21,CUST-7070,Vivek Gupta,43.0,Male,Corporate,South,Telangana,Office Supplies,Art,Sketch Pad,53.48,1,0.2,9.29
ORD-102278,2023-12-12,2023-12-13,CUST-6565,Priya Joshi,40.0,Female,Corporate,East,Bihar,Technology,Copiers,Office Copier 200,3310.69,4,0.0,874.76
ORD-102279,2022-04-07,2022-04-10,CUST-4827,Shreya Mehta,37.0,Female,Corporate,North,Delhi,Office Supplies,Paper,Sticky Notes Pack,41.51,1,0.1,4.98
ORD-102280,2022-11-10,2022-11-14,CUST-9963,Arjun Sharma,35.0,Male,Corporate,West,Rajasthan,Office Supplies,Binders,View Binder,223.03,4,0.1,55.75
ORD-102281,2023-02-10,2023-02-16,CUST-2007,Manish Sharma,51.0,Male,Consumer,Central,Chhattisgarh,Technology,Machines,3D Printer Mini,323.22,1,0.15,54.71
ORD-102282,2023-07-03,2023-07-09,CUST-5981,Shreya Kapoor,36.0,Female,Consumer,North,Uttar Pradesh,Technology,Phones,Smartphone X12,1168.31,3,0.0,512.16
ORD-102283,2022-03-06,2022-03-13,CUST-9345,Pooja Iyer,39.0,Female,Consumer,East,Bihar,Office Supplies,Storage,Storage Box Set,34.23,1,0.0,14.25
ORD-102284,2022-07-04,2022-07-05,CUST-8034,Karan Iyer,33.0,Male,Consumer,West,Rajasthan,Office Supplies,Paper,Sticky Notes Pack,102.37,7,0.2,21.38
ORD-102285,2022-11-27,2022-12-01,CUST-5917,Vivek Rao,48.0,Male,Corporate,North,Uttar Pradesh,Technology,Phones,Budget Smartphone S5,889.84,6,0.0,276.36
ORD-102286,2024-12-14,2024-12-21,CUST-1748,Rohan Patel,25.0,Male,Home Office,North,Delhi,Technology,Accessories,USB-C Hub,1792.47,2,0.15,361.09
ORD-102287,2022-12-30,2023-01-05,CUST-5775,Divya Reddy,51.0,Female,Consumer,East,Odisha,Furniture,Furnishings,Table Lamp,794.05,4,0.0,196.21
ORD-102288,2023-07-16,2023-07-17,CUST-7243,Rahul Sharma,22.0,Male,Corporate,East,West Bengal,Office Supplies,Envelopes,Window Envelopes,140.71,5,0.1,26.03
ORD-102289,2022-09-14,2022-09-21,CUST-1838,Manish Singh,54.0,Male,Consumer,East,Bihar,Office Supplies,Envelopes,Window Envelopes,286.73,6,0.0,74.04
ORD-102290,2023-11-27,2023-12-02,CUST-2542,Pooja Reddy,30.0,Female,Corporate,East,Bihar,Office Supplies,Binders,View Binder,187.1,3,0.1,39.43
ORD-102291,2022-11-29,2022-11-30,CUST-1240,Arjun Sharma,31.0,Male,Corporate,North,Haryana,Technology,Phones,Cordless Landline,1016.72,3,0.0,250.83
ORD-102292,2022-09-27,2022-09-29,CUST-5482,Anita Reddy,38.0,Female,Corporate,West,Gujarat,Office Supplies,Envelopes,Mailing Envelopes,199.2,6,0.15,13.15
ORD-102293,2023-08-31,2023-09-05,CUST-5695,Rahul Kapoor,32.0,Male,Consumer,West,Maharashtra,Office Supplies,Envelopes,Mailing Envelopes,171.31,4,0.1,20.66
ORD-102294,2022-01-08,2022-01-15,CUST-1838,Manish Singh,50.0,Male,Corporate,East,Bihar,Technology,Copiers,Compact Copier,2877.71,5,0.0,778.16
ORD-102295,2022-01-11,2022-01-15,CUST-1748,Rohan Patel,25.0,Male,Home Office,West,Maharashtra,Furniture,Bookcases,Ladder Bookshelf,471.89,5,0.1,59.12
ORD-102296,2022-10-09,2022-10-14,CUST-1969,Aditya Rao,50.0,Male,Consumer,West,Maharashtra,Office Supplies,Binders,Clip Binder,122.57,5,0.0,51.46
ORD-102297,2022-02-21,2022-02-26,CUST-5172,Kavita Singh,50.0,Female,Consumer,West,Gujarat,Office Supplies,Storage,Desk Organizer,108.74,2,0.1,23.27
ORD-102298,2022-05-24,2022-05-31,CUST-5580,Neha Verma,21.0,Female,Consumer,East,Odisha,Furniture,Tables,Oak Dining Table,426.09,1,0.0,90.71
ORD-102299,2023-01-08,2023-01-12,CUST-8468,Rahul Gupta,18.0,Male,Consumer,South,Tamil Nadu,Furniture,Chairs,Recliner Lounge Chair,3238.41,6,0.0,980.18
ORD-102300,2024-06-28,2024-07-02,CUST-1408,Meera Rao,26.0,Female,Corporate,East,Odisha,Office Supplies,Art,Sketch Pad,42.08,1,0.0,10.29
ORD-102301,2023-10-29,2023-11-04,CUST-5695,Rahul Kapoor,30.0,Male,Consumer,North,Delhi,Office Supplies,Storage,Storage Box Set,488.59,7,0.1,65.84
ORD-102302,2023-08-25,2023-08-27,CUST-1491,Anjali Reddy,24.0,Female,Consumer,West,Rajasthan,Technology,Machines,Laser Printer,5801.97,7,0.15,1657.81
ORD-102303,2022-12-07,2022-12-11,CUST-6774,Amit Sharma,20.0,Male,Corporate,West,Gujarat,Office Supplies,Envelopes,Mailing Envelopes,69.88,1,0.2,15.65
ORD-102304,2024-11-18,2024-11-21,CUST-1748,Rohan Patel,25.0,Male,Consumer,North,Delhi,Furniture,Tables,Round Side Table,548.16,1,0.1,55.11
ORD-102305,2023-03-29,2023-04-01,CUST-5936,Pooja Kapoor,47.0,Female,Corporate,Central,Madhya Pradesh,Technology,Phones,Smartphone X12,1435.6,6,0.0,623.67
ORD-102306,2022-04-28,2022-04-30,CUST-2542,Pooja Reddy,34.0,Female,Consumer,West,Gujarat,Office Supplies,Envelopes,Window Envelopes,229.52,6,,98.01
ORD-102307,2023-12-02,2023-12-03,CUST-9963,Arjun Sharma,37.0,Male,Corporate,East,Bihar,Office Supplies,Art,Sketch Pad,221.41,3,0.3,11.07
ORD-102308,2022-05-31,2022-06-07,CUST-7070,Vivek Gupta,42.0,Male,Corporate,Central,Chhattisgarh,Office Supplies,Envelopes,Window Envelopes,110.81,5,0.1,34.74
ORD-102309,2023-01-17,2023-01-18,CUST-8964,Vikram Mehta,,Male,Consumer,South,Tamil Nadu,Office Supplies,Art,Colored Pencils,125.45,2,0.15,15.89
ORD-102310,2023-08-19,2023-08-22,CUST-6774,Amit Sharma,24.0,Male,Corporate,West,Gujarat,Technology,Accessories,Wireless Mouse,1122.17,3,0.0,338.72
ORD-102311,2024-09-27,2024-10-01,CUST-1748,Rohan Patel,27.0,Male,Home Office,West,Rajasthan,Technology,Phones,Cordless Landline,133.61,2,0.0,40.06
ORD-102312,2023-08-01,2023-08-03,CUST-5723,Vikram Sharma,44.0,Male,Consumer,South,Telangana,Office Supplies,Labels,Address Labels,178.79,6,0.0,42.36
ORD-102313,2024-02-20,2024-02-21,CUST-8221,Sanjay Joshi,50.0,Male,Consumer,Central,Chhattisgarh,Office Supplies,Envelopes,Mailing Envelopes,168.44,7,0.1,
ORD-102314,2024-12-27,2024-12-28,CUST-9879,Anjali Sharma,29.0,Female,Consumer,West,Maharashtra,Technology,Accessories,Mechanical Keyboard,4079.8,5,0.0,1252.34
ORD-102315,2022-06-23,2022-06-30,CUST-9879,Anjali Sharma,28.0,Female,Corporate,North,Punjab,Office Supplies,Binders,View Binder,310.49,4,0.0,80.9
ORD-102316,2022-11-25,2022-11-30,CUST-4118,Neha Nair,40.0,Female,Consumer,North,Haryana,Office Supplies,Paper,A4 Copy Paper Ream,349.74,5,0.15,86.2
ORD-102317,2023-03-26,2023-03-29,CUST-6864,Anita Joshi,45.0,Female,Consumer,West,Rajasthan,Technology,Phones,Budget Smartphone S5,358.46,1,0.3,-29.38
ORD-102318,2023-04-30,2023-05-04,CUST-9889,Sneha Nair,43.0,Female,Home Office,West,Rajasthan,Technology,Accessories,USB-C Hub,1129.58,3,0.0,499.14
ORD-102319,2023-04-16,2023-04-18,CUST-9963,Arjun Sharma,37.0,Male,Corporate,West,Maharashtra,Office Supplies,Binders,3-Ring Binder,491.78,7,0.2,16.34
ORD-102320,2024-10-31,2024-11-01,CUST-6864,Anita Joshi,48.0,Female,Consumer,East,Odisha,Furniture,Furnishings,Wall Clock,2265.77,5,0.4,8.63
ORD-102321,2024-03-07,2024-03-14,CUST-2584,Divya Kapoor,42.0,Female,Corporate,Central,Chhattisgarh,Office Supplies,Binders,View Binder,219.22,7,0.2,30.39
ORD-102322,2023-11-25,2023-11-30,CUST-3712,Anita Kapoor,55.0,Female,Home Office,West,Gujarat,Furniture,Tables,Round Side Table,938.79,7,0.1,315.1
ORD-102323,2022-12-17,2022-12-20,CUST-8814,Kavita Singh,18.0,Female,Home Office,West,Gujarat,Office Supplies,Binders,View Binder,54.46,1,0.1,
ORD-102324,2024-07-27,2024-07-30,CUST-9879,Anjali Sharma,25.0,Female,Home Office,South,Karnataka,Furniture,Chairs,Foldable Study Chair,645.53,2,0.3,77.89
ORD-102325,2024-12-04,2024-12-11,CUST-2542,Pooja Reddy,31.0,Female,Consumer,West,Rajasthan,Furniture,Chairs,Foldable Study Chair,2120.77,5,0.4,25.18
ORD-102326,2024-07-23,2024-07-25,CUST-1207,Ritu Joshi,41.0,Female,Consumer,South,Kerala,Office Supplies,Paper,A4 Copy Paper Ream,185.47,4,0.1,31.7
ORD-102327,2022-01-03,2022-01-04,CUST-9720,Rohan Iyer,34.0,Male,Consumer,Central,Chhattisgarh,Office Supplies,Paper,A4 Copy Paper Ream,122.34,6,0.1,22.23
ORD-102328,2023-12-13,2023-12-15,CUST-7892,Aditya Iyer,31.0,Male,Corporate,East,Odisha,Furniture,Furnishings,Curtain Set,1031.48,5,0.0,316.3
ORD-102329,2022-03-13,2022-03-20,CUST-6669,Suresh Gupta,26.0,Male,Consumer,South,Kerala,Furniture,Tables,Oak Dining Table,331.42,4,0.0,78.44
ORD-102330,2022-11-12,2022-11-19,CUST-2681,Anita Reddy,51.0,Female,Consumer,North,Uttar Pradesh,Office Supplies,Art,Sketch Pad,116.21,4,0.0,38.45
ORD-102331,2022-03-23,2022-03-25,CUST-8493,Rohan Reddy,36.0,Male,Home Office,South,Telangana,Office Supplies,Envelopes,Mailing Envelopes,20.72,2,0.15,3.63
ORD-102332,2023-11-22,2023-11-28,CUST-1207,Ritu Joshi,43.0,Female,Consumer,East,Bihar,Technology,Machines,Laser Printer,1900.93,4,0.1,409.83
ORD-102333,2024-01-28,2024-02-02,CUST-5317,Neha Sharma,26.0,Female,Consumer,Central,Chhattisgarh,Furniture,Chairs,Executive Leather Chair,1894.38,6,0.2,372.91
ORD-102334,2022-06-01,2022-06-04,CUST-2864,Nikhil Reddy,31.0,Male,Consumer,South,Tamil Nadu,Technology,Accessories,Wireless Mouse,645.75,2,0.15,120.03
ORD-102335,2023-03-12,2023-03-18,CUST-8964,Vikram Mehta,47.0,Male,Corporate,West,Maharashtra,Technology,Phones,Budget Smartphone S5,1147.42,5,0.2,31.31
ORD-102336,2023-06-12,2023-06-16,CUST-5723,Vikram Sharma,41.0,Male,Consumer,North,Haryana,Office Supplies,Envelopes,Mailing Envelopes,283.46,6,0.0,75.28
ORD-102337,2023-02-20,2023-02-23,CUST-8304,Nikhil Reddy,27.0,Male,Consumer,West,Maharashtra,Technology,Copiers,Office Copier 200,869.58,1,0.2,
ORD-102338,2022-06-09,2022-06-12,CUST-2705,Divya Singh,30.0,Female,Consumer,North,Punjab,Technology,Machines,3D Printer Mini,3988.33,5,0.15,232.93
ORD-102339,2023-04-26,2023-05-01,CUST-6505,Suresh Kapoor,55.0,Male,Corporate,East,West Bengal,Technology,Copiers,Compact Copier,2319.25,3,0.0,643.81
ORD-102340,2024-04-24,2024-04-28,CUST-9403,Suresh Gupta,,Male,Home Office,Central,Chhattisgarh,Office Supplies,Binders,Clip Binder,109.38,4,0.3,11.4
ORD-102341,2022-04-07,2022-04-08,CUST-5723,Vikram Sharma,44.0,Male,Consumer,West,Gujarat,Furniture,Bookcases,5-Shelf Bookcase,665.08,5,0.3,10.17
ORD-102342,2022-04-19,2022-04-23,CUST-1757,Amit Reddy,34.0,Male,Corporate,South,Tamil Nadu,Technology,Phones,Cordless Landline,4069.79,7,0.0,1078.83
ORD-102343,2023-01-30,2023-01-31,CUST-1207,Ritu Joshi,41.0,Female,Consumer,South,Karnataka,Furniture,Furnishings,Wall Clock,1312.14,7,0.4,34.15
ORD-102344,2024-11-25,2024-11-29,CUST-8964,Vikram Mehta,45.0,Male,Home Office,South,Karnataka,Technology,Phones,Budget Smartphone S5,279.55,1,0.0,108.47
ORD-102345,2024-01-04,2024-01-06,CUST-9203,Amit Singh,70.0,Male,Corporate,West,Gujarat,Technology,Phones,Cordless Landline,340.26,2,0.15,69.25
ORD-102346,2024-01-18,2024-01-25,CUST-9403,Suresh Gupta,39.0,Male,Consumer,South,Kerala,Office Supplies,Art,Marker Set,235.82,6,0.1,42.75
ORD-102347,2023-02-10,2023-02-14,CUST-9860,Anita Reddy,25.0,Female,Consumer,South,Telangana,Furniture,Chairs,Ergo Mesh Office Chair,336.8,4,0.0,140.93
ORD-102348,2023-11-15,2023-11-21,CUST-3376,Divya Joshi,47.0,Female,Home Office,Central,Madhya Pradesh,Technology,Copiers,Compact Copier,3299.11,7,0.0,1163.45
ORD-102349,2022-01-14,2022-01-20,CUST-2941,Nikhil Reddy,40.0,Male,Consumer,West,Rajasthan,Technology,Phones,Budget Smartphone S5,57.58,1,0.2,10.75
ORD-102350,2023-12-13,2023-12-18,CUST-9691,Vikram Joshi,54.0,Male,Home Office,East,West Bengal,Furniture,Bookcases,Ladder Bookshelf,2100.98,5,0.1,668.27
ORD-102351,2024-11-04,2024-11-11,CUST-9403,Suresh Gupta,35.0,Male,Consumer,Central,Madhya Pradesh,Furniture,Furnishings,Table Lamp,3145.35,7,0.0,1052.88
ORD-102352,2023-11-28,2023-12-05,CUST-6342,Manish Reddy,27.0,Male,Home Office,North,Haryana,Technology,Machines,Label Maker,3595.15,7,0.0,1061.17
ORD-102353,2024-09-27,2024-09-28,CUST-1757,Amit Reddy,33.0,Male,Consumer,East,Odisha,Office Supplies,Labels,Shipping Labels,97.63,4,0.0,31.59
ORD-102354,2024-03-20,2024-03-23,CUST-8964,Vikram Mehta,49.0,Male,Corporate,Central,Chhattisgarh,Office Supplies,Storage,Storage Box Set,57.67,2,0.3,8.14
ORD-102355,2022-06-08,2022-06-13,CUST-5482,Anita Reddy,39.0,Female,Corporate,West,Gujarat,Office Supplies,Binders,View Binder,9.85,1,0.2,0.82
ORD-102356,2024-10-26,2024-11-01,CUST-2418,Neha Joshi,42.0,Female,Consumer,West,Maharashtra,Office Supplies,Binders,Clip Binder,139.53,3,0.0,27.94
ORD-102357,2022-04-01,2022-04-07,CUST-9665,Rahul Nair,29.0,Male,Consumer,Central,Chhattisgarh,Office Supplies,Labels,Shipping Labels,170.27,6,0.3,7.35
ORD-102358,2023-09-20,2023-09-21,CUST-8964,Vikram Mehta,46.0,Male,Consumer,West,Rajasthan,Technology,Copiers,Office Copier 200,1711.18,7,0.15,446.83
ORD-102359,2022-07-07,2022-07-13,CUST-2705,Divya Singh,33.0,Female,Consumer,North,Uttar Pradesh,Furniture,Chairs,Recliner Lounge Chair,991.4,3,0.0,228.3
ORD-102360,2022-01-17,2022-01-23,CUST-5710,Anita Mehta,46.0,Female,Consumer,Central,Madhya Pradesh,Office Supplies,Art,Colored Pencils,212.47,4,0.0,92.55
ORD-102361,2023-04-30,2023-05-01,CUST-1757,Amit Reddy,32.0,Male,Consumer,North,Delhi,Office Supplies,Labels,Address Labels,391.91,5,0.0,85.67
ORD-102362,2022-12-08,2022-12-14,CUST-2705,Divya Singh,32.0,Female,Consumer,West,Rajasthan,Office Supplies,Envelopes,Mailing Envelopes,196.08,4,0.2,2.89
ORD-102363,2023-07-21,2023-07-24,CUST-5710,Anita Mehta,46.0,Female,Consumer,Central,Madhya Pradesh,Furniture,Tables,Adjustable Standing Desk,670.27,7,0.15,68.0
ORD-102364,2023-11-03,2023-11-05,CUST-2043,Rohan Reddy,23.0,Male,Consumer,North,Delhi,Office Supplies,Envelopes,Window Envelopes,144.49,4,0.15,13.96
ORD-102365,2022-03-03,2022-03-08,CUST-9403,Suresh Gupta,35.0,Male,Home Office,East,Odisha,Furniture,Bookcases,Corner Bookcase,300.64,1,0.2,72.05
ORD-102366,2022-06-12,2022-06-15,CUST-8119,Rohan Gupta,48.0,Male,Corporate,South,Tamil Nadu,Office Supplies,Storage,File Cabinet,28.5,3,,10.24
ORD-102367,2023-10-16,2023-10-19,CUST-2705,Divya Singh,34.0,Female,Corporate,West,Rajasthan,Office Supplies,Labels,Address Labels,22.11,1,0.15,3.79
ORD-102368,2023-01-14,2023-01-16,CUST-9403,Suresh Gupta,36.0,Male,Consumer,South,Telangana,Technology,Accessories,Mechanical Keyboard,1924.17,5,0.3,29.51
ORD-102369,2024-03-27,2024-04-03,CUST-9665,Rahul Nair,29.0,Male,Consumer,North,Haryana,Furniture,Chairs,Recliner Lounge Chair,944.88,5,0.0,357.87
ORD-102370,2023-12-23,2023-12-28,CUST-4954,Rahul Reddy,20.0,Male,Corporate,West,Gujarat,Office Supplies,Storage,Desk Organizer,126.78,5,0.2,17.6
ORD-102371,2024-08-24,2024-08-27,CUST-3023,Aditya Sharma,26.0,Male,Consumer,West,Gujarat,Furniture,Chairs,Foldable Study Chair,753.22,6,0.1,134.2
ORD-102372,2024-02-06,2024-02-12,CUST-9691,Vikram Joshi,,Male,Consumer,South,Telangana,Technology,Accessories,USB-C Hub,4281.36,5,0.15,746.82
ORD-102373,2023-05-10,2023-05-12,CUST-3807,Arjun Joshi,29.0,Male,Corporate,East,Bihar,Technology,Phones,Cordless Landline,3486.61,4,0.2,265.58
ORD-102374,2024-01-10,2024-01-17,CUST-2941,Nikhil Reddy,44.0,Male,Consumer,North,Uttar Pradesh,Office Supplies,Labels,Address Labels,51.43,1,0.1,6.73
ORD-102375,2022-11-25,2022-11-30,CUST-6717,Shreya Verma,23.0,Female,Corporate,North,Haryana,Office Supplies,Paper,A4 Copy Paper Ream,57.2,1,0.3,3.77
ORD-102376,2022-12-15,2022-12-19,CUST-8468,Rahul Gupta,18.0,Male,Consumer,South,Tamil Nadu,Furniture,Bookcases,Corner Bookcase,3124.78,6,,305.47
ORD-102377,2024-06-10,2024-06-11,CUST-2681,Anita Reddy,50.0,Female,Corporate,North,Punjab,Furniture,Bookcases,Corner Bookcase,502.04,4,0.3,25.0
ORD-102378,2023-05-30,2023-06-05,CUST-6717,Shreya Verma,22.0,Female,Consumer,Central,Madhya Pradesh,Furniture,Furnishings,Table Lamp,1093.44,5,0.0,407.52
ORD-102379,2024-06-23,2024-06-25,CUST-2941,Nikhil Reddy,40.0,Male,Consumer,North,Punjab,Office Supplies,Binders,View Binder,15.46,3,0.3,1.03
ORD-102380,2024-07-25,2024-07-26,CUST-6717,Shreya Verma,22.0,Female,Consumer,Central,Chhattisgarh,Technology,Phones,Budget Smartphone S5,1721.3,2,0.1,567.14
ORD-102381,2024-09-08,2024-09-15,CUST-5482,Anita Reddy,37.0,Female,Corporate,West,Maharashtra,Technology,Accessories,Wireless Mouse,1355.86,3,0.1,149.06
ORD-102382,2024-11-07,2024-11-14,CUST-8468,Rahul Gupta,18.0,Male,Consumer,West,Gujarat,Office Supplies,Binders,View Binder,45.61,1,0.1,13.58
ORD-102383,2023-05-11,2023-05-15,CUST-2941,Nikhil Reddy,43.0,Male,Corporate,East,West Bengal,Technology,Copiers,Office Copier 200,657.23,1,0.3,28.29
ORD-102384,2022-12-23,2022-12-26,CUST-4380,Isha Rao,55.0,Female,Home Office,East,Bihar,Office Supplies,Labels,Shipping Labels,383.19,6,0.0,129.01
ORD-102385,2023-11-06,2023-11-09,CUST-4954,Rahul Reddy,22.0,Male,Home Office,North,Delhi,Office Supplies,Labels,Address Labels,300.88,5,0.3,-25.0
ORD-102386,2023-02-23,2023-02-28,CUST-4901,Anita Joshi,48.0,Female,Consumer,North,Punjab,Technology,Accessories,Mechanical Keyboard,122.91,1,0.1,17.91
ORD-102387,2023-11-20,2023-11-22,CUST-1987,Vikram Reddy,44.0,Male,Home Office,Central,Madhya Pradesh,Office Supplies,Art,Marker Set,74.7,1,0.15,15.36
ORD-102388,2024-02-25,2024-02-27,CUST-8359,Kavita Kapoor,28.0,Female,Consumer,West,Rajasthan,Office Supplies,Art,Sketch Pad,176.47,6,0.0,72.19
ORD-102389,2024-01-31,2024-02-07,CUST-1142,Aditya Mehta,25.0,Male,Corporate,East,Bihar,Office Supplies,Labels,Shipping Labels,397.66,7,0.2,65.21
ORD-102390,2023-02-28,2023-03-05,CUST-8202,Priya Nair,30.0,Female,Consumer,East,Odisha,Furniture,Furnishings,Wall Clock,711.12,3,0.3,26.24
ORD-102391,2022-08-09,2022-08-10,CUST-5482,Anita Reddy,39.0,Female,Corporate,South,Tamil Nadu,Office Supplies,Binders,View Binder,438.1,7,0.0,175.04
ORD-102392,2023-05-11,2023-05-14,CUST-8359,Kavita Kapoor,29.0,Female,Consumer,South,Kerala,Technology,Copiers,Office Copier 200,2334.22,6,0.0,
ORD-102393,2022-07-07,2022-07-10,CUST-5562,Anita Kapoor,33.0,Female,Corporate,West,Maharashtra,Technology,Machines,Label Maker,3392.9,5,0.2,15.44
ORD-102394,2024-10-13,2024-10-20,CUST-1757,Amit Reddy,32.0,Male,Home Office,South,Karnataka,Technology,Machines,Label Maker,242.23,1,0.0,57.25
ORD-102395,2023-01-18,2023-01-20,CUST-5311,Anita Rao,33.0,Female,Consumer,West,Rajasthan,Technology,Copiers,Compact Copier,1299.32,7,0.0,284.27
ORD-102396,2022-07-24,2022-07-31,CUST-4954,Rahul Reddy,23.0,Male,Consumer,East,West Bengal,Office Supplies,Art,Marker Set,85.86,3,0.15,4.65
ORD-102397,2022-02-05,2022-02-07,CUST-1069,Anita Patel,42.0,Female,Corporate,Central,Chhattisgarh,Office Supplies,Envelopes,Window Envelopes,69.01,6,0.1,14.65
ORD-102398,2023-12-19,2023-12-24,CUST-4901,Anita Joshi,45.0,Female,Home Office,South,Kerala,Office Supplies,Paper,Notebook Set,34.07,1,0.15,7.07
ORD-102399,2023-12-14,2023-12-18,CUST-3475,Sanjay Rao,30.0,Male,Home Office,Central,Madhya Pradesh,Office Supplies,Paper,Sticky Notes Pack,343.66,5,0.15,50.08
ORD-102400,2023-01-11,2023-01-12,CUST-9403,Suresh Gupta,38.0,Male,Consumer,Central,Chhattisgarh,Technology,Accessories,Mechanical Keyboard,365.24,2,0.0,78.72
ORD-102401,2022-04-08,2022-04-14,CUST-8359,Kavita Kapoor,29.0,Female,Consumer,North,Uttar Pradesh,Furniture,Tables,Round Side Table,2371.64,4,0.2,10.37
ORD-102402,2023-04-14,2023-04-18,CUST-3141,Vivek Mehta,39.0,Male,Consumer,East,West Bengal,Office Supplies,Binders,Clip Binder,68.85,7,0.0,27.58
ORD-102403,2022-12-18,2022-12-22,CUST-7696,Ritu Kapoor,27.0,Female,Consumer,East,Odisha,Technology,Accessories,Mechanical Keyboard,292.25,1,0.0,94.33
ORD-102404,2024-01-15,2024-01-17,CUST-8814,Kavita Singh,18.0,Female,Home Office,Central,Madhya Pradesh,Office Supplies,Labels,Address Labels,95.17,6,0.3,12.49
ORD-102405,2023-11-23,2023-11-25,CUST-4312,Amit Gupta,20.0,Male,Corporate,South,Tamil Nadu,Technology,Phones,Cordless Landline,245.07,2,0.3,6.6
ORD-102406,2023-02-14,2023-02-16,CUST-6278,Kavita Kapoor,18.0,Female,Consumer,North,Delhi,Furniture,Furnishings,Area Rug,360.09,4,0.1,61.3
ORD-102407,2022-10-08,2022-10-12,CUST-6980,Sanjay Rao,48.0,Male,Corporate,East,Odisha,Furniture,Chairs,Recliner Lounge Chair,1293.28,7,0.0,329.01
ORD-102408,2024-12-24,2024-12-31,CUST-5482,Anita Reddy,35.0,Female,Corporate,Central,Madhya Pradesh,Furniture,Bookcases,Ladder Bookshelf,2414.16,5,0.0,912.54
ORD-102409,2023-06-09,2023-06-10,CUST-4312,Amit Gupta,20.0,Male,Consumer,West,Rajasthan,Office Supplies,Binders,3-Ring Binder,197.21,4,0.4,-5.23
ORD-102410,2024-01-31,2024-02-07,CUST-1987,Vikram Reddy,43.0,Male,Consumer,Central,Chhattisgarh,Office Supplies,Storage,Desk Organizer,284.62,6,0.3,-8.36
ORD-102411,2022-07-05,2022-07-07,CUST-7696,Ritu Kapoor,26.0,Female,Home Office,East,West Bengal,Office Supplies,Storage,Storage Box Set,192.75,6,0.3,7.62
ORD-102412,2023-07-21,2023-07-24,CUST-1568,Meera Mehta,20.0,Female,Consumer,West,Rajasthan,Furniture,Bookcases,Corner Bookcase,645.69,2,0.0,284.13
ORD-102413,2022-02-08,2022-02-15,CUST-1585,Pooja Mehta,37.0,Female,Consumer,North,Haryana,Furniture,Tables,Glass Coffee Table,2118.89,4,0.4,-100.63
ORD-102414,2023-08-16,2023-08-17,CUST-3014,Nikhil Nair,40.0,Male,Consumer,East,Odisha,Office Supplies,Binders,3-Ring Binder,110.72,3,0.2,10.4
ORD-102415,2024-12-10,2024-12-13,CUST-1585,Pooja Mehta,36.0,Female,Consumer,South,Tamil Nadu,Technology,Machines,3D Printer Mini,4197.83,5,0.0,1108.77
ORD-102416,2023-03-13,2023-03-14,CUST-1036,Isha Sharma,21.0,Female,Consumer,East,Bihar,Furniture,Furnishings,Table Lamp,2087.15,4,0.1,539.32
ORD-102417,2022-02-25,2022-02-27,CUST-7420,Amit Patel,42.0,Male,Consumer,South,Tamil Nadu,Office Supplies,Art,Sketch Pad,109.29,7,0.15,19.26
ORD-102418,2022-02-13,2022-02-20,CUST-5311,Anita Rao,30.0,Female,Consumer,South,Tamil Nadu,Technology,Accessories,Mechanical Keyboard,781.73,7,0.2,8.71
ORD-102419,2023-03-17,2023-03-23,CUST-3892,Pooja Kapoor,24.0,Female,Consumer,East,West Bengal,Office Supplies,Paper,Sticky Notes Pack,57.37,1,0.15,15.52
ORD-102420,2022-07-31,2022-08-05,CUST-8468,Rahul Gupta,18.0,Male,Consumer,East,Odisha,Technology,Copiers,Compact Copier,5809.41,7,0.0,1482.11
ORD-102421,2022-02-02,2022-02-04,CUST-3475,Sanjay Rao,33.0,Male,Consumer,Central,Madhya Pradesh,Technology,Accessories,Wireless Mouse,3349.22,4,0.2,695.83
ORD-102422,2024-05-01,2024-05-05,CUST-7420,Amit Patel,44.0,Male,Corporate,South,Telangana,Office Supplies,Labels,Address Labels,87.17,2,0.0,30.48
ORD-102423,2023-06-15,2023-06-21,CUST-1069,Anita Patel,41.0,Female,Consumer,West,Rajasthan,Technology,Phones,Budget Smartphone S5,1982.09,5,0.4,-123.26
ORD-102424,2022-12-05,2022-12-09,CUST-1371,Priya Iyer,35.0,Female,Consumer,South,Tamil Nadu,Technology,Phones,Smartphone X12,3588.13,5,0.0,1214.61
ORD-102425,2024-10-23,2024-10-24,CUST-3343,Nikhil Joshi,45.0,Male,Corporate,South,Tamil Nadu,Furniture,Tables,Oak Dining Table,346.18,1,0.0,112.07
ORD-102426,2022-06-03,2022-06-07,CUST-1425,Sanjay Gupta,49.0,Male,Consumer,South,Telangana,Furniture,Chairs,Executive Leather Chair,322.72,1,0.1,71.11
ORD-102427,2024-12-05,2024-12-11,CUST-3892,Pooja Kapoor,22.0,Female,Consumer,South,Kerala,Office Supplies,Art,Marker Set,76.14,2,0.3,-1.68
ORD-102428,2022-12-20,2022-12-26,CUST-6278,Kavita Kapoor,18.0,Female,Consumer,South,Tamil Nadu,Furniture,Furnishings,Table Lamp,1914.77,4,0.15,279.65
ORD-102429,2024-10-12,2024-10-14,CUST-8697,Anita Kapoor,39.0,Female,Consumer,North,Punjab,Office Supplies,Labels,Address Labels,75.58,1,0.4,-11.02
ORD-102430,2023-11-21,2023-11-24,CUST-4608,Aditya Verma,32.0,Male,Home Office,West,Maharashtra,Technology,Phones,Smartphone X12,229.32,1,0.0,50.5
ORD-102431,2024-07-31,2024-08-02,CUST-6278,Kavita Kapoor,18.0,Female,Consumer,South,Karnataka,Furniture,Bookcases,5-Shelf Bookcase,1483.67,4,0.0,394.71
ORD-102432,2024-12-22,2024-12-23,CUST-7276,Rohan Kapoor,31.0,Male,Consumer,North,Delhi,Office Supplies,Paper,Notebook Set,78.29,3,0.1,11.77
ORD-102433,2022-12-04,2022-12-08,CUST-7276,Rohan Kapoor,34.0,Male,Corporate,East,Bihar,Office Supplies,Labels,Address Labels,116.43,3,0.3,2.2
ORD-102434,2024-12-08,2024-12-11,CUST-5370,Aditya Patel,36.0,Male,Consumer,West,Maharashtra,Technology,Copiers,Office Copier 200,3375.67,7,0.0,1492.53
ORD-102435,2023-03-19,2023-03-26,CUST-2588,Anita Reddy,30.0,Female,Corporate,Central,Chhattisgarh,Office Supplies,Art,Sketch Pad,47.72,2,0.3,6.28
ORD-102436,2023-03-14,2023-03-19,CUST-1499,Arjun Verma,37.0,Male,Consumer,North,Delhi,Furniture,Chairs,Executive Leather Chair,2862.79,6,0.15,522.91
ORD-102437,2023-01-10,2023-01-16,CUST-2348,Ritu Sharma,22.0,Female,Corporate,North,Haryana,Technology,Machines,3D Printer Mini,3309.26,4,0.0,1414.84
ORD-102438,2023-09-28,2023-10-01,CUST-4984,Arjun Iyer,52.0,Male,Corporate,West,Maharashtra,Office Supplies,Envelopes,Mailing Envelopes,202.84,5,0.3,17.43
ORD-102439,2022-07-23,2022-07-30,CUST-1425,Sanjay Gupta,45.0,Male,Consumer,West,Gujarat,Office Supplies,Binders,View Binder,35.65,4,0.0,15.96
ORD-102440,2023-10-11,2023-10-14,CUST-2588,Anita Reddy,34.0,Female,Home Office,Central,Madhya Pradesh,Furniture,Bookcases,5-Shelf Bookcase,950.17,2,0.3,127.36
ORD-102441,2023-09-29,2023-10-01,CUST-8300,Neha Iyer,18.0,Female,Consumer,Central,Madhya Pradesh,Technology,Copiers,Office Copier 200,1626.92,5,0.0,640.86
ORD-102442,2024-05-08,2024-05-15,CUST-1069,Anita Patel,44.0,Female,Consumer,West,Maharashtra,Office Supplies,Envelopes,Mailing Envelopes,234.0,7,0.1,57.51
ORD-102443,2024-08-09,2024-08-14,CUST-5689,Vikram Joshi,40.0,Male,Consumer,East,Odisha,Furniture,Chairs,Ergo Mesh Office Chair,949.33,5,0.2,50.96
ORD-102444,2023-05-23,2023-05-29,CUST-3312,Aditya Singh,39.0,Male,Corporate,Central,Chhattisgarh,Furniture,Chairs,Foldable Study Chair,3101.29,7,0.3,-75.2
ORD-102445,2022-12-13,2022-12-14,CUST-9934,Arjun Reddy,28.0,Male,Home Office,South,Telangana,Office Supplies,Binders,3-Ring Binder,81.98,6,0.2,20.31
ORD-102446,2022-11-14,2022-11-15,CUST-7975,Arjun Patel,36.0,Male,Home Office,Central,Madhya Pradesh,Furniture,Chairs,Ergo Mesh Office Chair,1408.43,5,0.0,548.14
ORD-102447,2022-09-13,2022-09-16,CUST-2681,Anita Reddy,50.0,Female,Home Office,Central,Madhya Pradesh,Furniture,Bookcases,Corner Bookcase,3025.05,7,0.3,122.46
ORD-102448,2022-03-21,2022-03-28,CUST-2019,Priya Kapoor,29.0,Female,Corporate,Central,Madhya Pradesh,Office Supplies,Envelopes,Window Envelopes,94.36,2,0.2,2.63
ORD-102449,2023-01-13,2023-01-16,CUST-6544,Amit Mehta,36.0,Male,Consumer,East,Odisha,Technology,Phones,Cordless Landline,324.34,1,0.2,30.25
ORD-102450,2022-11-22,2022-11-26,CUST-9934,Arjun Reddy,26.0,Male,Consumer,South,Kerala,Furniture,Tables,Glass Coffee Table,1026.47,7,0.15,229.63
ORD-102451,2024-12-11,2024-12-16,CUST-1069,Anita Patel,40.0,Female,Consumer,West,Rajasthan,Office Supplies,Storage,Storage Box Set,413.77,7,0.0,97.01
ORD-102452,2023-10-15,2023-10-21,CUST-8643,Isha Nair,23.0,Female,Corporate,West,Rajasthan,Furniture,Bookcases,Ladder Bookshelf,2154.08,6,0.0,957.93
ORD-102453,2023-01-20,2023-01-23,CUST-9934,Arjun Reddy,29.0,Male,Consumer,West,Rajasthan,Office Supplies,Labels,Address Labels,167.24,4,0.2,14.68
ORD-102454,2023-11-05,2023-11-09,CUST-4984,Arjun Iyer,52.0,Male,Corporate,South,Kerala,Office Supplies,Envelopes,Window Envelopes,368.92,7,0.1,81.29
ORD-102455,2022-07-03,2022-07-10,CUST-8697,Anita Kapoor,37.0,Female,Consumer,West,Maharashtra,Office Supplies,Storage,Desk Organizer,373.81,7,0.15,19.11
ORD-102456,2023-05-27,2023-06-01,CUST-1199,Nikhil Joshi,39.0,Male,Consumer,East,Bihar,Technology,Copiers,Office Copier 200,861.49,5,0.0,319.83
ORD-102457,2023-12-07,2023-12-13,CUST-1199,Nikhil Joshi,37.0,Male,Home Office,Central,Madhya Pradesh,Office Supplies,Storage,File Cabinet,135.78,4,0.4,-15.35
ORD-102458,2023-07-25,2023-07-26,CUST-3251,Pooja Rao,39.0,Female,Corporate,Central,Chhattisgarh,Furniture,Tables,Round Side Table,638.38,6,0.15,183.18
ORD-102459,2023-04-04,2023-04-08,CUST-1199,Nikhil Joshi,38.0,Male,Home Office,West,Maharashtra,Technology,Phones,Cordless Landline,2345.24,3,0.4,-406.06
ORD-102460,2024-12-28,2025-01-04,CUST-4903,Priya Patel,42.0,Female,Home Office,East,Odisha,Office Supplies,Envelopes,Mailing Envelopes,412.35,7,0.1,106.02
ORD-102461,2024-10-04,2024-10-09,CUST-1548,Vikram Patel,27.0,Male,Consumer,North,Punjab,Technology,Copiers,Office Copier 200,677.85,1,0.0,262.23
ORD-102462,2023-12-05,2023-12-09,CUST-2588,Anita Reddy,32.0,Female,Consumer,West,Gujarat,Office Supplies,Binders,Clip Binder,340.68,6,0.1,54.42
ORD-102463,2023-10-27,2023-10-30,CUST-2588,Anita Reddy,34.0,Female,Consumer,East,West Bengal,Office Supplies,Paper,Notebook Set,554.9,7,0.3,-22.37
ORD-102464,2023-12-04,2023-12-06,CUST-2681,Anita Reddy,50.0,Female,Corporate,South,Karnataka,Furniture,Tables,Glass Coffee Table,1130.07,2,0.0,235.64
ORD-102465,2022-09-20,2022-09-21,CUST-8643,Isha Nair,24.0,Female,Consumer,West,Maharashtra,Technology,Phones,Budget Smartphone S5,852.89,1,0.3,-51.29
ORD-102466,2023-03-27,2023-03-30,CUST-5689,Vikram Joshi,44.0,Male,Corporate,West,Rajasthan,Office Supplies,Envelopes,Window Envelopes,26.37,1,0.15,1.64
ORD-102467,2022-02-25,2022-02-28,CUST-7214,Shreya Patel,40.0,Female,Consumer,West,Gujarat,Technology,Copiers,Compact Copier,137.9,1,0.0,58.72
ORD-102468,2023-07-07,2023-07-14,CUST-4723,Rahul Rao,31.0,Male,Consumer,South,Tamil Nadu,Office Supplies,Labels,Shipping Labels,66.48,4,0.15,9.05
ORD-102469,2023-09-30,2023-10-07,CUST-8706,Karan Iyer,25.0,Male,Consumer,West,Maharashtra,Technology,Phones,Smartphone X12,4621.79,6,0.1,1217.29
ORD-102470,2022-10-18,2022-10-23,CUST-1425,Sanjay Gupta,45.0,Male,Consumer,East,Bihar,Office Supplies,Envelopes,Mailing Envelopes,342.76,6,,119.12
ORD-102471,2024-12-10,2024-12-17,CUST-2588,Anita Reddy,30.0,Female,Corporate,North,Punjab,Office Supplies,Paper,Sticky Notes Pack,65.77,2,0.1,16.4
ORD-102472,2024-11-01,2024-11-05,CUST-5689,Vikram Joshi,44.0,Male,Consumer,North,Uttar Pradesh,Technology,Machines,3D Printer Mini,1011.16,3,0.2,67.68
ORD-102473,2024-03-18,2024-03-19,CUST-1023,Arjun Gupta,20.0,Male,Home Office,North,Uttar Pradesh,Furniture,Tables,Glass Coffee Table,386.02,3,0.3,-17.27
ORD-102474,2023-09-19,2023-09-22,CUST-1425,Sanjay Gupta,48.0,Male,Corporate,East,Odisha,Office Supplies,Paper,Notebook Set,38.27,1,0.2,8.61
ORD-102475,2024-09-22,2024-09-27,CUST-8300,Neha Iyer,18.0,Female,Consumer,Central,Chhattisgarh,Technology,Accessories,Webcam HD,2035.0,3,0.2,437.52
ORD-102476,2022-06-21,2022-06-22,CUST-1300,Neha Joshi,24.0,Female,Home Office,South,Kerala,Office Supplies,Art,Sketch Pad,114.66,2,0.15,33.88
ORD-102477,2024-06-12,2024-06-19,CUST-1106,Meera Iyer,41.0,Female,Corporate,North,Punjab,Technology,Copiers,Compact Copier,563.14,1,0.1,140.53
ORD-102478,2022-06-14,2022-06-21,CUST-9994,Vivek Kapoor,36.0,Male,Consumer,North,Punjab,Office Supplies,Labels,Shipping Labels,70.59,2,0.0,18.32
ORD-102479,2024-06-17,2024-06-21,CUST-2617,Isha Kapoor,29.0,Female,Consumer,Central,Madhya Pradesh,Furniture,Bookcases,Corner Bookcase,2336.86,4,0.0,753.26
ORD-102480,2022-11-26,2022-12-03,CUST-6317,Vivek Gupta,54.0,Male,Home Office,North,Haryana,Furniture,Furnishings,Curtain Set,1712.58,3,0.15,469.29
ORD-102481,2024-10-01,2024-10-04,CUST-1023,Arjun Gupta,22.0,Male,Corporate,East,West Bengal,Technology,Machines,Laser Printer,685.72,1,0.4,-6.82
ORD-102482,2024-11-27,2024-12-03,CUST-7179,Divya Verma,46.0,Female,Consumer,East,Bihar,Technology,Copiers,Office Copier 200,3012.49,6,0.15,579.33
ORD-102483,2022-07-16,2022-07-19,CUST-5003,Sanjay Verma,31.0,Male,Corporate,West,Gujarat,Furniture,Furnishings,Wall Clock,287.36,2,0.2,71.45
ORD-102484,2023-06-20,2023-06-23,CUST-6151,Isha Rao,19.0,Female,Corporate,West,Maharashtra,Office Supplies,Paper,Notebook Set,542.94,7,0.0,141.95
ORD-102485,2024-12-20,2024-12-27,CUST-5997,Vikram Sharma,24.0,Male,Consumer,South,Telangana,Office Supplies,Binders,3-Ring Binder,159.54,6,0.2,31.44
ORD-102486,2023-07-18,2023-07-19,CUST-5080,Vikram Joshi,24.0,Male,Home Office,West,Rajasthan,Office Supplies,Binders,View Binder,39.46,1,0.4,-6.43
ORD-102487,2024-09-15,2024-09-22,CUST-3251,Pooja Rao,35.0,Female,Consumer,North,Uttar Pradesh,Office Supplies,Storage,Storage Box Set,214.08,5,0.2,7.66
ORD-102488,2023-11-11,2023-11-12,CUST-9946,Anjali Sharma,29.0,Female,Consumer,West,Maharashtra,Office Supplies,Envelopes,Mailing Envelopes,419.8,7,0.2,54.89
ORD-102489,2023-03-01,2023-03-02,CUST-7090,Kavita Verma,18.0,Female,Consumer,North,Uttar Pradesh,Furniture,Bookcases,Corner Bookcase,775.81,2,0.15,123.64
ORD-102490,2022-12-03,2022-12-04,CUST-9742,Aditya Verma,50.0,Male,Consumer,North,Uttar Pradesh,Technology,Accessories,Wireless Mouse,671.2,1,0.0,267.14
ORD-102491,2022-09-22,2022-09-27,CUST-3549,Kavita Gupta,43.0,Female,Consumer,North,Haryana,Office Supplies,Paper,Sticky Notes Pack,263.69,4,0.3,-4.18
ORD-102492,2024-05-08,2024-05-10,CUST-9412,Isha Reddy,33.0,Female,Corporate,North,Haryana,Furniture,Chairs,Ergo Mesh Office Chair,2826.89,5,0.15,355.87
ORD-102493,2023-03-16,2023-03-23,CUST-2936,Rahul Reddy,29.0,Male,Home Office,Central,Chhattisgarh,Office Supplies,Art,Sketch Pad,170.13,6,0.2,9.42
ORD-102494,2023-08-24,2023-08-29,CUST-6915,Amit Sharma,37.0,Male,Home Office,East,West Bengal,Office Supplies,Paper,A4 Copy Paper Ream,103.91,5,0.1,11.15
ORD-102495,2023-07-30,2023-08-02,CUST-1178,Pooja Verma,31.0,Female,Consumer,South,Kerala,Furniture,Chairs,Recliner Lounge Chair,742.44,4,0.0,210.48
ORD-102496,2023-11-03,2023-11-08,CUST-7583,Vikram Mehta,29.0,Male,Consumer,North,Uttar Pradesh,Office Supplies,Storage,Storage Box Set,44.37,6,0.0,14.05
ORD-102497,2024-09-17,2024-09-21,CUST-1178,Pooja Verma,33.0,Female,Corporate,East,Odisha,Furniture,Tables,Adjustable Standing Desk,905.13,6,0.15,250.08
ORD-102498,2024-12-20,2024-12-26,CUST-8468,Rahul Gupta,18.0,Male,Corporate,South,Tamil Nadu,Furniture,Furnishings,Table Lamp,484.82,3,0.0,113.19
ORD-102499,2023-04-12,2023-04-13,CUST-3251,Pooja Rao,37.0,Female,Consumer,West,Gujarat,Furniture,Tables,Adjustable Standing Desk,1001.48,3,0.0,240.12
ORD-102500,2024-08-01,2024-08-08,CUST-4402,Nikhil Singh,31.0,Male,Corporate,South,Kerala,Office Supplies,Paper,Notebook Set,382.97,5,0.15,26.14
ORD-102501,2024-05-11,2024-05-15,CUST-6915,Amit Sharma,37.0,Male,Corporate,South,Tamil Nadu,Technology,Accessories,USB-C Hub,883.25,6,0.15,231.53
ORD-102502,2023-10-31,2023-11-07,CUST-8147,Amit Joshi,25.0,Male,Corporate,East,Odisha,Furniture,Chairs,Ergo Mesh Office Chair,1722.23,6,0.4,-340.16
ORD-102503,2024-12-05,2024-12-11,CUST-3139,Priya Reddy,40.0,Female,Home Office,West,Rajasthan,Furniture,Furnishings,Wall Clock,1252.76,7,0.1,355.05
ORD-102504,2022-09-19,2022-09-23,CUST-9128,Sneha Kapoor,44.0,Female,Consumer,South,Karnataka,Technology,Phones,Cordless Landline,592.11,4,0.0,158.42
ORD-102505,2022-05-25,2022-06-01,CUST-7090,Kavita Verma,18.0,Female,Consumer,South,Kerala,Technology,Accessories,USB-C Hub,1796.54,7,0.15,116.81
ORD-102506,2024-09-04,2024-09-07,CUST-2242,Vivek Singh,37.0,Male,Consumer,East,West Bengal,Technology,Phones,Cordless Landline,3789.2,5,0.1,1084.77
ORD-102507,2023-05-21,2023-05-22,CUST-2242,Vivek Singh,39.0,Male,Home Office,North,Haryana,Technology,Machines,Label Maker,406.5,5,0.15,82.03
ORD-102508,2024-08-26,2024-08-30,CUST-2242,Vivek Singh,38.0,Male,Consumer,West,Gujarat,Furniture,Bookcases,5-Shelf Bookcase,1780.58,6,0.2,223.98
ORD-102509,2024-10-16,2024-10-19,CUST-6236,Divya Rao,41.0,Female,Home Office,South,Telangana,Technology,Machines,Laser Printer,1907.71,5,0.2,333.56
ORD-102510,2022-03-27,2022-03-28,CUST-6236,Divya Rao,43.0,Female,Consumer,West,Gujarat,Furniture,Bookcases,Ladder Bookshelf,1325.11,4,0.0,577.03
ORD-102511,2024-10-07,2024-10-09,CUST-9581,Divya Kapoor,46.0,Female,Home Office,North,Haryana,Office Supplies,Binders,3-Ring Binder,198.15,3,0.15,43.26
ORD-102512,2023-06-02,2023-06-05,CUST-6236,Divya Rao,44.0,Female,Consumer,Central,Chhattisgarh,Office Supplies,Envelopes,Window Envelopes,226.35,5,0.15,42.37
ORD-102513,2023-08-23,2023-08-28,CUST-4402,Nikhil Singh,30.0,Male,Consumer,Central,Chhattisgarh,Technology,Accessories,USB-C Hub,617.02,2,0.4,-95.03
ORD-102514,2023-12-07,2023-12-14,CUST-3433,Rahul Sharma,30.0,Male,Consumer,South,Kerala,Technology,Phones,Cordless Landline,923.77,3,0.0,185.54
ORD-102515,2024-11-14,2024-11-15,CUST-2242,Vivek Singh,36.0,Male,Corporate,Central,Madhya Pradesh,Office Supplies,Labels,Shipping Labels,463.17,6,0.3,-0.08
ORD-102516,2022-01-27,2022-01-31,CUST-7090,Kavita Verma,18.0,Female,Consumer,South,Telangana,Office Supplies,Binders,3-Ring Binder,392.49,6,0.1,121.74
ORD-102517,2023-07-09,2023-07-15,CUST-6236,Divya Rao,40.0,Female,Corporate,East,West Bengal,Furniture,Tables,Glass Coffee Table,314.51,1,0.0,66.57
ORD-102518,2024-01-30,2024-02-03,CUST-7051,Sneha Verma,26.0,Female,Home Office,South,Karnataka,Technology,Accessories,USB-C Hub,2605.47,5,0.2,59.9
ORD-102519,2024-03-19,2024-03-24,CUST-5080,Vikram Joshi,21.0,Male,Corporate,North,Haryana,Technology,Copiers,Compact Copier,172.93,3,0.2,30.97
ORD-102520,2024-02-06,2024-02-13,CUST-5875,Divya Joshi,41.0,Female,Consumer,South,Telangana,Office Supplies,Storage,Desk Organizer,127.07,2,0.2,10.28
ORD-102521,2022-06-26,2022-07-01,CUST-5689,Vikram Joshi,41.0,Male,Consumer,Central,Chhattisgarh,Technology,Accessories,USB-C Hub,1586.66,2,0.1,316.14
ORD-102522,2022-12-11,2022-12-15,CUST-7839,Neha Patel,28.0,Female,Consumer,West,Maharashtra,Office Supplies,Labels,Shipping Labels,46.32,5,0.15,5.43
ORD-102523,2023-02-05,2023-02-12,CUST-2242,Vivek Singh,35.0,Male,Consumer,North,Haryana,Furniture,Bookcases,5-Shelf Bookcase,387.17,2,0.0,
ORD-102524,2024-06-30,2024-07-06,CUST-1108,Nikhil Joshi,32.0,Male,Corporate,South,Tamil Nadu,Technology,Phones,Budget Smartphone S5,1672.96,4,0.2,77.37
ORD-102525,2022-11-28,2022-11-29,CUST-1959,Divya Singh,24.0,Female,Consumer,North,Punjab,Office Supplies,Paper,A4 Copy Paper Ream,261.48,6,0.1,38.1
ORD-102526,2022-10-01,2022-10-08,CUST-9742,Aditya Verma,50.0,Male,Home Office,East,West Bengal,Office Supplies,Paper,Notebook Set,58.66,2,0.0,15.45
ORD-102527,2024-12-06,2024-12-09,CUST-6120,Meera Patel,35.0,Female,Consumer,West,Maharashtra,Office Supplies,Paper,Sticky Notes Pack,143.76,3,0.0,61.78
ORD-102528,2022-01-13,2022-01-20,CUST-7156,Rahul Mehta,28.0,Male,Corporate,West,Rajasthan,Office Supplies,Labels,Shipping Labels,215.11,3,0.2,50.45
ORD-102529,2024-12-30,2025-01-04,CUST-7839,Neha Patel,27.0,Female,Corporate,South,Kerala,Furniture,Chairs,Ergo Mesh Office Chair,755.87,5,0.0,226.71
ORD-102530,2024-01-15,2024-01-20,CUST-2340,Priya Mehta,31.0,Female,Consumer,East,Odisha,Furniture,Bookcases,5-Shelf Bookcase,714.87,7,0.15,89.75
ORD-102531,2024-08-02,2024-08-07,CUST-7282,Anita Nair,37.0,Female,Consumer,South,Telangana,Office Supplies,Paper,Notebook Set,68.68,1,0.0,26.35
ORD-102532,2022-12-08,2022-12-14,CUST-7749,Anjali Nair,22.0,Female,Home Office,North,Delhi,Office Supplies,Paper,A4 Copy Paper Ream,91.06,4,0.0,22.87
ORD-102533,2022-01-20,2022-01-27,CUST-2646,Isha Patel,35.0,Female,Consumer,South,Kerala,Furniture,Chairs,Executive Leather Chair,883.6,3,0.1,192.58
ORD-102534,2024-04-07,2024-04-14,CUST-7090,Kavita Verma,18.0,Female,Corporate,Central,Madhya Pradesh,Office Supplies,Labels,Address Labels,192.07,6,0.15,12.6
ORD-102535,2024-08-10,2024-08-12,CUST-2340,Priya Mehta,30.0,Female,Corporate,South,Kerala,Office Supplies,Storage,Desk Organizer,62.13,4,0.0,21.0
ORD-102536,2024-04-11,2024-04-17,CUST-2242,Vivek Singh,36.0,Male,Corporate,Central,Chhattisgarh,Office Supplies,Envelopes,Window Envelopes,117.92,7,0.2,11.23
ORD-102537,2022-07-08,2022-07-09,CUST-5814,Aditya Kapoor,33.0,Male,Consumer,North,Delhi,Office Supplies,Binders,Clip Binder,68.27,4,0.1,22.6
ORD-102538,2024-04-27,2024-04-28,CUST-5689,Vikram Joshi,42.0,Male,Consumer,West,Gujarat,Office Supplies,Paper,Notebook Set,87.12,5,0.2,19.61
ORD-102539,2024-05-16,2024-05-17,CUST-5080,Vikram Joshi,23.0,Male,Consumer,South,Kerala,Office Supplies,Binders,Clip Binder,286.43,5,0.1,74.61
ORD-102540,2023-12-27,2023-12-28,CUST-5659,Ritu Iyer,60.0,Female,Consumer,West,Maharashtra,Furniture,Chairs,Executive Leather Chair,476.33,1,0.0,176.98
ORD-102541,2024-05-13,2024-05-14,CUST-5725,Shreya Joshi,52.0,Female,Corporate,North,Punjab,Furniture,Furnishings,Table Lamp,632.63,6,0.0,159.07
ORD-102542,2024-08-25,2024-08-29,CUST-2242,Vivek Singh,38.0,Male,Consumer,South,Kerala,Furniture,Bookcases,5-Shelf Bookcase,180.16,1,0.0,71.38
ORD-102543,2023-11-29,2023-12-04,CUST-2646,Isha Patel,35.0,Female,Home Office,East,West Bengal,Furniture,Bookcases,Corner Bookcase,3439.76,7,0.2,686.91
ORD-102544,2022-04-30,2022-05-06,CUST-9581,Divya Kapoor,46.0,Female,Home Office,East,West Bengal,Technology,Phones,Smartphone X12,619.16,5,0.0,240.14
ORD-102545,2023-07-24,2023-07-28,CUST-1459,Ritu Rao,52.0,Female,Home Office,Central,Chhattisgarh,Technology,Phones,Cordless Landline,462.48,6,0.2,0.81
ORD-102546,2022-04-16,2022-04-22,CUST-8280,Shreya Sharma,36.0,Female,Corporate,South,Tamil Nadu,Furniture,Chairs,Ergo Mesh Office Chair,3632.02,7,0.15,614.23
ORD-102547,2023-04-12,2023-04-14,CUST-1011,Amit Gupta,45.0,Male,Corporate,East,West Bengal,Office Supplies,Labels,Shipping Labels,326.23,5,0.1,48.04
ORD-102548,2023-04-11,2023-04-18,CUST-2500,Suresh Patel,24.0,Male,Corporate,South,Telangana,Office Supplies,Labels,Address Labels,445.76,6,0.2,32.75
ORD-102549,2022-04-01,2022-04-04,CUST-9348,Aditya Singh,46.0,Male,Consumer,South,Tamil Nadu,Office Supplies,Paper,A4 Copy Paper Ream,211.41,5,0.0,84.91
ORD-102550,2023-01-22,2023-01-27,CUST-2340,Priya Mehta,30.0,Female,Consumer,North,Haryana,Office Supplies,Binders,3-Ring Binder,400.81,6,0.0,102.53
ORD-102551,2022-05-27,2022-05-29,CUST-5875,Divya Joshi,43.0,Female,Consumer,South,Tamil Nadu,Furniture,Bookcases,5-Shelf Bookcase,160.58,2,0.1,53.12
ORD-102552,2024-07-06,2024-07-10,CUST-6100,Nikhil Mehta,45.0,Male,Home Office,Central,Chhattisgarh,Office Supplies,Labels,Address Labels,309.45,7,0.2,56.15
ORD-102553,2024-11-29,2024-12-02,CUST-5689,Vikram Joshi,42.0,Male,Consumer,North,Punjab,Office Supplies,Labels,Shipping Labels,64.62,3,0.0,21.68
ORD-102554,2022-04-09,2022-04-16,CUST-7903,Vikram Nair,29.0,Male,Corporate,South,Telangana,Furniture,Bookcases,5-Shelf Bookcase,635.97,3,0.0,193.67
ORD-102555,2024-12-04,2024-12-06,CUST-3618,Nikhil Mehta,30.0,Male,Consumer,North,Punjab,Technology,Copiers,Office Copier 200,156.3,1,0.1,34.55
ORD-102556,2023-09-07,2023-09-14,CUST-8390,Vivek Reddy,,Male,Corporate,East,West Bengal,Office Supplies,Paper,Sticky Notes Pack,172.56,6,0.1,50.37
ORD-102557,2022-12-11,2022-12-18,CUST-5722,Nikhil Reddy,60.0,Male,Corporate,North,Delhi,Office Supplies,Art,Sketch Pad,146.74,3,0.1,37.99
ORD-102558,2022-04-15,2022-04-21,CUST-1472,Amit Mehta,20.0,Male,Consumer,West,Maharashtra,Furniture,Chairs,Recliner Lounge Chair,1115.98,5,0.1,341.11
ORD-102559,2023-08-10,2023-08-13,CUST-6100,Nikhil Mehta,45.0,Male,Corporate,North,Haryana,Office Supplies,Paper,A4 Copy Paper Ream,341.47,6,0.0,95.75
ORD-102560,2024-06-18,2024-06-24,CUST-7001,Neha Verma,48.0,Female,Corporate,North,Punjab,Technology,Copiers,Office Copier 200,6044.14,7,0.0,1886.56
ORD-102561,2024-02-27,2024-03-05,CUST-5076,Neha Gupta,39.0,Female,Consumer,North,Punjab,Furniture,Chairs,Executive Leather Chair,1033.1,2,0.0,315.43
ORD-102562,2022-03-11,2022-03-13,CUST-8444,Amit Reddy,19.0,Male,Home Office,North,Delhi,Office Supplies,Binders,Clip Binder,542.4,7,0.1,95.55
ORD-102563,2022-04-10,2022-04-17,CUST-7001,Neha Verma,46.0,Female,Home Office,Central,Madhya Pradesh,Office Supplies,Paper,Sticky Notes Pack,212.09,3,0.0,68.82
ORD-102564,2023-04-06,2023-04-10,CUST-3154,Amit Joshi,31.0,Male,Home Office,East,Bihar,Furniture,Bookcases,Ladder Bookshelf,1434.8,3,0.0,309.73
ORD-102565,2022-12-08,2022-12-15,CUST-5581,Rohan Reddy,41.0,Male,Corporate,West,Gujarat,Furniture,Chairs,Foldable Study Chair,1196.48,6,0.15,307.67
ORD-102566,2022-10-23,2022-10-29,CUST-7839,Neha Patel,28.0,Female,Consumer,East,West Bengal,Office Supplies,Paper,A4 Copy Paper Ream,57.38,2,0.2,14.17
ORD-102567,2022-11-30,2022-12-03,CUST-5581,Rohan Reddy,42.0,Male,Consumer,North,Uttar Pradesh,Furniture,Chairs,Recliner Lounge Chair,1081.26,4,0.0,393.21
ORD-102568,2024-06-29,2024-07-01,CUST-2340,Priya Mehta,,Female,Consumer,East,West Bengal,Office Supplies,Art,Sketch Pad,154.69,2,0.15,13.04
ORD-102569,2024-11-16,2024-11-22,CUST-6100,Nikhil Mehta,48.0,Male,Consumer,East,West Bengal,Technology,Copiers,Office Copier 200,159.69,3,0.0,56.74
ORD-102570,2023-04-09,2023-04-16,CUST-4444,Manish Iyer,29.0,Male,Home Office,Central,Madhya Pradesh,Furniture,Tables,Adjustable Standing Desk,591.19,1,0.1,148.38
ORD-102571,2024-10-29,2024-11-02,CUST-5352,Rohan Joshi,42.0,Male,Consumer,North,Punjab,Furniture,Bookcases,Corner Bookcase,1271.28,3,0.3,100.55
ORD-102572,2022-12-24,2022-12-29,CUST-7839,Neha Patel,27.0,Female,Consumer,South,Tamil Nadu,Office Supplies,Art,Marker Set,63.56,2,0.0,15.29
ORD-102573,2023-07-08,2023-07-12,CUST-8375,Manish Patel,41.0,Male,Consumer,Central,Madhya Pradesh,Office Supplies,Paper,Notebook Set,32.73,2,0.15,8.49
ORD-102574,2022-10-16,2022-10-23,CUST-5865,Amit Singh,18.0,Male,Consumer,South,Karnataka,Furniture,Tables,Round Side Table,2406.06,6,0.1,293.66
ORD-102575,2023-12-16,2023-12-20,CUST-4098,Pooja Joshi,22.0,Female,Corporate,South,Karnataka,Office Supplies,Storage,Desk Organizer,526.25,7,0.0,199.37
ORD-102576,2024-12-19,2024-12-24,CUST-7839,Neha Patel,27.0,Female,Corporate,North,Delhi,Technology,Copiers,Compact Copier,839.16,1,0.15,80.17
ORD-102577,2023-11-22,2023-11-26,CUST-4765,Pooja Kapoor,34.0,Female,Home Office,Central,Madhya Pradesh,Furniture,Chairs,Recliner Lounge Chair,979.07,2,0.0,333.99
ORD-102578,2023-02-04,2023-02-09,CUST-8909,Anita Verma,33.0,Female,Corporate,Central,Chhattisgarh,Furniture,Chairs,Ergo Mesh Office Chair,787.16,6,0.0,278.56
ORD-102579,2023-12-20,2023-12-27,CUST-3102,Neha Patel,48.0,Female,Home Office,West,Rajasthan,Furniture,Bookcases,Ladder Bookshelf,2986.78,6,0.0,1080.9
ORD-102580,2022-06-12,2022-06-17,CUST-4444,Manish Iyer,25.0,Male,Consumer,Central,Madhya Pradesh,Furniture,Tables,Round Side Table,625.57,2,0.1,68.56
ORD-102581,2024-10-12,2024-10-18,CUST-5875,Divya Joshi,42.0,Female,Consumer,Central,Chhattisgarh,Office Supplies,Storage,Desk Organizer,19.65,1,0.1,2.9
ORD-102582,2023-08-13,2023-08-19,CUST-7090,Kavita Verma,18.0,Female,Corporate,East,West Bengal,Technology,Accessories,Wireless Mouse,285.82,1,0.0,60.18
ORD-102583,2023-06-03,2023-06-08,CUST-3552,Meera Singh,50.0,Female,Corporate,West,Maharashtra,Office Supplies,Storage,File Cabinet,90.96,2,0.1,12.16
ORD-102584,2023-11-09,2023-11-11,CUST-5944,Shreya Nair,28.0,Female,Home Office,West,Gujarat,Technology,Accessories,USB-C Hub,3953.83,6,0.2,246.5
ORD-102585,2023-12-06,2023-12-09,CUST-8375,Manish Patel,40.0,Male,Corporate,East,Odisha,Furniture,Bookcases,Corner Bookcase,1103.15,2,0.1,362.49
ORD-102586,2022-04-08,2022-04-10,CUST-5076,Neha Gupta,35.0,Female,Consumer,South,Kerala,Technology,Machines,3D Printer Mini,319.11,1,0.4,-27.94
ORD-102587,2024-01-23,2024-01-28,CUST-5076,Neha Gupta,37.0,Female,Consumer,North,Punjab,Furniture,Furnishings,Curtain Set,679.65,2,0.0,201.37
ORD-102588,2022-11-01,2022-11-04,CUST-7607,Arjun Mehta,18.0,Male,Corporate,North,Haryana,Office Supplies,Envelopes,Window Envelopes,69.3,7,0.0,24.58
ORD-102589,2024-03-07,2024-03-13,CUST-7728,Ritu Iyer,51.0,Female,Consumer,Central,Chhattisgarh,Technology,Copiers,Compact Copier,2479.17,3,0.0,1044.69
ORD-102590,2024-07-25,2024-07-28,CUST-3174,Aditya Gupta,26.0,Male,Consumer,South,Kerala,Technology,Accessories,Mechanical Keyboard,4128.8,5,0.15,512.5
ORD-102591,2024-06-30,2024-07-05,CUST-4082,Divya Joshi,22.0,Female,Home Office,North,Delhi,Office Supplies,Storage,File Cabinet,69.96,4,,-5.41
ORD-102592,2023-10-10,2023-10-16,CUST-7607,Arjun Mehta,18.0,Male,Consumer,East,Odisha,Office Supplies,Art,Marker Set,84.99,2,0.0,29.19
ORD-102593,2023-09-04,2023-09-07,CUST-4082,Divya Joshi,22.0,Female,Corporate,West,Rajasthan,Office Supplies,Envelopes,Window Envelopes,10.1,1,0.15,1.71
ORD-102594,2022-07-08,2022-07-11,CUST-3384,Isha Joshi,35.0,Female,Consumer,Central,Chhattisgarh,Technology,Accessories,Webcam HD,3558.16,4,0.1,845.51
ORD-102595,2024-05-24,2024-05-26,CUST-8909,Anita Verma,30.0,Female,Consumer,West,Gujarat,Technology,Accessories,Webcam HD,4020.19,7,0.15,1205.95
ORD-102596,2022-11-23,2022-11-26,CUST-5166,Anita Gupta,32.0,Female,Consumer,North,Punjab,Technology,Machines,Laser Printer,2626.61,4,0.0,636.26
ORD-102597,2023-08-05,2023-08-12,CUST-4141,Shreya Patel,35.0,Female,Consumer,West,Rajasthan,Office Supplies,Art,Marker Set,441.19,7,0.0,112.19
ORD-102598,2022-12-02,2022-12-07,CUST-1344,Shreya Verma,38.0,Female,Corporate,West,Gujarat,Office Supplies,Paper,A4 Copy Paper Ream,291.47,7,0.1,72.22
ORD-102599,2022-06-26,2022-06-27,CUST-8375,Manish Patel,,Male,Home Office,East,Bihar,Furniture,Bookcases,Ladder Bookshelf,1172.91,5,0.2,137.88
ORD-102600,2023-12-09,2023-12-10,CUST-5875,Divya Joshi,43.0,Female,Consumer,West,Maharashtra,Furniture,Bookcases,5-Shelf Bookcase,1099.32,4,0.2,116.33
ORD-102601,2022-03-17,2022-03-18,CUST-3669,Suresh Iyer,38.0,Male,Consumer,East,Bihar,Furniture,Bookcases,Ladder Bookshelf,515.25,1,0.15,35.79
ORD-102602,2024-04-21,2024-04-26,CUST-3735,Manish Patel,50.0,Male,Home Office,East,Odisha,Office Supplies,Envelopes,Window Envelopes,192.49,5,0.0,81.25
ORD-102603,2022-12-22,2022-12-23,CUST-6503,Pooja Verma,34.0,Female,Corporate,West,Gujarat,Office Supplies,Storage,Storage Box Set,471.22,6,0.0,180.68
ORD-102604,2022-01-01,2022-01-03,CUST-2911,Nikhil Iyer,33.0,Male,Home Office,South,Telangana,Technology,Accessories,USB-C Hub,786.83,7,0.4,-8.51
ORD-102605,2023-08-23,2023-08-28,CUST-4043,Anjali Kapoor,35.0,Female,Corporate,East,Bihar,Technology,Phones,Smartphone X12,519.14,1,0.1,126.8
ORD-102606,2022-03-07,2022-03-14,CUST-3669,Suresh Iyer,39.0,Male,Corporate,East,Odisha,Office Supplies,Art,Colored Pencils,280.11,7,0.0,98.01
ORD-102607,2022-11-26,2022-12-02,CUST-6503,Pooja Verma,32.0,Female,Home Office,South,Tamil Nadu,Furniture,Tables,Oak Dining Table,460.67,1,0.1,129.26
ORD-102608,2024-02-27,2024-03-05,CUST-1866,Aditya Joshi,18.0,Male,Corporate,West,Rajasthan,Furniture,Furnishings,Wall Clock,1497.13,4,0.3,-56.03
ORD-102609,2022-03-28,2022-04-02,CUST-6505,Suresh Kapoor,59.0,Male,Consumer,East,Odisha,Technology,Copiers,Office Copier 200,1655.39,4,0.2,102.36
ORD-102610,2024-08-16,2024-08-21,CUST-8346,Kavita Reddy,33.0,Female,Consumer,Central,Madhya Pradesh,Technology,Phones,Cordless Landline,1245.25,7,0.15,362.95
ORD-102611,2022-01-06,2022-01-09,CUST-8346,Kavita Reddy,31.0,Female,Corporate,Central,Madhya Pradesh,Furniture,Tables,Round Side Table,142.21,1,0.0,53.27
ORD-102612,2022-11-05,2022-11-08,CUST-2691,Nikhil Iyer,35.0,Male,Consumer,Central,Chhattisgarh,Technology,Machines,Label Maker,3338.58,6,0.3,157.93
ORD-102613,2024-04-11,2024-04-14,CUST-7231,Divya Gupta,26.0,Female,Consumer,North,Delhi,Technology,Machines,3D Printer Mini,1266.14,5,0.1,351.47
ORD-102614,2022-12-21,2022-12-25,CUST-9416,Suresh Mehta,27.0,Male,Corporate,West,Rajasthan,Technology,Copiers,Compact Copier,1424.62,3,0.0,562.28
ORD-102615,2022-05-16,2022-05-18,CUST-7090,Kavita Verma,19.0,Female,Consumer,West,Rajasthan,Office Supplies,Paper,Notebook Set,81.37,6,0.15,20.67
ORD-102616,2023-02-07,2023-02-12,CUST-1179,Pooja Gupta,43.0,Female,Consumer,West,Gujarat,Office Supplies,Labels,Address Labels,157.06,6,0.1,18.4
ORD-102617,2022-11-22,2022-11-29,CUST-6100,Nikhil Mehta,49.0,Male,Home Office,Central,Chhattisgarh,Office Supplies,Envelopes,Mailing Envelopes,255.39,7,0.2,32.99
ORD-102618,2024-08-21,2024-08-26,CUST-9416,Suresh Mehta,27.0,Male,Consumer,Central,Madhya Pradesh,Technology,Copiers,Office Copier 200,2483.98,4,0.1,636.05
ORD-102619,2022-12-19,2022-12-22,CUST-8375,Manish Patel,,Male,Corporate,West,Maharashtra,Technology,Copiers,Office Copier 200,2327.15,3,0.0,626.69
ORD-102620,2024-06-10,2024-06-15,CUST-3300,Karan Mehta,53.0,Male,Home Office,South,Karnataka,Technology,Accessories,Mechanical Keyboard,2335.98,4,0.0,939.51
ORD-102621,2024-10-15,2024-10-21,CUST-5417,Meera Nair,31.0,Female,Consumer,North,Haryana,Office Supplies,Storage,File Cabinet,185.73,7,0.15,10.37
ORD-102622,2023-05-15,2023-05-20,CUST-1179,Pooja Gupta,40.0,Female,Corporate,South,Telangana,Furniture,Furnishings,Wall Clock,995.81,4,0.2,194.28
ORD-102623,2024-11-02,2024-11-09,CUST-4082,Divya Joshi,20.0,Female,Corporate,North,Delhi,Technology,Copiers,Office Copier 200,4949.15,6,0.0,1082.36
ORD-102624,2023-03-04,2023-03-05,CUST-7090,Arjun Nair,20.0,Male,Consumer,West,Gujarat,Office Supplies,Paper,A4 Copy Paper Ream,301.31,4,0.0,130.07
ORD-102625,2024-12-10,2024-12-16,CUST-8210,Manish Nair,20.0,Male,Corporate,South,Telangana,Office Supplies,Labels,Shipping Labels,194.11,7,0.15,42.43
ORD-102626,2022-05-01,2022-05-07,CUST-6123,Arjun Rao,26.0,Male,Consumer,West,Maharashtra,Technology,Copiers,Compact Copier,682.6,5,0.3,9.56
ORD-102627,2024-01-29,2024-02-03,CUST-2066,Kavita Joshi,69.0,Female,Consumer,South,Tamil Nadu,Furniture,Furnishings,Curtain Set,1372.57,4,0.2,229.67
ORD-102628,2023-08-01,2023-08-05,CUST-8972,Anjali Singh,18.0,Female,Home Office,East,Bihar,Technology,Copiers,Office Copier 200,940.25,6,0.3,55.32
ORD-102629,2023-03-17,2023-03-20,CUST-7869,Sneha Verma,53.0,Female,Corporate,Central,Madhya Pradesh,Technology,Phones,Budget Smartphone S5,4399.2,6,0.1,1502.97
ORD-102630,2023-12-11,2023-12-13,CUST-9511,Suresh Rao,18.0,Male,Corporate,South,Kerala,Technology,Machines,Laser Printer,423.24,2,0.1,
ORD-102631,2024-02-23,2024-02-25,CUST-4727,Nikhil Patel,49.0,Male,Consumer,West,Maharashtra,Furniture,Bookcases,5-Shelf Bookcase,2338.68,7,0.0,643.54
ORD-102632,2022-01-06,2022-01-07,CUST-4870,Shreya Gupta,36.0,Female,Corporate,East,Bihar,Technology,Machines,3D Printer Mini,810.42,4,0.0,233.72
ORD-102633,2022-08-09,2022-08-11,CUST-7231,Divya Gupta,29.0,Female,Home Office,Central,Madhya Pradesh,Office Supplies,Labels,Address Labels,12.04,1,0.0,3.67
ORD-102634,2024-03-06,2024-03-08,CUST-5417,Meera Nair,34.0,Female,Corporate,North,Delhi,Office Supplies,Labels,Shipping Labels,104.42,3,0.3,15.45
ORD-102635,2024-01-01,2024-01-04,CUST-1838,Rahul Mehta,34.0,Male,Consumer,East,Odisha,Technology,Copiers,Office Copier 200,235.02,1,0.0,80.21
ORD-102636,2024-12-11,2024-12-14,CUST-8972,Anjali Singh,18.0,Female,Corporate,East,West Bengal,Furniture,Chairs,Ergo Mesh Office Chair,693.26,2,0.2,51.04
ORD-102637,2024-05-07,2024-05-11,CUST-6666,Aditya Joshi,45.0,Male,Corporate,West,Gujarat,Furniture,Furnishings,Area Rug,2241.66,6,0.2,356.17
ORD-102638,2024-12-01,2024-12-08,CUST-4499,Sneha Rao,20.0,Female,Corporate,North,Haryana,Office Supplies,Art,Marker Set,34.03,1,0.15,10.15
ORD-102639,2024-02-21,2024-02-22,CUST-1838,Rahul Mehta,32.0,Male,Consumer,Central,Madhya Pradesh,Technology,Copiers,Compact Copier,1428.12,3,0.0,640.77
ORD-102640,2022-12-10,2022-12-12,CUST-5417,Meera Nair,32.0,Female,Home Office,West,Maharashtra,Furniture,Tables,Glass Coffee Table,1726.35,5,0.2,305.7
ORD-102641,2022-05-20,2022-05-24,CUST-1240,Manish Rao,55.0,Male,Consumer,West,Gujarat,Technology,Accessories,Mechanical Keyboard,3984.84,7,0.1,767.54
ORD-102642,2024-06-01,2024-06-02,CUST-8375,Manish Patel,44.0,Male,Consumer,North,Uttar Pradesh,Technology,Accessories,Mechanical Keyboard,337.35,2,0.2,43.14
ORD-102643,2023-12-18,2023-12-24,CUST-9955,Rohan Patel,32.0,Male,Corporate,North,Punjab,Office Supplies,Labels,Address Labels,431.45,7,0.15,59.99
ORD-102644,2022-03-09,2022-03-11,CUST-4624,Karan Rao,26.0,Male,Consumer,East,Odisha,Office Supplies,Binders,Clip Binder,80.06,3,0.0,33.6
ORD-102645,2023-02-07,2023-02-09,CUST-1869,Shreya Mehta,46.0,Female,Consumer,West,Gujarat,Office Supplies,Storage,Desk Organizer,528.4,7,0.1,135.16
ORD-102646,2024-12-05,2024-12-08,CUST-9955,Rohan Patel,31.0,Male,Corporate,West,Maharashtra,Office Supplies,Paper,A4 Copy Paper Ream,54.15,2,0.15,13.13
ORD-102647,2023-08-10,2023-08-15,CUST-1518,Manish Iyer,56.0,Male,Consumer,West,Gujarat,Technology,Copiers,Compact Copier,867.83,1,0.1,175.73
ORD-102648,2023-05-13,2023-05-14,CUST-1431,Rohan Sharma,52.0,Male,Corporate,West,Maharashtra,Furniture,Bookcases,5-Shelf Bookcase,1069.77,5,0.1,244.12
ORD-102649,2023-06-14,2023-06-16,CUST-6016,Sanjay Singh,49.0,Male,Home Office,Central,Chhattisgarh,Furniture,Furnishings,Wall Clock,719.61,3,0.2,76.81
ORD-102650,2022-09-29,2022-09-30,CUST-1845,Rohan Verma,47.0,Male,Consumer,North,Delhi,Office Supplies,Art,Sketch Pad,99.9,4,0.2,16.32
ORD-102651,2023-02-20,2023-02-27,CUST-8109,Rohan Singh,42.0,Male,Consumer,South,Karnataka,Office Supplies,Envelopes,Window Envelopes,89.81,5,0.1,24.72
ORD-102652,2023-02-21,2023-02-25,CUST-1578,Sanjay Joshi,34.0,Male,Consumer,North,Haryana,Office Supplies,Labels,Address Labels,146.25,7,0.1,16.45
ORD-102653,2022-03-14,2022-03-18,CUST-1578,Sanjay Joshi,33.0,Male,Home Office,South,Kerala,Technology,Copiers,Compact Copier,3256.74,4,0.2,249.64
ORD-102654,2024-05-15,2024-05-20,CUST-7231,Divya Gupta,29.0,Female,Consumer,West,Rajasthan,Furniture,Tables,Adjustable Standing Desk,2845.16,5,0.0,821.94
ORD-102655,2023-04-23,2023-04-25,CUST-2691,Nikhil Iyer,35.0,Male,Corporate,West,Maharashtra,Technology,Machines,Label Maker,2659.14,7,0.2,43.26
ORD-102656,2024-07-25,2024-08-01,CUST-8517,Sanjay Sharma,21.0,Male,Home Office,West,Rajasthan,Furniture,Chairs,Foldable Study Chair,389.9,1,0.3,43.9
ORD-102657,2024-08-30,2024-09-02,CUST-5417,Meera Nair,34.0,Female,Consumer,East,Odisha,Office Supplies,Envelopes,Mailing Envelopes,9.4,1,0.1,1.54
ORD-102658,2022-10-02,2022-10-04,CUST-8517,Sanjay Sharma,24.0,Male,Consumer,Central,Madhya Pradesh,Technology,Machines,Label Maker,315.23,1,0.3,15.66
ORD-102659,2023-12-26,2023-12-27,CUST-1845,Rohan Verma,47.0,Male,Consumer,South,Karnataka,Office Supplies,Envelopes,Mailing Envelopes,254.63,7,0.1,40.37
ORD-102660,2023-07-03,2023-07-09,CUST-5429,Ritu Joshi,57.0,Female,Corporate,Central,Chhattisgarh,Technology,Copiers,Office Copier 200,3713.34,5,0.1,928.05
ORD-102661,2024-10-04,2024-10-08,CUST-1869,Shreya Mehta,49.0,Female,Corporate,West,Rajasthan,Office Supplies,Binders,View Binder,120.31,6,0.15,11.66
ORD-102662,2022-10-06,2022-10-07,CUST-4833,Aditya Verma,34.0,Male,Home Office,South,Tamil Nadu,Office Supplies,Paper,A4 Copy Paper Ream,50.17,2,0.2,6.83
ORD-102663,2024-01-16,2024-01-21,CUST-5267,Shreya Verma,36.0,Female,Consumer,North,Uttar Pradesh,Furniture,Furnishings,Table Lamp,872.77,6,0.2,77.55
ORD-102664,2023-11-25,2023-11-29,CUST-7220,Divya Rao,45.0,Female,Corporate,North,Uttar Pradesh,Furniture,Bookcases,Corner Bookcase,715.16,2,0.0,238.09
ORD-102665,2022-12-08,2022-12-11,CUST-7751,Amit Nair,33.0,Male,Consumer,Central,Madhya Pradesh,Technology,Accessories,Webcam HD,443.8,2,0.3,42.41
ORD-102666,2022-06-29,2022-07-03,CUST-9032,Divya Gupta,43.0,Female,Consumer,Central,Chhattisgarh,Office Supplies,Paper,Sticky Notes Pack,236.87,3,0.3,-13.94
ORD-102667,2023-12-23,2023-12-29,CUST-1431,Rohan Sharma,51.0,Male,Corporate,South,Karnataka,Furniture,Bookcases,5-Shelf Bookcase,1258.22,3,0.15,240.43
ORD-102668,2024-04-08,2024-04-15,CUST-6794,Vivek Iyer,50.0,Male,Consumer,South,Tamil Nadu,Technology,Accessories,USB-C Hub,2466.53,4,0.15,360.09
ORD-102669,2022-12-21,2022-12-23,CUST-2691,Nikhil Iyer,35.0,Male,Corporate,East,West Bengal,Office Supplies,Labels,Shipping Labels,45.63,2,0.0,15.65
ORD-102670,2023-12-18,2023-12-24,CUST-8972,Anjali Singh,19.0,Female,Home Office,West,Rajasthan,Office Supplies,Paper,Notebook Set,198.39,4,0.0,43.67
ORD-102671,2023-03-27,2023-04-03,CUST-7751,Amit Nair,34.0,Male,Corporate,South,Tamil Nadu,Technology,Machines,Laser Printer,1132.99,2,0.0,329.12
ORD-102672,2024-03-06,2024-03-12,CUST-9087,Amit Sharma,25.0,Male,Corporate,North,Uttar Pradesh,Furniture,Furnishings,Table Lamp,849.98,7,0.1,290.27
ORD-102673,2022-09-18,2022-09-20,CUST-6207,Priya Singh,38.0,Female,Consumer,East,Odisha,Office Supplies,Art,Colored Pencils,109.4,4,0.1,12.65
ORD-102674,2024-10-14,2024-10-18,CUST-2245,Divya Sharma,18.0,Female,Corporate,East,Odisha,Furniture,Tables,Adjustable Standing Desk,1612.89,6,0.0,330.69
ORD-102675,2022-12-04,2022-12-09,CUST-4489,Karan Joshi,33.0,Male,Home Office,Central,Madhya Pradesh,Technology,Accessories,Mechanical Keyboard,798.01,6,0.4,-119.33
ORD-102676,2023-02-18,2023-02-20,CUST-7127,Kavita Patel,19.0,Female,Consumer,Central,Chhattisgarh,Office Supplies,Labels,Shipping Labels,96.68,6,0.0,31.34
ORD-102677,2022-03-22,2022-03-24,CUST-1954,Divya Verma,40.0,Female,Consumer,East,West Bengal,Technology,Copiers,Office Copier 200,1447.62,3,0.1,377.07
ORD-102678,2022-05-28,2022-06-04,CUST-5614,Pooja Patel,36.0,Female,Consumer,West,Gujarat,Furniture,Furnishings,Curtain Set,205.05,1,0.15,57.9
ORD-102679,2023-08-30,2023-09-02,CUST-5417,Meera Nair,30.0,Female,Consumer,North,Uttar Pradesh,Office Supplies,Art,Marker Set,346.25,7,0.15,43.78
ORD-102680,2022-11-20,2022-11-24,CUST-4065,Amit Patel,18.0,Male,Consumer,Central,Madhya Pradesh,Furniture,Furnishings,Curtain Set,3948.19,7,0.0,1217.29
ORD-102681,2024-08-11,2024-08-13,CUST-2611,Aditya Rao,37.0,Male,Consumer,Central,Madhya Pradesh,Furniture,Furnishings,Curtain Set,361.23,1,0.0,103.47
ORD-102682,2022-01-21,2022-01-26,CUST-4506,Rahul Patel,46.0,Male,Consumer,East,Odisha,Office Supplies,Binders,3-Ring Binder,225.77,3,0.2,55.2
ORD-102683,2023-03-06,2023-03-07,CUST-5612,Anita Sharma,43.0,Female,Consumer,West,Maharashtra,Furniture,Furnishings,Table Lamp,586.36,4,0.4,-44.42
ORD-102684,2023-01-06,2023-01-10,CUST-2611,Aditya Rao,37.0,Male,Home Office,North,Uttar Pradesh,Technology,Copiers,Compact Copier,1230.77,3,0.0,274.61
ORD-102685,2022-01-27,2022-01-30,CUST-5021,Rohan Patel,33.0,Male,Consumer,Central,Madhya Pradesh,Office Supplies,Storage,File Cabinet,197.46,4,0.0,73.84
ORD-102686,2022-06-13,2022-06-19,CUST-4327,Pooja Verma,50.0,Female,Corporate,West,Gujarat,Technology,Accessories,Mechanical Keyboard,370.0,1,0.2,46.08
ORD-102687,2023-04-20,2023-04-22,CUST-7913,Vivek Nair,,Male,Consumer,North,Haryana,Office Supplies,Storage,Storage Box Set,440.12,7,0.4,4.45
ORD-102688,2023-07-31,2023-08-05,CUST-4810,Kavita Iyer,29.0,Female,Consumer,South,Kerala,Technology,Machines,Laser Printer,2887.05,6,0.4,-164.54
ORD-102689,2023-04-08,2023-04-12,CUST-7026,Manish Reddy,31.0,Male,Consumer,North,Uttar Pradesh,Office Supplies,Labels,Shipping Labels,147.97,5,0.3,14.02
ORD-102690,2023-09-16,2023-09-21,CUST-9907,Vivek Patel,33.0,Male,Home Office,East,Odisha,Furniture,Tables,Adjustable Standing Desk,1159.86,2,0.0,456.32
ORD-102691,2023-11-16,2023-11-21,CUST-9303,Sanjay Reddy,39.0,Male,Home Office,East,Odisha,Office Supplies,Labels,Shipping Labels,160.76,4,0.0,41.59
ORD-102692,2022-01-14,2022-01-21,CUST-1887,Manish Iyer,48.0,Male,Consumer,South,Karnataka,Furniture,Furnishings,Area Rug,491.88,1,0.0,208.4
ORD-102693,2023-06-22,2023-06-28,CUST-9087,Amit Sharma,25.0,Male,Consumer,North,Haryana,Office Supplies,Art,Marker Set,53.66,2,0.1,13.34
ORD-102694,2024-12-09,2024-12-12,CUST-9280,Pooja Singh,40.0,Female,Home Office,East,Bihar,Technology,Accessories,Mechanical Keyboard,2664.89,4,0.2,539.91
ORD-102695,2023-09-02,2023-09-06,CUST-2685,Nikhil Mehta,27.0,Male,Home Office,North,Delhi,Furniture,Bookcases,Corner Bookcase,1447.08,3,0.0,561.15
ORD-102696,2024-01-16,2024-01-18,CUST-5614,Pooja Patel,37.0,Female,Consumer,East,West Bengal,Office Supplies,Paper,A4 Copy Paper Ream,39.4,4,0.1,12.0
ORD-102697,2022-12-19,2022-12-22,CUST-7145,Kavita Iyer,30.0,Female,Consumer,East,West Bengal,Furniture,Chairs,Recliner Lounge Chair,1640.13,6,0.2,388.63
ORD-102698,2024-05-23,2024-05-25,CUST-9303,Sanjay Reddy,39.0,Male,Consumer,South,Tamil Nadu,Office Supplies,Labels,Shipping Labels,472.45,7,0.15,52.8
ORD-102699,2024-05-21,2024-05-22,CUST-9340,Sneha Rao,22.0,Female,Consumer,North,Uttar Pradesh,Furniture,Chairs,Recliner Lounge Chair,821.56,2,0.0,298.43
ORD-102700,2023-09-05,2023-09-10,CUST-1887,Manish Iyer,47.0,Male,Corporate,Central,Madhya Pradesh,Furniture,Chairs,Foldable Study Chair,1695.6,5,0.15,120.49
ORD-102701,2024-12-17,2024-12-18,CUST-8177,Karan Gupta,32.0,Male,Corporate,East,Bihar,Office Supplies,Paper,Notebook Set,38.76,6,0.0,10.45
ORD-102702,2022-06-15,2022-06-22,CUST-1713,Rahul Mehta,45.0,Male,Corporate,West,Gujarat,Office Supplies,Envelopes,Window Envelopes,11.12,2,0.3,-0.6
ORD-102703,2022-01-24,2022-01-29,CUST-8505,Arjun Sharma,34.0,Male,Corporate,East,Bihar,Technology,Phones,Budget Smartphone S5,3875.55,7,0.0,920.0
ORD-102704,2024-05-18,2024-05-24,CUST-1272,Priya Sharma,45.0,Female,Consumer,South,Karnataka,Furniture,Furnishings,Curtain Set,2846.69,7,0.2,0.66
ORD-102705,2024-07-04,2024-07-07,CUST-7127,Kavita Patel,18.0,Female,Consumer,North,Punjab,Furniture,Tables,Round Side Table,3417.65,6,0.2,311.58
ORD-102706,2022-06-08,2022-06-10,CUST-5614,Pooja Patel,37.0,Female,Corporate,Central,Madhya Pradesh,Technology,Phones,Smartphone X12,2390.37,3,,-77.97
ORD-102707,2022-11-18,2022-11-25,CUST-4810,Kavita Iyer,27.0,Female,Home Office,West,Rajasthan,Technology,Machines,3D Printer Mini,718.34,2,0.15,201.22
ORD-102708,2022-01-25,2022-01-31,CUST-7353,Karan Joshi,39.0,Male,Home Office,South,Telangana,Furniture,Furnishings,Wall Clock,336.16,1,0.1,72.73
ORD-102709,2022-12-07,2022-12-09,CUST-9725,Meera Kapoor,24.0,Female,Corporate,West,Maharashtra,Furniture,Furnishings,Area Rug,288.81,1,0.0,113.73
ORD-102710,2024-05-22,2024-05-25,CUST-7353,Karan Joshi,36.0,Male,Corporate,West,Rajasthan,Office Supplies,Storage,File Cabinet,146.94,3,0.1,16.64
ORD-102711,2023-09-01,2023-09-05,CUST-9969,Anita Singh,37.0,Female,Home Office,North,Haryana,Office Supplies,Art,Marker Set,437.96,7,0.3,56.55
ORD-102712,2023-01-21,2023-01-28,CUST-3469,Priya Nair,39.0,Female,Corporate,Central,Chhattisgarh,Technology,Phones,Cordless Landline,1361.9,6,0.0,315.58
ORD-102713,2023-02-24,2023-02-25,CUST-6604,Arjun Verma,45.0,Male,Consumer,West,Rajasthan,Office Supplies,Labels,Shipping Labels,226.5,7,0.3,-2.84
ORD-102714,2022-01-02,2022-01-03,CUST-3469,Priya Nair,37.0,Female,Corporate,East,Odisha,Furniture,Tables,Adjustable Standing Desk,1099.64,4,0.0,342.99
ORD-102715,2022-12-11,2022-12-13,CUST-1013,Manish Gupta,19.0,Male,Home Office,Central,Madhya Pradesh,Furniture,Chairs,Ergo Mesh Office Chair,342.64,1,0.1,58.18
ORD-102716,2023-12-19,2023-12-21,CUST-7145,Kavita Iyer,30.0,Female,Consumer,East,Bihar,Office Supplies,Labels,Address Labels,47.19,7,0.0,17.75
ORD-102717,2024-12-16,2024-12-18,CUST-3469,Priya Nair,37.0,Female,Consumer,North,Uttar Pradesh,Office Supplies,Paper,Sticky Notes Pack,543.01,7,0.15,
ORD-102718,2024-08-26,2024-09-02,CUST-4327,Pooja Verma,50.0,Female,Consumer,Central,Chhattisgarh,Technology,Accessories,Webcam HD,3295.37,5,0.15,595.44
ORD-102719,2022-02-02,2022-02-05,CUST-7145,Kavita Iyer,34.0,Female,Corporate,West,Gujarat,Office Supplies,Envelopes,Window Envelopes,214.6,4,0.2,15.7
ORD-102720,2024-10-22,2024-10-26,CUST-2286,Manish Gupta,,Male,Consumer,North,Delhi,Furniture,Tables,Adjustable Standing Desk,1539.36,3,0.0,340.35
ORD-102721,2024-06-03,2024-06-04,CUST-5383,Vikram Patel,41.0,Male,Corporate,South,Kerala,Furniture,Furnishings,Table Lamp,150.38,1,0.1,22.32
ORD-102722,2024-05-30,2024-06-05,CUST-7145,Kavita Iyer,34.0,Female,Consumer,South,Tamil Nadu,Office Supplies,Binders,Clip Binder,29.25,1,0.0,11.74
ORD-102723,2023-06-14,2023-06-19,CUST-9190,Anjali Gupta,33.0,Female,Corporate,West,Gujarat,Technology,Copiers,Compact Copier,238.67,1,0.2,32.89
ORD-102724,2023-03-30,2023-04-06,CUST-1154,Kavita Nair,48.0,Female,Corporate,West,Gujarat,Technology,Phones,Cordless Landline,2320.65,5,0.1,678.27
ORD-102725,2022-12-13,2022-12-20,CUST-1013,Manish Gupta,19.0,Male,Corporate,Central,Madhya Pradesh,Office Supplies,Labels,Address Labels,213.93,4,0.0,77.94
ORD-102726,2022-03-31,2022-04-03,CUST-7013,Sanjay Gupta,27.0,Male,Corporate,East,West Bengal,Office Supplies,Envelopes,Mailing Envelopes,74.16,2,0.15,9.44
ORD-102727,2022-10-18,2022-10-19,CUST-1669,Rohan Rao,57.0,Male,Consumer,East,Bihar,Office Supplies,Binders,View Binder,49.66,2,0.0,22.05
ORD-102728,2022-11-04,2022-11-08,CUST-6794,Vivek Iyer,50.0,Male,Home Office,South,Karnataka,Office Supplies,Binders,View Binder,106.7,4,0.2,12.84
ORD-102729,2023-07-19,2023-07-22,CUST-1154,Kavita Nair,47.0,Female,Corporate,West,Gujarat,Office Supplies,Labels,Address Labels,135.64,5,0.15,18.17
ORD-102730,2024-04-20,2024-04-26,CUST-9725,Meera Kapoor,24.0,Female,Consumer,South,Kerala,Technology,Copiers,Compact Copier,800.6,2,0.15,115.77
ORD-102731,2023-07-05,2023-07-06,CUST-7263,Rahul Nair,46.0,Male,Corporate,Central,Madhya Pradesh,Office Supplies,Paper,A4 Copy Paper Ream,168.11,7,0.2,5.73
ORD-102732,2022-03-21,2022-03-24,CUST-7127,Kavita Patel,18.0,Female,Corporate,Central,Chhattisgarh,Office Supplies,Art,Marker Set,150.09,6,0.0,37.25
ORD-102733,2024-12-06,2024-12-07,CUST-9641,Karan Gupta,42.0,Male,Consumer,South,Kerala,Office Supplies,Envelopes,Mailing Envelopes,100.32,4,,9.03
ORD-102734,2024-11-26,2024-11-27,CUST-9280,Pooja Singh,40.0,Female,Corporate,Central,Chhattisgarh,Office Supplies,Paper,Notebook Set,11.88,1,0.15,2.93
ORD-102735,2024-06-06,2024-06-13,CUST-2227,Anita Nair,35.0,Female,Consumer,North,Uttar Pradesh,Office Supplies,Envelopes,Mailing Envelopes,101.82,3,0.2,17.52
ORD-102736,2024-12-26,2024-12-30,CUST-2286,Manish Gupta,34.0,Male,Corporate,East,West Bengal,Furniture,Tables,Oak Dining Table,305.81,1,0.0,136.77
ORD-102737,2023-10-02,2023-10-09,CUST-8343,Karan Reddy,18.0,Male,Consumer,East,Odisha,Office Supplies,Art,Marker Set,9.0,1,0.0,2.58
ORD-102738,2024-12-09,2024-12-14,CUST-7461,Manish Verma,27.0,Male,Corporate,East,Bihar,Office Supplies,Storage,Storage Box Set,236.81,4,,51.23
ORD-102739,2022-04-13,2022-04-17,CUST-6334,Kavita Iyer,31.0,Female,Consumer,East,West Bengal,Office Supplies,Envelopes,Mailing Envelopes,26.35,1,0.1,4.85
ORD-102740,2023-02-15,2023-02-16,CUST-1398,Anita Nair,40.0,Female,Consumer,South,Tamil Nadu,Office Supplies,Storage,Desk Organizer,140.7,6,0.0,55.41
ORD-102741,2022-10-16,2022-10-19,CUST-6246,Sanjay Sharma,28.0,Male,Consumer,South,Kerala,Office Supplies,Binders,View Binder,231.67,6,0.0,64.94
ORD-102742,2022-09-14,2022-09-20,CUST-4693,Vikram Sharma,38.0,Male,Consumer,East,Odisha,Technology,Machines,3D Printer Mini,5612.0,7,0.2,1355.08
ORD-102743,2022-07-05,2022-07-09,CUST-2227,Anita Nair,39.0,Female,Corporate,South,Telangana,Office Supplies,Storage,File Cabinet,209.72,4,0.0,
ORD-102744,2023-12-05,2023-12-10,CUST-4422,Karan Sharma,48.0,Male,Consumer,North,Delhi,Office Supplies,Art,Colored Pencils,55.12,1,0.0,19.9
ORD-102745,2024-06-01,2024-06-02,CUST-8242,Meera Iyer,34.0,Female,Consumer,East,West Bengal,Technology,Copiers,Compact Copier,5850.59,7,0.4,-489.69
ORD-102746,2023-11-03,2023-11-09,CUST-6246,Sanjay Sharma,28.0,Male,Consumer,Central,Chhattisgarh,Furniture,Furnishings,Curtain Set,1461.17,4,,131.93
ORD-102747,2022-07-13,2022-07-17,CUST-5399,Meera Patel,45.0,Female,Home Office,East,West Bengal,Furniture,Furnishings,Wall Clock,1112.73,2,0.4,26.87
ORD-102748,2024-07-10,2024-07-17,CUST-4810,Kavita Iyer,28.0,Female,Home Office,North,Haryana,Office Supplies,Storage,Storage Box Set,68.72,1,0.3,1.35
ORD-102749,2023-12-13,2023-12-20,CUST-1671,Priya Verma,47.0,Female,Consumer,East,Odisha,Furniture,Chairs,Foldable Study Chair,1160.54,3,0.0,502.73
ORD-102750,2023-03-18,2023-03-22,CUST-2067,Amit Reddy,49.0,Male,Consumer,South,Tamil Nadu,Office Supplies,Labels,Shipping Labels,435.3,6,0.15,57.55
ORD-102751,2024-01-11,2024-01-15,CUST-8343,Karan Reddy,19.0,Male,Consumer,West,Rajasthan,Office Supplies,Paper,Sticky Notes Pack,203.23,6,0.2,9.92
ORD-102752,2022-11-14,2022-11-18,CUST-8517,Sanjay Sharma,20.0,Male,Corporate,East,West Bengal,Technology,Accessories,USB-C Hub,1274.85,7,0.1,412.74
ORD-102753,2023-01-17,2023-01-23,CUST-4474,Pooja Singh,49.0,Female,Home Office,West,Rajasthan,Office Supplies,Envelopes,Mailing Envelopes,474.98,6,0.2,64.05
ORD-102754,2024-11-07,2024-11-14,CUST-3585,Shreya Gupta,44.0,Female,Consumer,East,Odisha,Technology,Copiers,Office Copier 200,3136.66,7,0.15,472.61
ORD-102755,2022-12-06,2022-12-09,CUST-9725,Meera Kapoor,20.0,Female,Home Office,East,West Bengal,Furniture,Furnishings,Area Rug,1674.15,4,0.15,423.41
ORD-102756,2023-06-30,2023-07-05,CUST-4810,Kavita Iyer,25.0,Female,Consumer,South,Tamil Nadu,Office Supplies,Binders,3-Ring Binder,105.4,7,0.0,44.17
ORD-102757,2024-10-14,2024-10-19,CUST-3630,Anjali Joshi,18.0,Female,Consumer,North,Uttar Pradesh,Technology,Phones,Cordless Landline,2616.94,3,0.1,912.41
ORD-102758,2024-02-28,2024-02-29,CUST-7663,Shreya Iyer,39.0,Female,Consumer,South,Kerala,Technology,Copiers,Office Copier 200,196.42,1,0.0,45.14
ORD-102759,2022-03-27,2022-03-29,CUST-2067,Amit Reddy,46.0,Male,Consumer,Central,Chhattisgarh,Office Supplies,Paper,Notebook Set,478.05,6,0.1,74.03
ORD-102760,2022-07-14,2022-07-17,CUST-6382,Isha Nair,19.0,Female,Corporate,North,Haryana,Office Supplies,Storage,Storage Box Set,228.23,3,0.0,69.87
ORD-102761,2022-01-11,2022-01-18,CUST-7657,Priya Rao,33.0,Female,Corporate,North,Haryana,Office Supplies,Storage,Desk Organizer,214.36,7,0.15,32.6
ORD-102762,2023-12-10,2023-12-11,CUST-2198,Karan Singh,26.0,Male,Corporate,Central,Madhya Pradesh,Office Supplies,Paper,Notebook Set,437.56,7,0.15,115.1
ORD-102763,2023-06-01,2023-06-02,CUST-7350,Amit Gupta,38.0,Male,Corporate,West,Rajasthan,Furniture,Tables,Oak Dining Table,518.16,2,0.3,-15.5
ORD-102764,2022-06-26,2022-06-30,CUST-2286,Manish Gupta,30.0,Male,Corporate,Central,Madhya Pradesh,Technology,Copiers,Compact Copier,4337.18,7,0.0,1200.7
ORD-102765,2024-12-06,2024-12-08,CUST-7239,Pooja Mehta,60.0,Female,Consumer,West,Maharashtra,Office Supplies,Labels,Address Labels,67.2,5,0.0,30.05
ORD-102766,2023-09-15,2023-09-22,CUST-7657,Priya Rao,33.0,Female,Home Office,North,Punjab,Technology,Phones,Smartphone X12,1097.76,4,0.3,-71.71
ORD-102767,2022-11-01,2022-11-03,CUST-9725,Meera Kapoor,23.0,Female,Consumer,South,Karnataka,Furniture,Chairs,Recliner Lounge Chair,1383.97,5,0.2,201.15
ORD-102768,2023-08-10,2023-08-13,CUST-2286,Manish Gupta,32.0,Male,Consumer,East,West Bengal,Furniture,Furnishings,Table Lamp,2689.44,6,0.2,127.04
ORD-102769,2024-01-19,2024-01-21,CUST-8343,Karan Reddy,18.0,Male,Home Office,East,Bihar,Furniture,Chairs,Foldable Study Chair,444.69,1,0.15,66.4
ORD-102770,2022-04-14,2022-04-15,CUST-9641,Karan Gupta,40.0,Male,Corporate,South,Tamil Nadu,Office Supplies,Art,Colored Pencils,182.53,4,0.1,27.14
ORD-102771,2022-11-25,2022-11-27,CUST-5393,Anita Verma,30.0,Female,Home Office,South,Tamil Nadu,Technology,Phones,Cordless Landline,928.42,2,0.2,62.66
ORD-102772,2024-07-04,2024-07-06,CUST-5393,Anita Verma,34.0,Female,Corporate,West,Gujarat,Furniture,Tables,Adjustable Standing Desk,2127.93,5,0.1,721.07
ORD-102773,2023-06-16,2023-06-21,CUST-8517,Sanjay Sharma,24.0,Male,Consumer,South,Kerala,Office Supplies,Binders,3-Ring Binder,52.1,7,0.3,-2.99
ORD-102774,2023-10-04,2023-10-11,CUST-4327,Pooja Verma,51.0,Female,Corporate,North,Punjab,Furniture,Tables,Oak Dining Table,639.93,5,0.0,130.31
ORD-102775,2023-05-14,2023-05-21,CUST-9641,Karan Gupta,44.0,Male,Corporate,East,Bihar,Technology,Machines,3D Printer Mini,1021.95,4,0.1,148.95
ORD-102776,2022-03-03,2022-03-04,CUST-2198,Karan Singh,25.0,Male,Home Office,Central,Chhattisgarh,Office Supplies,Envelopes,Mailing Envelopes,76.8,2,0.1,20.25
ORD-102777,2022-08-08,2022-08-14,CUST-3632,Anita Singh,36.0,Female,Consumer,Central,Madhya Pradesh,Furniture,Tables,Adjustable Standing Desk,4193.14,7,0.0,1753.85
ORD-102778,2023-05-29,2023-05-31,CUST-5508,Amit Sharma,,Male,Consumer,West,Maharashtra,Technology,Copiers,Compact Copier,265.89,4,0.3,23.37
ORD-102779,2022-09-29,2022-10-01,CUST-3994,Arjun Kapoor,25.0,Male,Corporate,South,Karnataka,Office Supplies,Envelopes,Window Envelopes,75.17,1,0.15,12.13
ORD-102780,2022-03-11,2022-03-15,CUST-5271,Amit Joshi,48.0,Male,Corporate,Central,Chhattisgarh,Furniture,Furnishings,Table Lamp,523.39,1,0.2,20.03
ORD-102781,2024-08-22,2024-08-29,CUST-9669,Amit Reddy,63.0,Male,Consumer,West,Maharashtra,Technology,Accessories,USB-C Hub,931.52,2,0.1,174.22
ORD-102782,2024-12-20,2024-12-22,CUST-6800,Neha Kapoor,39.0,Female,Consumer,West,Maharashtra,Office Supplies,Labels,Shipping Labels,138.12,2,0.3,-11.1
ORD-102783,2024-06-16,2024-06-23,CUST-7350,Amit Gupta,37.0,Male,Consumer,East,Bihar,Office Supplies,Paper,A4 Copy Paper Ream,145.61,2,0.15,37.98
ORD-102784,2024-09-04,2024-09-06,CUST-4810,Kavita Iyer,29.0,Female,Consumer,South,Tamil Nadu,Furniture,Chairs,Recliner Lounge Chair,833.63,7,0.2,0.41
ORD-102785,2022-11-01,2022-11-06,CUST-7350,Amit Gupta,38.0,Male,Consumer,South,Telangana,Technology,Phones,Smartphone X12,523.02,1,0.0,162.81
ORD-102786,2024-12-07,2024-12-08,CUST-7048,Karan Kapoor,41.0,Male,Home Office,South,Kerala,Office Supplies,Paper,A4 Copy Paper Ream,133.75,2,0.3,-5.75
ORD-102787,2022-09-15,2022-09-22,CUST-8774,Kavita Kapoor,35.0,Female,Corporate,Central,Chhattisgarh,Furniture,Bookcases,Ladder Bookshelf,463.29,1,0.2,4.9
ORD-102788,2024-12-02,2024-12-05,CUST-5393,Anita Verma,33.0,Female,Consumer,West,Maharashtra,Office Supplies,Paper,Sticky Notes Pack,10.57,1,0.2,1.53
ORD-102789,2024-12-28,2024-12-29,CUST-2295,Pooja Gupta,30.0,Female,Corporate,North,Uttar Pradesh,Furniture,Tables,Round Side Table,865.89,6,0.1,253.84
ORD-102790,2024-03-05,2024-03-09,CUST-1361,Rohan Kapoor,21.0,Male,Consumer,North,Uttar Pradesh,Technology,Machines,3D Printer Mini,3791.4,5,0.0,1381.38
ORD-102791,2024-12-20,2024-12-21,CUST-7982,Manish Verma,22.0,Male,Consumer,East,Odisha,Furniture,Chairs,Executive Leather Chair,294.36,3,0.3,23.92
ORD-102792,2023-10-27,2023-10-29,CUST-3994,Arjun Kapoor,29.0,Male,Corporate,South,Telangana,Furniture,Chairs,Executive Leather Chair,457.85,1,0.3,23.95
ORD-102793,2022-11-14,2022-11-18,CUST-7350,Amit Gupta,38.0,Male,Consumer,Central,Chhattisgarh,Office Supplies,Art,Colored Pencils,519.93,7,0.0,194.07
ORD-102794,2023-05-19,2023-05-20,CUST-2695,Meera Patel,56.0,Female,Corporate,North,Haryana,Furniture,Tables,Adjustable Standing Desk,336.63,1,0.0,147.05
ORD-102795,2023-11-15,2023-11-19,CUST-2007,Isha Reddy,30.0,Female,Corporate,South,Telangana,Technology,Phones,Budget Smartphone S5,2210.57,7,0.15,213.76
ORD-102796,2022-04-10,2022-04-13,CUST-2546,Rohan Kapoor,38.0,Male,Consumer,South,Kerala,Furniture,Furnishings,Wall Clock,567.35,2,0.15,
ORD-102797,2023-12-05,2023-12-06,CUST-5144,Sanjay Reddy,34.0,Male,Home Office,North,Delhi,Office Supplies,Art,Colored Pencils,441.94,7,0.15,77.61
ORD-102798,2024-12-20,2024-12-27,CUST-7736,Rohan Patel,42.0,Male,Corporate,Central,Madhya Pradesh,Technology,Copiers,Office Copier 200,3664.76,5,0.0,1224.11
ORD-102799,2022-09-07,2022-09-14,CUST-9860,Anjali Iyer,30.0,Female,Consumer,Central,Madhya Pradesh,Technology,Machines,Laser Printer,4365.25,5,0.0,1051.01
ORD-102800,2024-06-15,2024-06-21,CUST-5144,Sanjay Reddy,31.0,Male,Consumer,East,West Bengal,Technology,Copiers,Compact Copier,497.65,4,0.0,162.68
ORD-102801,2024-10-31,2024-11-02,CUST-7216,Nikhil Sharma,30.0,Male,Corporate,West,Maharashtra,Office Supplies,Labels,Shipping Labels,206.84,4,0.4,-23.7
ORD-102802,2024-11-27,2024-12-01,CUST-4114,Neha Gupta,25.0,Female,Corporate,North,Haryana,Office Supplies,Storage,Storage Box Set,317.19,7,0.15,58.43
ORD-102803,2024-12-07,2024-12-13,CUST-4474,Pooja Singh,45.0,Female,Consumer,South,Telangana,Furniture,Tables,Oak Dining Table,1074.99,7,0.2,
ORD-102804,2023-09-05,2023-09-11,CUST-7216,Nikhil Sharma,32.0,Male,Consumer,West,Maharashtra,Furniture,Chairs,Ergo Mesh Office Chair,2950.11,5,0.0,636.17
ORD-102805,2024-12-18,2024-12-23,CUST-1452,Vikram Reddy,42.0,Male,Consumer,East,Bihar,Office Supplies,Art,Sketch Pad,376.06,5,0.0,79.42
ORD-102806,2024-05-02,2024-05-06,CUST-8402,Divya Kapoor,39.0,Female,Consumer,North,Haryana,Office Supplies,Art,Colored Pencils,121.35,5,0.15,15.74
ORD-102807,2022-08-02,2022-08-08,CUST-7861,Priya Iyer,37.0,Female,Consumer,West,Rajasthan,Furniture,Bookcases,5-Shelf Bookcase,2766.09,6,0.15,628.46
ORD-102808,2023-07-09,2023-07-14,CUST-4114,Neha Gupta,26.0,Female,Corporate,South,Telangana,Office Supplies,Binders,Clip Binder,35.06,1,0.1,5.82
ORD-102809,2024-03-13,2024-03-19,CUST-2546,Rohan Kapoor,37.0,Male,Consumer,Central,Madhya Pradesh,Office Supplies,Art,Colored Pencils,277.06,5,0.1,47.22
ORD-102810,2022-11-05,2022-11-07,CUST-2108,Amit Singh,35.0,Male,Consumer,South,Telangana,Furniture,Furnishings,Area Rug,492.12,2,0.0,136.5
ORD-102811,2023-12-16,2023-12-19,CUST-1376,Neha Kapoor,39.0,Female,Consumer,South,Telangana,Technology,Copiers,Office Copier 200,775.94,3,0.4,-66.75
ORD-102812,2024-01-01,2024-01-06,CUST-3104,Aditya Kapoor,47.0,Male,Corporate,Central,Chhattisgarh,Office Supplies,Art,Colored Pencils,46.45,2,0.1,16.12
ORD-102813,2022-08-04,2022-08-07,CUST-2108,Amit Singh,35.0,Male,Corporate,North,Punjab,Office Supplies,Labels,Address Labels,127.6,3,0.15,38.26
ORD-102814,2023-10-22,2023-10-26,CUST-6596,Rahul Reddy,39.0,Male,Consumer,South,Telangana,Office Supplies,Labels,Address Labels,48.4,1,0.1,10.69
ORD-102815,2024-05-20,2024-05-22,CUST-7982,Manish Verma,22.0,Male,Corporate,North,Delhi,Office Supplies,Binders,Clip Binder,35.36,3,0.0,
ORD-102816,2023-08-08,2023-08-13,CUST-3672,Pooja Reddy,40.0,Female,Corporate,South,Telangana,Office Supplies,Art,Colored Pencils,106.06,2,0.15,11.09
ORD-102817,2022-01-17,2022-01-21,CUST-3941,Amit Rao,38.0,Male,Consumer,West,Gujarat,Office Supplies,Art,Marker Set,41.76,1,0.3,3.22
ORD-102818,2022-01-13,2022-01-19,CUST-4114,Neha Gupta,28.0,Female,Home Office,North,Delhi,Office Supplies,Storage,Storage Box Set,272.92,5,0.2,41.41
ORD-102819,2023-02-02,2023-02-09,CUST-4578,Vivek Joshi,50.0,Male,Home Office,West,Maharashtra,Furniture,Furnishings,Wall Clock,2220.34,6,0.0,572.2
ORD-102820,2024-11-14,2024-11-15,CUST-8384,Anita Nair,37.0,Female,Consumer,South,Karnataka,Technology,Accessories,Mechanical Keyboard,1404.59,7,0.2,98.15
ORD-102821,2022-10-19,2022-10-23,CUST-3456,Rohan Rao,26.0,Male,Corporate,Central,Chhattisgarh,Furniture,Chairs,Executive Leather Chair,817.85,4,0.0,208.78
ORD-102822,2023-12-12,2023-12-15,CUST-3456,Rohan Rao,26.0,Male,Corporate,East,Bihar,Furniture,Furnishings,Curtain Set,1183.02,2,0.1,377.19
ORD-102823,2022-10-12,2022-10-14,CUST-6612,Karan Iyer,22.0,Male,Corporate,North,Delhi,Office Supplies,Paper,Notebook Set,397.37,7,0.2,10.53
ORD-102824,2022-12-25,2022-12-27,CUST-8648,Anjali Kapoor,43.0,Female,Consumer,North,Delhi,Technology,Phones,Cordless Landline,1567.28,3,0.15,148.53
ORD-102825,2024-08-28,2024-09-01,CUST-6152,Manish Patel,32.0,Male,Consumer,West,Rajasthan,Furniture,Bookcases,Ladder Bookshelf,2682.89,6,0.15,751.3
ORD-102826,2024-03-27,2024-04-02,CUST-2066,Kavita Joshi,65.0,Female,Corporate,South,Tamil Nadu,Office Supplies,Paper,A4 Copy Paper Ream,200.2,3,0.4,-34.93
ORD-102827,2022-05-08,2022-05-09,CUST-3064,Karan Kapoor,26.0,Male,Consumer,West,Gujarat,Furniture,Furnishings,Area Rug,1762.13,7,0.2,57.25
ORD-102828,2023-05-09,2023-05-12,CUST-3763,Shreya Rao,42.0,Female,Corporate,North,Delhi,Technology,Copiers,Compact Copier,187.75,1,0.3,-6.97
ORD-102829,2022-02-10,2022-02-14,CUST-8384,Anita Nair,37.0,Female,Corporate,South,Kerala,Office Supplies,Paper,Notebook Set,78.17,6,0.0,
ORD-102830,2023-07-14,2023-07-18,CUST-8384,Anita Nair,39.0,Female,Home Office,North,Delhi,Furniture,Furnishings,Curtain Set,501.39,1,0.1,93.96
ORD-102831,2023-12-29,2024-01-05,CUST-5258,Meera Rao,32.0,Female,Corporate,South,Karnataka,Technology,Copiers,Compact Copier,3001.1,4,0.0,610.78
ORD-102832,2022-06-06,2022-06-08,CUST-4990,Sanjay Singh,37.0,Male,Corporate,West,Gujarat,Technology,Accessories,Mechanical Keyboard,3068.11,6,0.3,-207.11
ORD-102833,2022-12-05,2022-12-08,CUST-6635,Neha Sharma,24.0,Female,Consumer,East,West Bengal,Furniture,Tables,Round Side Table,1578.19,7,0.1,321.59
ORD-102834,2023-03-30,2023-03-31,CUST-6612,Karan Iyer,22.0,Male,Consumer,West,Maharashtra,Furniture,Tables,Adjustable Standing Desk,403.0,1,0.15,83.63
ORD-102835,2024-11-09,2024-11-11,CUST-8384,Anita Nair,,Female,Corporate,Central,Madhya Pradesh,Office Supplies,Art,Marker Set,115.8,2,0.0,36.31
ORD-102836,2024-12-27,2024-12-31,CUST-3104,Aditya Kapoor,48.0,Male,Corporate,East,Odisha,Office Supplies,Paper,Sticky Notes Pack,189.6,6,0.0,64.65
ORD-102837,2022-03-05,2022-03-07,CUST-6152,Manish Patel,,Male,Consumer,South,Tamil Nadu,Office Supplies,Binders,3-Ring Binder,267.9,6,0.2,13.92
ORD-102838,2024-05-07,2024-05-09,CUST-5321,Rohan Joshi,43.0,Male,Consumer,East,West Bengal,Technology,Machines,3D Printer Mini,2674.06,4,0.2,518.13
ORD-102839,2023-02-24,2023-03-01,CUST-6152,Manish Patel,30.0,Male,Corporate,Central,Madhya Pradesh,Office Supplies,Labels,Address Labels,200.97,5,0.0,67.24
ORD-102840,2023-03-23,2023-03-25,CUST-5321,Rohan Joshi,41.0,Male,Corporate,Central,Madhya Pradesh,Furniture,Chairs,Foldable Study Chair,2769.2,6,0.1,915.48
ORD-102841,2024-04-28,2024-05-04,CUST-1361,Rohan Joshi,54.0,Male,Corporate,South,Tamil Nadu,Furniture,Bookcases,Corner Bookcase,1004.99,5,0.15,300.69
ORD-102842,2024-11-08,2024-11-10,CUST-3104,Aditya Kapoor,49.0,Male,Consumer,South,Kerala,Technology,Phones,Cordless Landline,5150.95,6,0.3,350.97
ORD-102843,2024-12-02,2024-12-08,CUST-2188,Vikram Reddy,38.0,Male,Home Office,Central,Madhya Pradesh,Technology,Machines,3D Printer Mini,5709.79,7,0.3,-324.49
ORD-102844,2023-11-03,2023-11-06,CUST-3897,Nikhil Singh,44.0,Male,Consumer,West,Maharashtra,Office Supplies,Binders,View Binder,177.21,3,0.1,60.78
ORD-102845,2023-02-03,2023-02-05,CUST-3897,Nikhil Singh,43.0,Male,Consumer,West,Maharashtra,Furniture,Bookcases,Ladder Bookshelf,467.58,1,0.0,171.1
ORD-102846,2024-06-09,2024-06-10,CUST-2804,Ritu Patel,20.0,Female,Consumer,West,Maharashtra,Office Supplies,Art,Sketch Pad,158.86,3,0.4,-19.65
ORD-102847,2022-11-08,2022-11-14,CUST-3064,Karan Kapoor,,Male,Consumer,North,Haryana,Technology,Phones,Smartphone X12,216.97,1,,-35.66
ORD-102848,2023-10-21,2023-10-27,CUST-6949,Sneha Verma,41.0,Female,Consumer,East,Odisha,Office Supplies,Envelopes,Mailing Envelopes,309.22,5,0.3,-24.84
ORD-102849,2023-02-05,2023-02-09,CUST-8440,Anita Mehta,41.0,Female,Consumer,Central,Madhya Pradesh,Office Supplies,Binders,Clip Binder,221.61,4,0.3,10.93
ORD-102850,2023-12-26,2023-12-29,CUST-1120,Manish Verma,30.0,Male,Corporate,North,Delhi,Office Supplies,Storage,Storage Box Set,84.38,2,0.2,20.48
ORD-102851,2022-10-31,2022-11-02,CUST-5258,Meera Rao,31.0,Female,Corporate,South,Tamil Nadu,Technology,Accessories,Webcam HD,4866.78,7,0.15,337.29
ORD-102852,2022-09-09,2022-09-16,CUST-4826,Meera Patel,26.0,Female,Consumer,South,Kerala,Office Supplies,Envelopes,Mailing Envelopes,372.78,5,0.0,138.2
ORD-102853,2024-11-08,2024-11-09,CUST-3104,Aditya Kapoor,48.0,Male,Consumer,North,Punjab,Furniture,Chairs,Executive Leather Chair,849.01,3,0.1,132.46
ORD-102854,2022-05-16,2022-05-20,CUST-5030,Sanjay Iyer,33.0,Male,Consumer,Central,Chhattisgarh,Office Supplies,Paper,Notebook Set,17.97,3,0.2,0.36
ORD-102855,2023-08-17,2023-08-20,CUST-5521,Vikram Singh,57.0,Male,Consumer,North,Uttar Pradesh,Furniture,Chairs,Ergo Mesh Office Chair,949.91,2,0.0,375.28
ORD-102856,2022-10-11,2022-10-17,CUST-1864,Isha Sharma,70.0,Female,Consumer,North,Punjab,Furniture,Tables,Adjustable Standing Desk,1360.54,3,0.1,194.84
ORD-102857,2022-02-24,2022-02-25,CUST-8440,Anita Mehta,42.0,Female,Consumer,South,Karnataka,Technology,Copiers,Office Copier 200,2926.71,5,0.2,713.11
ORD-102858,2022-02-20,2022-02-22,CUST-3104,Aditya Kapoor,48.0,Male,Consumer,North,Punjab,Furniture,Bookcases,Ladder Bookshelf,1055.07,2,0.4,-45.84
ORD-102859,2022-08-20,2022-08-27,CUST-3897,Nikhil Singh,42.0,Male,Consumer,South,Karnataka,Office Supplies,Envelopes,Mailing Envelopes,319.65,4,0.1,62.32
ORD-102860,2024-09-19,2024-09-24,CUST-3064,Karan Kapoor,25.0,Male,Consumer,Central,Chhattisgarh,Office Supplies,Envelopes,Window Envelopes,90.68,4,0.0,28.58
ORD-102861,2022-12-01,2022-12-06,CUST-8440,Anita Mehta,40.0,Female,Consumer,West,Maharashtra,Office Supplies,Envelopes,Window Envelopes,16.81,1,0.0,5.13
ORD-102862,2024-12-01,2024-12-04,CUST-6382,Isha Nair,18.0,Female,Home Office,South,Telangana,Office Supplies,Paper,Sticky Notes Pack,74.08,1,0.1,19.36
ORD-102863,2023-11-06,2023-11-13,CUST-5258,Meera Rao,32.0,Female,Corporate,West,Rajasthan,Office Supplies,Envelopes,Mailing Envelopes,144.06,2,0.4,-11.64
ORD-102864,2023-05-18,2023-05-19,CUST-5814,Amit Verma,44.0,Male,Consumer,North,Haryana,Office Supplies,Storage,File Cabinet,235.32,4,0.0,93.03
ORD-102865,2023-11-05,2023-11-09,CUST-2804,Ritu Patel,24.0,Female,Corporate,West,Gujarat,Furniture,Furnishings,Table Lamp,551.1,1,0.3,55.09
ORD-102866,2023-08-31,2023-09-01,CUST-6828,Sneha Patel,18.0,Female,Consumer,East,Odisha,Office Supplies,Storage,Desk Organizer,31.9,2,0.0,12.3
ORD-102867,2024-05-04,2024-05-11,CUST-6724,Rahul Mehta,18.0,Male,Corporate,Central,Madhya Pradesh,Furniture,Furnishings,Table Lamp,2421.89,7,0.2,95.52
ORD-102868,2022-12-01,2022-12-07,CUST-7165,Vikram Joshi,45.0,Male,Corporate,North,Punjab,Office Supplies,Binders,3-Ring Binder,397.18,5,0.0,137.79
ORD-102869,2023-01-28,2023-02-02,CUST-2188,Vikram Reddy,36.0,Male,Consumer,North,Haryana,Office Supplies,Binders,3-Ring Binder,288.1,6,,36.16
ORD-102870,2024-10-17,2024-10-20,CUST-5258,Meera Rao,32.0,Female,Consumer,West,Rajasthan,Furniture,Tables,Glass Coffee Table,1585.36,4,0.0,
ORD-102871,2024-11-29,2024-12-01,CUST-8558,Manish Sharma,25.0,Male,Home Office,Central,Chhattisgarh,Furniture,Furnishings,Curtain Set,127.75,1,0.3,4.35
ORD-102872,2024-10-16,2024-10-17,CUST-8908,Rohan Singh,34.0,Male,Corporate,East,Odisha,Office Supplies,Binders,Clip Binder,72.06,2,0.2,7.12
ORD-102873,2023-04-27,2023-05-02,CUST-7165,Vikram Joshi,48.0,Male,Home Office,North,Delhi,Office Supplies,Labels,Address Labels,409.45,7,0.1,78.73
ORD-102874,2024-05-30,2024-06-03,CUST-4703,Kavita Gupta,26.0,Female,Consumer,West,Maharashtra,Office Supplies,Paper,Sticky Notes Pack,12.18,1,0.1,1.9
ORD-102875,2023-07-08,2023-07-11,CUST-2188,Vikram Reddy,39.0,Male,Consumer,East,Odisha,Furniture,Chairs,Executive Leather Chair,722.23,2,0.1,97.65
ORD-102876,2023-08-06,2023-08-08,CUST-7156,Nikhil Iyer,32.0,Male,Consumer,South,Telangana,Furniture,Tables,Round Side Table,1722.22,6,0.15,232.17
ORD-102877,2022-09-24,2022-09-25,CUST-2804,Ritu Patel,21.0,Female,Home Office,Central,Madhya Pradesh,Technology,Accessories,Wireless Mouse,104.35,2,0.1,27.64
ORD-102878,2023-11-13,2023-11-17,CUST-5814,Amit Verma,44.0,Male,Consumer,West,Rajasthan,Office Supplies,Art,Sketch Pad,185.86,7,0.3,11.83
ORD-102879,2022-09-03,2022-09-05,CUST-9313,Manish Reddy,31.0,Male,Consumer,South,Tamil Nadu,Office Supplies,Labels,Shipping Labels,61.68,1,0.0,24.8
ORD-102880,2022-12-31,2023-01-06,CUST-2188,Vikram Reddy,39.0,Male,Consumer,West,Rajasthan,Office Supplies,Binders,Clip Binder,31.18,3,0.1,4.02
ORD-102881,2024-09-05,2024-09-10,CUST-4641,Anjali Mehta,39.0,Female,Corporate,East,West Bengal,Office Supplies,Art,Marker Set,297.31,4,0.2,55.14
ORD-102882,2022-09-27,2022-10-03,CUST-8482,Sanjay Joshi,36.0,Male,Consumer,West,Maharashtra,Office Supplies,Art,Marker Set,371.2,5,0.0,140.78
ORD-102883,2022-04-07,2022-04-12,CUST-5994,Aditya Iyer,47.0,Male,Corporate,Central,Chhattisgarh,Office Supplies,Storage,Desk Organizer,391.1,6,0.2,50.31
ORD-102884,2022-04-05,2022-04-09,CUST-4002,Manish Gupta,40.0,Male,Corporate,East,Odisha,Furniture,Bookcases,Ladder Bookshelf,1738.97,6,0.0,678.92
ORD-102885,2024-11-24,2024-11-30,CUST-2875,Shreya Joshi,26.0,Female,Consumer,South,Kerala,Office Supplies,Paper,Sticky Notes Pack,112.56,7,0.2,8.77
ORD-102886,2023-08-18,2023-08-23,CUST-2088,Suresh Rao,25.0,Male,Corporate,West,Rajasthan,Furniture,Tables,Adjustable Standing Desk,315.2,3,0.3,6.24
ORD-102887,2023-04-14,2023-04-17,CUST-4641,Anjali Mehta,36.0,Female,Consumer,South,Kerala,Office Supplies,Envelopes,Window Envelopes,156.74,4,0.0,60.98
ORD-102888,2024-07-09,2024-07-13,CUST-6993,Kavita Singh,31.0,Female,Consumer,East,Bihar,Office Supplies,Labels,Address Labels,108.88,2,0.1,19.79
ORD-102889,2024-08-12,2024-08-17,CUST-5295,Karan Gupta,,Male,Consumer,East,Bihar,Furniture,Bookcases,Ladder Bookshelf,1621.68,4,0.0,435.89
ORD-102890,2022-12-31,2023-01-01,CUST-5778,Vikram Kapoor,34.0,Male,Consumer,North,Delhi,Office Supplies,Paper,A4 Copy Paper Ream,52.96,1,0.1,15.02
ORD-102891,2024-02-08,2024-02-13,CUST-2804,Ritu Patel,24.0,Female,Consumer,East,Bihar,Technology,Phones,Smartphone X12,1472.09,6,0.0,501.95
ORD-102892,2024-05-19,2024-05-25,CUST-9802,Ritu Mehta,23.0,Female,Home Office,North,Punjab,Office Supplies,Envelopes,Mailing Envelopes,148.72,4,0.1,47.31
ORD-102893,2023-12-24,2023-12-27,CUST-5295,Karan Gupta,41.0,Male,Home Office,East,Odisha,Office Supplies,Art,Colored Pencils,14.36,1,0.1,2.97
ORD-102894,2022-07-20,2022-07-22,CUST-2567,Kavita Joshi,27.0,Female,Consumer,East,Bihar,Furniture,Furnishings,Table Lamp,1010.05,6,0.15,110.91
ORD-102895,2024-09-29,2024-10-01,CUST-5778,Vikram Kapoor,33.0,Male,Corporate,North,Haryana,Office Supplies,Envelopes,Window Envelopes,73.13,7,0.2,6.7
ORD-102896,2023-09-26,2023-10-01,CUST-2567,Kavita Joshi,25.0,Female,Consumer,North,Delhi,Furniture,Bookcases,Ladder Bookshelf,534.39,1,0.1,174.19
ORD-102897,2022-12-01,2022-12-03,CUST-5994,Aditya Iyer,48.0,Male,Corporate,West,Gujarat,Office Supplies,Binders,View Binder,10.13,1,0.15,0.76
ORD-102898,2023-05-04,2023-05-09,CUST-2567,Kavita Joshi,25.0,Female,Consumer,East,West Bengal,Furniture,Bookcases,5-Shelf Bookcase,1083.02,2,,364.74
ORD-102899,2022-02-22,2022-02-25,CUST-4641,Anjali Mehta,36.0,Female,Corporate,Central,Madhya Pradesh,Furniture,Chairs,Executive Leather Chair,1039.38,7,0.3,-11.57
ORD-102900,2022-06-18,2022-06-20,CUST-4474,Pooja Singh,45.0,Female,Consumer,North,Uttar Pradesh,Technology,Phones,Cordless Landline,3876.53,6,0.0,1294.59
ORD-102901,2024-05-12,2024-05-18,CUST-8927,Shreya Verma,36.0,Female,Consumer,North,Haryana,Furniture,Chairs,Foldable Study Chair,1741.41,4,0.1,345.65
ORD-102902,2022-01-01,2022-01-07,CUST-8193,Nikhil Patel,64.0,Male,Corporate,East,Bihar,Furniture,Furnishings,Table Lamp,1193.79,2,0.1,137.52
ORD-102903,2023-04-23,2023-04-24,CUST-4474,Pooja Singh,46.0,Female,Consumer,Central,Chhattisgarh,Technology,Phones,Smartphone X12,2652.78,3,0.1,911.9
ORD-102904,2023-09-06,2023-09-11,CUST-8440,Anita Mehta,,Female,Home Office,West,Maharashtra,Furniture,Tables,Round Side Table,439.95,1,0.4,20.19
ORD-102905,2022-03-17,2022-03-19,CUST-5778,Vikram Kapoor,34.0,Male,Corporate,North,Delhi,Office Supplies,Envelopes,Mailing Envelopes,409.44,6,0.3,39.57
ORD-102906,2024-12-15,2024-12-21,CUST-9791,Aditya Joshi,44.0,Male,Consumer,West,Gujarat,Office Supplies,Labels,Shipping Labels,68.58,7,0.1,20.72
ORD-102907,2022-10-16,2022-10-23,CUST-4678,Divya Mehta,32.0,Female,Home Office,North,Haryana,Office Supplies,Binders,Clip Binder,58.71,2,0.1,11.74
ORD-102908,2022-12-14,2022-12-17,CUST-8440,Anita Mehta,43.0,Female,Home Office,South,Karnataka,Technology,Accessories,Wireless Mouse,807.14,3,,183.47
ORD-102909,2022-12-14,2022-12-17,CUST-4128,Sneha Sharma,18.0,Female,Corporate,West,Gujarat,Furniture,Furnishings,Table Lamp,278.65,2,0.0,123.15
ORD-102910,2022-10-21,2022-10-28,CUST-8440,Anita Mehta,40.0,Female,Corporate,North,Uttar Pradesh,Furniture,Chairs,Executive Leather Chair,996.35,2,0.15,227.94
ORD-102911,2022-01-03,2022-01-10,CUST-9333,Karan Nair,30.0,Male,Corporate,Central,Chhattisgarh,Office Supplies,Art,Sketch Pad,216.16,7,0.3,-2.85
ORD-102912,2024-03-27,2024-03-28,CUST-7231,Rahul Reddy,44.0,Male,Consumer,North,Haryana,Office Supplies,Art,Colored Pencils,177.3,3,0.3,8.15
ORD-102913,2024-12-11,2024-12-14,CUST-5951,Rohan Kapoor,33.0,Male,Corporate,Central,Madhya Pradesh,Technology,Copiers,Compact Copier,3448.5,6,0.2,171.01
ORD-102914,2022-10-15,2022-10-18,CUST-8684,Karan Joshi,27.0,Male,Consumer,South,Karnataka,Technology,Phones,Budget Smartphone S5,731.88,5,0.15,150.01
ORD-102915,2023-12-30,2024-01-01,CUST-7417,Rohan Rao,37.0,Male,Corporate,East,West Bengal,Office Supplies,Labels,Shipping Labels,185.79,3,0.0,42.66
ORD-102916,2024-04-12,2024-04-17,CUST-5994,Aditya Iyer,47.0,Male,Consumer,West,Maharashtra,Office Supplies,Labels,Shipping Labels,24.45,1,0.0,5.05
ORD-102917,2024-08-28,2024-09-01,CUST-8440,Anita Mehta,42.0,Female,Corporate,South,Telangana,Furniture,Bookcases,Corner Bookcase,2321.54,4,0.0,495.38
ORD-102918,2023-05-01,2023-05-04,CUST-1922,Aditya Reddy,50.0,Male,Corporate,Central,Madhya Pradesh,Furniture,Bookcases,5-Shelf Bookcase,3819.05,7,0.2,597.25
ORD-102919,2022-12-13,2022-12-16,CUST-1755,Manish Sharma,36.0,Male,Corporate,East,Bihar,Office Supplies,Labels,Address Labels,36.29,3,0.15,7.72
ORD-102920,2022-12-27,2022-12-31,CUST-7231,Rahul Reddy,42.0,Male,Corporate,Central,Madhya Pradesh,Furniture,Furnishings,Curtain Set,1141.46,5,,201.02
ORD-102921,2024-03-06,2024-03-09,CUST-4835,Manish Kapoor,31.0,Male,Consumer,South,Karnataka,Furniture,Tables,Oak Dining Table,2757.24,5,0.3,-216.13
ORD-102922,2024-07-17,2024-07-19,CUST-4347,Shreya Rao,38.0,Female,Consumer,South,Kerala,Furniture,Chairs,Executive Leather Chair,167.73,1,0.0,63.88
ORD-102923,2022-08-28,2022-08-30,CUST-8945,Vikram Iyer,52.0,Male,Corporate,Central,Madhya Pradesh,Office Supplies,Paper,A4 Copy Paper Ream,490.99,7,0.0,210.53
ORD-102924,2023-02-23,2023-02-27,CUST-6296,Sneha Joshi,30.0,Female,Corporate,West,Gujarat,Furniture,Tables,Round Side Table,1362.34,4,0.0,333.76
ORD-102925,2024-10-25,2024-10-31,CUST-4451,Rahul Joshi,31.0,Male,Corporate,North,Punjab,Office Supplies,Binders,View Binder,273.58,4,0.15,47.29
ORD-102926,2024-07-03,2024-07-06,CUST-1755,Manish Sharma,37.0,Male,Corporate,East,West Bengal,Office Supplies,Envelopes,Window Envelopes,243.76,4,0.1,44.29
ORD-102927,2024-12-22,2024-12-28,CUST-8661,Pooja Mehta,47.0,Female,Corporate,South,Kerala,Furniture,Tables,Glass Coffee Table,1842.81,6,0.1,363.74
ORD-102928,2024-04-28,2024-05-01,CUST-8185,Ritu Iyer,36.0,Female,Consumer,East,Odisha,Technology,Copiers,Compact Copier,339.69,2,0.1,34.81
ORD-102929,2023-03-24,2023-03-29,CUST-7375,Meera Reddy,33.0,Female,Consumer,South,Tamil Nadu,Furniture,Tables,Adjustable Standing Desk,1070.25,5,0.1,162.57
ORD-102930,2023-11-12,2023-11-15,CUST-2539,Isha Rao,22.0,Female,Consumer,East,West Bengal,Office Supplies,Binders,Clip Binder,461.37,7,0.1,157.2
ORD-102931,2023-12-28,2023-12-30,CUST-2539,Isha Rao,23.0,Female,Consumer,North,Delhi,Furniture,Tables,Glass Coffee Table,1683.91,3,0.1,404.34
ORD-102932,2022-04-17,2022-04-18,CUST-1285,Aditya Kapoor,35.0,Male,Consumer,North,Punjab,Office Supplies,Art,Colored Pencils,367.49,7,0.0,
ORD-102933,2023-10-02,2023-10-09,CUST-8705,Amit Sharma,30.0,Male,Home Office,West,Rajasthan,Office Supplies,Art,Colored Pencils,55.5,4,0.0,21.67
ORD-102934,2024-03-01,2024-03-02,CUST-9992,Kavita Reddy,31.0,Female,Corporate,West,Maharashtra,Office Supplies,Paper,A4 Copy Paper Ream,24.79,2,0.0,10.26
ORD-102935,2022-08-10,2022-08-11,CUST-8661,Pooja Mehta,47.0,Female,Consumer,South,Tamil Nadu,Furniture,Tables,Adjustable Standing Desk,914.52,2,0.15,
ORD-102936,2024-05-31,2024-06-01,CUST-9992,Kavita Reddy,33.0,Female,Consumer,East,Odisha,Office Supplies,Binders,View Binder,76.46,1,0.15,4.52
ORD-102937,2023-11-07,2023-11-14,CUST-7231,Rahul Reddy,43.0,Male,Corporate,East,Odisha,Technology,Accessories,Wireless Mouse,395.0,7,0.15,114.18
ORD-102938,2024-12-02,2024-12-08,CUST-5994,Aditya Iyer,49.0,Male,Consumer,North,Delhi,Furniture,Bookcases,5-Shelf Bookcase,1532.88,4,0.2,42.07
ORD-102939,2022-03-01,2022-03-08,CUST-5963,Neha Nair,22.0,Female,Corporate,North,Punjab,Office Supplies,Paper,Notebook Set,329.93,5,0.0,93.6
ORD-102940,2022-11-18,2022-11-24,CUST-7239,Pooja Mehta,61.0,Female,Corporate,East,Bihar,Technology,Accessories,Wireless Mouse,750.7,3,0.1,79.83
ORD-102941,2023-11-20,2023-11-27,CUST-8185,Ritu Iyer,36.0,Female,Consumer,North,Delhi,Furniture,Bookcases,Corner Bookcase,1094.66,6,0.3,30.02
ORD-102942,2022-12-09,2022-12-16,CUST-5994,Aditya Iyer,48.0,Male,Consumer,North,Punjab,Office Supplies,Labels,Shipping Labels,77.77,5,0.0,22.99
ORD-102943,2024-03-08,2024-03-11,CUST-5645,Manish Joshi,37.0,Male,Corporate,East,Bihar,Technology,Machines,Laser Printer,576.87,2,0.1,163.28
ORD-102944,2024-05-04,2024-05-10,CUST-6612,Karan Iyer,21.0,Male,Consumer,West,Maharashtra,Office Supplies,Storage,File Cabinet,62.76,1,0.0,24.64
ORD-102945,2022-05-17,2022-05-20,CUST-8705,Amit Sharma,34.0,Male,Consumer,East,Odisha,Technology,Phones,Budget Smartphone S5,3272.36,7,0.4,-101.01
ORD-102946,2023-08-27,2023-09-01,CUST-4128,Sneha Sharma,18.0,Female,Consumer,North,Punjab,Office Supplies,Storage,Desk Organizer,320.32,6,0.3,-19.33
ORD-102947,2023-08-21,2023-08-24,CUST-9138,Anjali Rao,34.0,Female,Corporate,West,Maharashtra,Office Supplies,Paper,Notebook Set,132.06,2,0.1,16.57
ORD-102948,2023-02-20,2023-02-21,CUST-1951,Suresh Sharma,32.0,Male,Corporate,West,Gujarat,Office Supplies,Storage,Storage Box Set,171.3,7,0.2,33.13
ORD-102949,2024-11-19,2024-11-23,CUST-9410,Anita Singh,43.0,Female,Consumer,North,Uttar Pradesh,Office Supplies,Paper,Sticky Notes Pack,427.29,6,0.0,154.79
ORD-102950,2024-08-01,2024-08-05,CUST-9410,Anita Singh,42.0,Female,Corporate,West,Gujarat,Technology,Machines,3D Printer Mini,3559.9,4,0.2,855.02
ORD-102951,2024-02-13,2024-02-15,CUST-6060,Pooja Reddy,23.0,Female,Home Office,Central,Chhattisgarh,Furniture,Bookcases,Corner Bookcase,2301.07,7,0.0,526.28
ORD-102952,2024-03-08,2024-03-10,CUST-7231,Rahul Reddy,43.0,Male,Consumer,West,Rajasthan,Office Supplies,Labels,Address Labels,13.58,2,0.15,3.81
ORD-102953,2023-06-19,2023-06-22,CUST-1408,Anita Joshi,30.0,Female,Consumer,West,Gujarat,Furniture,Furnishings,Area Rug,3038.85,6,0.2,97.77
ORD-102954,2024-11-10,2024-11-17,CUST-7386,Vivek Singh,19.0,Male,Corporate,South,Tamil Nadu,Office Supplies,Binders,Clip Binder,278.85,4,0.1,37.84
ORD-102955,2024-02-09,2024-02-16,CUST-6612,Karan Iyer,20.0,Male,Corporate,South,Tamil Nadu,Technology,Phones,Cordless Landline,1376.71,7,0.2,167.07
ORD-102956,2024-03-27,2024-03-31,CUST-1951,Suresh Sharma,33.0,Male,Consumer,West,Gujarat,Office Supplies,Envelopes,Window Envelopes,487.29,7,0.0,192.11
ORD-102957,2024-09-13,2024-09-14,CUST-5994,Aditya Iyer,47.0,Male,Consumer,West,Gujarat,Office Supplies,Paper,Sticky Notes Pack,194.62,4,0.0,85.44
ORD-102958,2022-11-25,2022-12-01,CUST-9185,Suresh Rao,29.0,Male,Consumer,South,Karnataka,Technology,Accessories,Mechanical Keyboard,1983.78,5,0.2,414.89
ORD-102959,2024-07-04,2024-07-05,CUST-6155,Shreya Patel,29.0,Female,Consumer,West,Gujarat,Furniture,Tables,Round Side Table,2122.1,7,0.2,89.55
ORD-102960,2022-09-13,2022-09-14,CUST-5645,Manish Joshi,38.0,Male,Consumer,South,Kerala,Furniture,Tables,Round Side Table,236.22,1,0.1,29.03
ORD-102961,2023-01-17,2023-01-20,CUST-9814,Rahul Patel,32.0,Male,Corporate,West,Gujarat,Furniture,Tables,Oak Dining Table,1542.37,6,0.3,25.75
ORD-102962,2023-01-04,2023-01-07,CUST-4974,Amit Reddy,18.0,Male,Consumer,West,Gujarat,Office Supplies,Envelopes,Window Envelopes,36.03,1,0.1,5.48
ORD-102963,2024-12-18,2024-12-23,CUST-7161,Nikhil Mehta,36.0,Male,Consumer,Central,Madhya Pradesh,Office Supplies,Envelopes,Window Envelopes,92.7,3,0.3,-8.68
ORD-102964,2024-09-07,2024-09-08,CUST-4664,Kavita Reddy,22.0,Female,Consumer,East,Bihar,Office Supplies,Storage,Desk Organizer,130.33,6,0.0,38.99
ORD-102965,2024-02-19,2024-02-26,CUST-9185,Suresh Rao,29.0,Male,Consumer,East,Odisha,Office Supplies,Binders,Clip Binder,321.55,5,0.0,110.47
ORD-102966,2024-03-24,2024-03-31,CUST-8185,Ritu Iyer,39.0,Female,Corporate,North,Haryana,Office Supplies,Storage,File Cabinet,51.8,1,0.15,11.84
ORD-102967,2023-10-19,2023-10-20,CUST-1408,Anita Joshi,31.0,Female,Corporate,East,West Bengal,Office Supplies,Envelopes,Mailing Envelopes,408.11,6,0.1,113.11
ORD-102968,2024-11-29,2024-12-02,CUST-9357,Rahul Iyer,39.0,Male,Consumer,West,Rajasthan,Office Supplies,Art,Colored Pencils,111.68,5,0.1,28.31
ORD-102969,2023-08-04,2023-08-07,CUST-9357,Rahul Iyer,35.0,Male,Corporate,South,Telangana,Technology,Phones,Budget Smartphone S5,1197.91,4,0.3,0.95
ORD-102970,2023-03-08,2023-03-13,CUST-4327,Pooja Verma,52.0,Female,Consumer,East,Bihar,Office Supplies,Storage,File Cabinet,212.42,3,0.1,30.69
ORD-102971,2022-08-04,2022-08-09,CUST-7585,Vivek Iyer,49.0,Male,Consumer,East,West Bengal,Technology,Accessories,USB-C Hub,702.65,4,0.15,96.94
ORD-102972,2024-06-07,2024-06-09,CUST-6624,Vikram Nair,18.0,Male,Consumer,North,Delhi,Office Supplies,Art,Marker Set,152.7,4,0.0,32.52
ORD-102973,2024-04-03,2024-04-07,CUST-5533,Arjun Reddy,41.0,Male,Consumer,Central,Chhattisgarh,Office Supplies,Binders,3-Ring Binder,60.12,1,0.0,20.36
ORD-102974,2023-03-13,2023-03-14,CUST-5933,Vivek Gupta,18.0,Male,Corporate,North,Punjab,Furniture,Furnishings,Area Rug,655.25,2,0.0,145.26
ORD-102975,2022-02-04,2022-02-11,CUST-9357,Rahul Iyer,,Male,Corporate,East,West Bengal,Technology,Accessories,USB-C Hub,380.55,1,0.0,133.85
ORD-102976,2024-08-16,2024-08-17,CUST-7659,Suresh Kapoor,57.0,Male,Consumer,Central,Madhya Pradesh,Furniture,Furnishings,Wall Clock,831.35,2,0.0,266.96
ORD-102977,2022-01-16,2022-01-21,CUST-3238,Divya Mehta,18.0,Female,Corporate,North,Uttar Pradesh,Office Supplies,Paper,A4 Copy Paper Ream,294.53,5,0.0,125.06
ORD-102978,2024-02-22,2024-02-27,CUST-7102,Shreya Joshi,41.0,Female,Corporate,Central,Chhattisgarh,Technology,Machines,Laser Printer,3140.04,4,0.1,617.4
ORD-102979,2024-12-13,2024-12-15,CUST-7102,Shreya Joshi,42.0,Female,Consumer,West,Rajasthan,Office Supplies,Art,Marker Set,114.54,4,0.0,23.69
ORD-102980,2023-05-20,2023-05-24,CUST-9357,Rahul Iyer,38.0,Male,Corporate,South,Tamil Nadu,Office Supplies,Labels,Address Labels,293.25,5,0.1,46.12
ORD-102981,2022-10-25,2022-10-27,CUST-7585,Vivek Iyer,48.0,Male,Consumer,South,Karnataka,Office Supplies,Art,Marker Set,70.44,1,0.4,-3.14
ORD-102982,2024-02-24,2024-03-02,CUST-8185,Ritu Iyer,35.0,Female,Home Office,North,Haryana,Office Supplies,Labels,Shipping Labels,201.4,3,0.2,9.02
ORD-102983,2024-07-18,2024-07-22,CUST-9185,Suresh Rao,29.0,Male,Home Office,West,Gujarat,Technology,Accessories,Mechanical Keyboard,3669.11,6,0.3,-196.74
ORD-102984,2023-10-04,2023-10-10,CUST-5533,Arjun Reddy,41.0,Male,Home Office,South,Tamil Nadu,Furniture,Furnishings,Wall Clock,157.12,1,0.0,64.05
ORD-102985,2024-12-11,2024-12-12,CUST-7102,Shreya Joshi,40.0,Female,Consumer,North,Haryana,Technology,Phones,Smartphone X12,985.68,4,0.0,271.05
ORD-102986,2022-03-13,2022-03-15,CUST-9185,Suresh Rao,27.0,Male,Consumer,West,Gujarat,Furniture,Bookcases,Corner Bookcase,556.47,3,0.1,148.83
ORD-102987,2023-08-15,2023-08-20,CUST-5533,Arjun Reddy,43.0,Male,Consumer,East,Odisha,Technology,Machines,Label Maker,1070.21,2,0.0,389.12
ORD-102988,2024-03-13,2024-03-15,CUST-9016,Anjali Nair,20.0,Female,Corporate,West,Gujarat,Technology,Machines,Label Maker,2358.2,3,0.0,790.65
ORD-102989,2024-09-14,2024-09-20,CUST-2300,Shreya Joshi,39.0,Female,Consumer,East,Odisha,Office Supplies,Paper,Sticky Notes Pack,141.23,3,0.15,22.59
ORD-102990,2022-08-25,2022-08-27,CUST-8952,Pooja Patel,44.0,Female,Consumer,East,Odisha,Technology,Machines,Laser Printer,1036.62,6,0.0,249.27
ORD-102991,2024-06-25,2024-06-26,CUST-2300,Shreya Joshi,39.0,Female,Home Office,Central,Chhattisgarh,Office Supplies,Art,Sketch Pad,154.92,4,0.1,33.43
ORD-102992,2023-10-10,2023-10-16,CUST-6252,Sneha Sharma,30.0,Female,Consumer,East,Bihar,Technology,Machines,Laser Printer,117.22,1,0.3,1.89
ORD-102993,2023-03-29,2023-04-03,CUST-7599,Karan Verma,44.0,Male,Home Office,North,Delhi,Office Supplies,Labels,Shipping Labels,275.67,4,0.1,41.07
ORD-102994,2022-06-23,2022-06-28,CUST-8106,Pooja Mehta,18.0,Female,Consumer,Central,Madhya Pradesh,Office Supplies,Art,Marker Set,52.92,7,0.15,6.78
ORD-102995,2024-09-17,2024-09-20,CUST-9614,Rahul Verma,29.0,Male,Home Office,West,Gujarat,Furniture,Furnishings,Table Lamp,437.95,4,0.0,130.85
ORD-102996,2022-07-27,2022-08-02,CUST-9357,Rahul Iyer,35.0,Male,Consumer,North,Punjab,Furniture,Tables,Round Side Table,1964.48,4,0.4,11.22
ORD-102997,2022-12-17,2022-12-20,CUST-4605,Anjali Rao,31.0,Female,Corporate,East,West Bengal,Office Supplies,Envelopes,Mailing Envelopes,109.97,3,0.1,25.8
ORD-102998,2022-12-05,2022-12-08,CUST-9216,Sneha Gupta,36.0,Female,Consumer,Central,Chhattisgarh,Technology,Copiers,Compact Copier,2440.02,3,0.2,90.98
ORD-102999,2024-09-24,2024-09-25,CUST-7599,Karan Verma,42.0,Male,Consumer,South,Telangana,Technology,Phones,Budget Smartphone S5,4617.86,6,0.1,1346.57
ORD-103000,2024-01-09,2024-01-11,CUST-9357,Rahul Iyer,38.0,Male,Consumer,South,Tamil Nadu,Technology,Phones,Smartphone X12,1587.89,3,0.0,679.24
ORD-103001,2024-06-20,2024-06-25,CUST-9216,Sneha Gupta,37.0,Female,Home Office,Central,Chhattisgarh,Office Supplies,Art,Sketch Pad,210.89,4,0.1,26.71
ORD-103002,2022-11-07,2022-11-12,CUST-8671,Nikhil Singh,44.0,Male,Home Office,Central,Chhattisgarh,Technology,Copiers,Compact Copier,5555.88,7,0.0,1442.61
ORD-103003,2023-12-06,2023-12-08,CUST-3714,Suresh Reddy,20.0,Male,Consumer,South,Telangana,Office Supplies,Binders,3-Ring Binder,43.1,7,0.1,9.1
ORD-103004,2023-10-29,2023-11-03,CUST-4113,Neha Rao,34.0,Female,Consumer,West,Gujarat,Furniture,Furnishings,Curtain Set,1729.88,7,0.0,772.23
ORD-103005,2024-08-08,2024-08-10,CUST-8193,Nikhil Patel,61.0,Male,Consumer,Central,Chhattisgarh,Office Supplies,Paper,Notebook Set,57.5,6,0.3,-4.18
ORD-103006,2024-10-29,2024-11-04,CUST-9216,Sneha Gupta,36.0,Female,Corporate,Central,Madhya Pradesh,Office Supplies,Paper,Notebook Set,59.66,1,0.0,14.48
ORD-103007,2022-01-17,2022-01-18,CUST-3810,Manish Mehta,51.0,Male,Home Office,Central,Madhya Pradesh,Office Supplies,Binders,Clip Binder,35.83,5,0.1,8.79
ORD-103008,2024-01-11,2024-01-12,CUST-7875,Meera Nair,25.0,Female,Corporate,East,Odisha,Technology,Accessories,Webcam HD,711.15,2,0.0,292.92
ORD-103009,2022-03-14,2022-03-21,CUST-3370,Sanjay Kapoor,43.0,Male,Consumer,South,Tamil Nadu,Technology,Accessories,USB-C Hub,1276.97,2,0.0,312.07
ORD-103010,2023-10-06,2023-10-07,CUST-9952,Isha Kapoor,26.0,Female,Corporate,Central,Madhya Pradesh,Office Supplies,Art,Marker Set,21.18,1,0.2,1.49
ORD-103011,2022-12-04,2022-12-06,CUST-1488,Anita Reddy,50.0,Female,Consumer,West,Rajasthan,Office Supplies,Labels,Shipping Labels,124.33,2,0.0,43.99
ORD-103012,2022-12-15,2022-12-22,CUST-3094,Vikram Mehta,46.0,Male,Consumer,West,Rajasthan,Furniture,Chairs,Executive Leather Chair,369.79,2,0.2,65.45
ORD-103013,2023-01-28,2023-01-30,CUST-8818,Karan Gupta,49.0,Male,Consumer,East,Bihar,Office Supplies,Art,Colored Pencils,344.68,7,0.4,14.6
ORD-103014,2023-12-04,2023-12-08,CUST-7557,Kavita Nair,24.0,Female,Home Office,Central,Madhya Pradesh,Office Supplies,Storage,Storage Box Set,74.04,2,0.1,23.82
ORD-103015,2023-01-02,2023-01-09,CUST-8996,Rohan Singh,29.0,Male,Consumer,Central,Chhattisgarh,Office Supplies,Envelopes,Mailing Envelopes,52.27,5,0.15,4.08
ORD-103016,2024-04-01,2024-04-06,CUST-9814,Rahul Patel,30.0,Male,Corporate,Central,Madhya Pradesh,Office Supplies,Envelopes,Window Envelopes,160.17,7,0.1,22.14
ORD-103017,2023-04-08,2023-04-13,CUST-1524,Karan Singh,66.0,Male,Corporate,East,West Bengal,Furniture,Furnishings,Curtain Set,277.8,1,0.15,50.61
ORD-103018,2022-04-04,2022-04-08,CUST-3714,Suresh Reddy,20.0,Male,Corporate,North,Delhi,Furniture,Furnishings,Table Lamp,720.91,2,0.0,186.17
ORD-103019,2024-06-04,2024-06-08,CUST-4409,Rohan Iyer,56.0,Male,Consumer,South,Karnataka,Office Supplies,Storage,File Cabinet,94.78,6,0.2,14.52
ORD-103020,2022-12-03,2022-12-04,CUST-9010,Isha Reddy,46.0,Female,Corporate,Central,Madhya Pradesh,Furniture,Chairs,Recliner Lounge Chair,1275.43,4,0.0,459.95
ORD-103021,2023-05-14,2023-05-18,CUST-9148,Rahul Mehta,41.0,Male,Consumer,North,Haryana,Office Supplies,Art,Sketch Pad,193.55,4,0.0,62.6
ORD-103022,2024-01-27,2024-01-29,CUST-5625,Suresh Patel,18.0,Male,Corporate,Central,Chhattisgarh,Office Supplies,Labels,Address Labels,40.87,1,0.0,13.54
ORD-103023,2022-12-31,2023-01-03,CUST-8665,Ritu Verma,38.0,Female,Consumer,East,West Bengal,Technology,Accessories,Mechanical Keyboard,877.57,7,0.1,271.93
ORD-103024,2022-03-20,2022-03-22,CUST-8818,Karan Gupta,46.0,Male,Consumer,North,Delhi,Office Supplies,Labels,Shipping Labels,68.59,3,0.0,24.9
ORD-103025,2023-02-27,2023-03-06,CUST-7021,Pooja Patel,18.0,Female,Consumer,East,West Bengal,Furniture,Bookcases,Ladder Bookshelf,327.37,1,0.0,92.86
ORD-103026,2024-11-27,2024-12-01,CUST-9148,Rahul Mehta,44.0,Male,Corporate,Central,Chhattisgarh,Office Supplies,Paper,Notebook Set,36.61,4,0.3,1.61
ORD-103027,2023-12-17,2023-12-22,CUST-1488,Anita Reddy,53.0,Female,Consumer,North,Delhi,Office Supplies,Storage,File Cabinet,150.62,2,0.0,40.63
ORD-103028,2024-01-08,2024-01-10,CUST-4113,Neha Rao,32.0,Female,Corporate,West,Rajasthan,Technology,Accessories,Wireless Mouse,393.86,1,0.0,79.21
ORD-103029,2023-12-11,2023-12-16,CUST-3626,Ritu Kapoor,18.0,Female,Consumer,Central,Madhya Pradesh,Office Supplies,Paper,Sticky Notes Pack,177.42,6,0.3,-16.77
ORD-103030,2022-09-18,2022-09-20,CUST-3810,Manish Mehta,53.0,Male,Corporate,South,Telangana,Office Supplies,Paper,Sticky Notes Pack,26.28,1,0.0,6.96
ORD-103031,2023-04-26,2023-05-01,CUST-9418,Vikram Rao,38.0,Male,Corporate,Central,Madhya Pradesh,Office Supplies,Paper,Notebook Set,20.66,3,0.4,-3.99
ORD-103032,2024-04-24,2024-04-30,CUST-2695,Meera Patel,55.0,Female,Corporate,Central,Madhya Pradesh,Office Supplies,Paper,Sticky Notes Pack,282.36,4,,-27.05
ORD-103033,2022-05-16,2022-05-18,CUST-6818,Sneha Kapoor,,Female,Corporate,South,Karnataka,Office Supplies,Binders,Clip Binder,69.55,2,0.2,15.25
ORD-103034,2022-11-27,2022-12-04,CUST-8905,Pooja Joshi,39.0,Female,Corporate,West,Gujarat,Technology,Phones,Smartphone X12,112.67,1,0.15,15.08
ORD-103035,2022-11-26,2022-12-01,CUST-9148,Rahul Mehta,41.0,Male,Corporate,South,Karnataka,Furniture,Furnishings,Table Lamp,2030.85,5,0.1,546.11
ORD-103036,2023-05-13,2023-05-16,CUST-4437,Amit Nair,47.0,Male,Consumer,North,Haryana,Furniture,Chairs,Ergo Mesh Office Chair,688.84,5,0.4,-55.44
ORD-103037,2024-12-20,2024-12-27,CUST-6205,Vikram Sharma,39.0,Male,Consumer,North,Uttar Pradesh,Furniture,Bookcases,Ladder Bookshelf,308.9,3,0.0,96.08
ORD-103038,2022-04-03,2022-04-04,CUST-3559,Kavita Mehta,43.0,Female,Corporate,South,Kerala,Technology,Accessories,Mechanical Keyboard,308.94,1,0.0,104.57
ORD-103039,2023-09-02,2023-09-04,CUST-6031,Divya Joshi,52.0,Female,Consumer,Central,Madhya Pradesh,Technology,Accessories,USB-C Hub,1067.82,4,0.0,397.71
ORD-103040,2022-08-25,2022-08-28,CUST-9814,Rahul Patel,34.0,Male,Consumer,North,Punjab,Office Supplies,Envelopes,Mailing Envelopes,54.21,1,0.0,22.8
ORD-103041,2024-12-14,2024-12-15,CUST-3422,Sneha Verma,35.0,Female,Corporate,South,Tamil Nadu,Furniture,Furnishings,Area Rug,1518.34,6,0.0,367.09
ORD-103042,2022-05-30,2022-06-01,CUST-6110,Sanjay Nair,34.0,Male,Consumer,East,Odisha,Furniture,Chairs,Executive Leather Chair,1775.48,6,0.0,364.12
ORD-103043,2023-04-07,2023-04-10,CUST-6205,Vikram Sharma,36.0,Male,Home Office,East,Bihar,Office Supplies,Binders,Clip Binder,455.87,6,0.15,36.21
ORD-103044,2024-04-07,2024-04-10,CUST-4113,Neha Rao,33.0,Female,Consumer,East,West Bengal,Office Supplies,Labels,Shipping Labels,201.62,7,0.2,4.21
ORD-103045,2024-02-24,2024-03-02,CUST-3626,Ritu Kapoor,18.0,Female,Corporate,West,Maharashtra,Office Supplies,Art,Colored Pencils,252.37,7,0.15,19.68
ORD-103046,2023-05-01,2023-05-07,CUST-4061,Amit Iyer,45.0,Male,Consumer,West,Rajasthan,Technology,Accessories,Wireless Mouse,4297.41,7,0.1,437.8
ORD-103047,2023-01-19,2023-01-22,CUST-3810,Manish Mehta,52.0,Male,Corporate,West,Maharashtra,Furniture,Tables,Glass Coffee Table,3996.33,7,0.0,1407.73
ORD-103048,2023-03-30,2023-04-05,CUST-3422,Sneha Verma,39.0,Female,Corporate,West,Rajasthan,Office Supplies,Binders,View Binder,432.91,7,0.4,-30.97
ORD-103049,2022-11-17,2022-11-21,CUST-8523,Anita Kapoor,60.0,Female,Corporate,East,West Bengal,Office Supplies,Labels,Shipping Labels,50.0,5,0.1,5.87
ORD-103050,2022-09-25,2022-10-02,CUST-2160,Vivek Verma,48.0,Male,Consumer,West,Rajasthan,Office Supplies,Labels,Address Labels,89.3,2,0.1,27.22
ORD-103051,2023-07-17,2023-07-22,CUST-3914,Manish Reddy,35.0,Male,Corporate,West,Maharashtra,Technology,Copiers,Compact Copier,2265.84,7,0.15,575.39
ORD-103052,2022-11-20,2022-11-27,CUST-5531,Pooja Mehta,34.0,Female,Home Office,East,Bihar,Office Supplies,Art,Marker Set,107.96,3,0.0,25.55
ORD-103053,2022-12-04,2022-12-05,CUST-8217,Suresh Nair,33.0,Male,Home Office,South,Tamil Nadu,Office Supplies,Storage,File Cabinet,100.77,5,0.0,20.65
ORD-103054,2023-12-26,2023-12-31,CUST-4134,Kavita Reddy,18.0,Female,Consumer,North,Uttar Pradesh,Furniture,Bookcases,Ladder Bookshelf,1357.0,3,0.2,177.54
ORD-103055,2024-12-12,2024-12-17,CUST-2125,Kavita Kapoor,31.0,Female,Corporate,South,Kerala,Office Supplies,Paper,Sticky Notes Pack,228.89,7,0.0,56.79
ORD-103056,2023-11-22,2023-11-28,CUST-9952,Isha Kapoor,25.0,Female,Consumer,South,Karnataka,Furniture,Bookcases,Corner Bookcase,1891.42,5,0.2,349.12
ORD-103057,2022-04-15,2022-04-20,CUST-8905,Arjun Sharma,53.0,Male,Consumer,South,Karnataka,Technology,Phones,Smartphone X12,926.23,4,0.15,63.4
ORD-103058,2022-04-13,2022-04-16,CUST-9861,Ritu Joshi,,Female,Consumer,East,Odisha,Technology,Copiers,Compact Copier,2518.09,7,0.0,1009.03
ORD-103059,2024-12-02,2024-12-08,CUST-2160,Vivek Verma,49.0,Male,Consumer,South,Telangana,Furniture,Chairs,Foldable Study Chair,842.97,4,0.1,286.56
ORD-103060,2022-12-10,2022-12-15,CUST-6031,Divya Joshi,51.0,Female,Corporate,North,Delhi,Technology,Copiers,Compact Copier,4073.71,6,0.0,1793.91
ORD-103061,2022-05-04,2022-05-10,CUST-7679,Aditya Iyer,39.0,Male,Consumer,West,Rajasthan,Office Supplies,Envelopes,Mailing Envelopes,62.4,4,0.0,23.24
ORD-103062,2023-11-19,2023-11-23,CUST-7140,Vivek Rao,31.0,Male,Consumer,North,Punjab,Furniture,Furnishings,Curtain Set,1169.24,2,,509.6
ORD-103063,2023-12-06,2023-12-12,CUST-8996,Rohan Singh,25.0,Male,Corporate,East,Odisha,Furniture,Bookcases,5-Shelf Bookcase,798.12,3,0.0,250.08
ORD-103064,2023-12-21,2023-12-23,CUST-6031,Divya Joshi,50.0,Female,Home Office,West,Maharashtra,Furniture,Bookcases,Ladder Bookshelf,2692.99,6,0.1,629.76
ORD-103065,2022-11-20,2022-11-23,CUST-5319,Shreya Sharma,34.0,Female,Consumer,West,Gujarat,Technology,Accessories,Wireless Mouse,5188.73,7,0.15,1366.77
ORD-103066,2022-01-21,2022-01-22,CUST-6689,Meera Mehta,42.0,Female,Corporate,Central,Madhya Pradesh,Technology,Machines,Label Maker,3258.4,7,0.0,1456.15
ORD-103067,2024-12-10,2024-12-12,CUST-8905,Arjun Sharma,52.0,Male,Consumer,South,Kerala,Furniture,Tables,Adjustable Standing Desk,2071.38,4,0.2,238.62
ORD-103068,2022-11-08,2022-11-10,CUST-8501,Kavita Patel,19.0,Female,Home Office,North,Haryana,Furniture,Chairs,Ergo Mesh Office Chair,1149.83,6,0.1,393.2
ORD-103069,2024-01-14,2024-01-16,CUST-7008,Vivek Nair,18.0,Male,Consumer,Central,Madhya Pradesh,Technology,Phones,Budget Smartphone S5,862.71,5,0.0,298.65
ORD-103070,2024-02-27,2024-03-03,CUST-7008,Vivek Nair,18.0,Male,Consumer,West,Maharashtra,Technology,Copiers,Compact Copier,2541.52,4,0.1,820.85
ORD-103071,2023-11-27,2023-12-03,CUST-6818,Sneha Kapoor,22.0,Female,Corporate,West,Maharashtra,Technology,Accessories,Wireless Mouse,1773.94,2,0.0,794.85
ORD-103072,2022-12-19,2022-12-25,CUST-9010,Isha Reddy,49.0,Female,Consumer,West,Rajasthan,Office Supplies,Envelopes,Window Envelopes,137.6,3,0.1,23.41
ORD-103073,2022-11-22,2022-11-29,CUST-9148,Rahul Mehta,41.0,Male,Corporate,South,Karnataka,Office Supplies,Envelopes,Window Envelopes,79.92,3,0.3,4.59
ORD-103074,2023-11-18,2023-11-23,CUST-4801,Kavita Gupta,18.0,Female,Corporate,East,Bihar,Office Supplies,Binders,3-Ring Binder,16.15,1,0.15,2.55
ORD-103075,2024-09-18,2024-09-21,CUST-5432,Arjun Verma,51.0,Male,Consumer,Central,Madhya Pradesh,Office Supplies,Binders,Clip Binder,470.79,7,0.0,175.3
ORD-103076,2024-11-29,2024-12-04,CUST-9190,Arjun Nair,35.0,Male,Corporate,South,Kerala,Technology,Copiers,Office Copier 200,133.65,1,0.0,40.67
ORD-103077,2022-05-21,2022-05-26,CUST-7233,Isha Nair,44.0,Female,Corporate,West,Maharashtra,Technology,Phones,Smartphone X12,3799.1,6,0.15,749.1
ORD-103078,2022-07-24,2022-07-29,CUST-3714,Suresh Reddy,22.0,Male,Corporate,West,Maharashtra,Technology,Copiers,Compact Copier,2877.83,7,0.0,655.29
ORD-103079,2024-11-27,2024-11-30,CUST-3610,Kavita Joshi,43.0,Female,Home Office,North,Punjab,Office Supplies,Paper,A4 Copy Paper Ream,147.79,6,0.2,16.85
ORD-103080,2024-04-06,2024-04-13,CUST-1345,Sneha Singh,23.0,Female,Home Office,West,Rajasthan,Office Supplies,Envelopes,Window Envelopes,163.9,3,0.15,9.65
ORD-103081,2024-10-06,2024-10-09,CUST-3610,Kavita Joshi,41.0,Female,Consumer,East,Bihar,Furniture,Tables,Adjustable Standing Desk,1662.03,5,0.1,186.34
ORD-103082,2022-09-22,2022-09-26,CUST-3422,Sneha Verma,36.0,Female,Consumer,South,Kerala,Technology,Phones,Budget Smartphone S5,690.71,4,0.0,280.25
ORD-103083,2023-11-10,2023-11-17,CUST-7140,Vivek Rao,31.0,Male,Corporate,North,Punjab,Furniture,Chairs,Executive Leather Chair,106.95,1,0.15,25.32
ORD-103084,2024-02-19,2024-02-23,CUST-6031,Divya Joshi,51.0,Female,Consumer,South,Karnataka,Technology,Machines,3D Printer Mini,2082.53,6,0.1,671.54
ORD-103085,2024-01-20,2024-01-24,CUST-1479,Rahul Reddy,53.0,Male,Home Office,Central,Madhya Pradesh,Office Supplies,Storage,Desk Organizer,82.64,3,0.1,14.13
ORD-103086,2023-04-13,2023-04-17,CUST-8996,Rohan Singh,28.0,Male,Corporate,North,Punjab,Furniture,Tables,Glass Coffee Table,3348.2,6,0.0,1284.77
ORD-103087,2022-01-22,2022-01-28,CUST-9190,Arjun Nair,38.0,Male,Consumer,North,Punjab,Office Supplies,Labels,Address Labels,299.47,7,0.0,60.87
ORD-103088,2023-11-07,2023-11-09,CUST-5319,Shreya Sharma,31.0,Female,Consumer,Central,Chhattisgarh,Office Supplies,Paper,A4 Copy Paper Ream,300.16,4,0.0,117.09
ORD-103089,2022-11-09,2022-11-11,CUST-4344,Ritu Patel,37.0,Female,Home Office,North,Punjab,Office Supplies,Binders,Clip Binder,131.31,3,,17.19
ORD-103090,2023-06-04,2023-06-08,CUST-8996,Rohan Singh,28.0,Male,Home Office,East,Bihar,Technology,Machines,3D Printer Mini,473.73,7,0.1,135.67
ORD-103091,2024-12-06,2024-12-10,CUST-7140,Vivek Rao,32.0,Male,Home Office,West,Maharashtra,Office Supplies,Paper,Notebook Set,327.21,6,0.2,13.96
ORD-103092,2023-04-01,2023-04-02,CUST-4146,Nikhil Patel,40.0,Male,Consumer,West,Maharashtra,Furniture,Bookcases,Ladder Bookshelf,226.86,2,0.2,12.9
ORD-103093,2024-08-17,2024-08-19,CUST-6817,Vivek Nair,34.0,Male,Home Office,East,West Bengal,Office Supplies,Storage,Desk Organizer,132.47,2,0.1,36.46
ORD-103094,2022-09-05,2022-09-06,CUST-8263,Priya Verma,31.0,Female,Consumer,Central,Chhattisgarh,Office Supplies,Binders,3-Ring Binder,198.82,4,0.1,57.18
ORD-103095,2024-01-09,2024-01-16,CUST-2698,Arjun Verma,40.0,Male,Corporate,West,Maharashtra,Office Supplies,Paper,A4 Copy Paper Ream,104.53,7,,21.18
ORD-103096,2024-12-17,2024-12-18,CUST-8903,Manish Mehta,19.0,Male,Consumer,Central,Madhya Pradesh,Furniture,Bookcases,Ladder Bookshelf,1668.15,5,0.4,-126.85
ORD-103097,2022-05-16,2022-05-21,CUST-2023,Aditya Sharma,21.0,Male,Consumer,West,Maharashtra,Office Supplies,Binders,3-Ring Binder,337.58,7,0.2,56.54
ORD-103098,2022-01-12,2022-01-18,CUST-1345,Sneha Singh,22.0,Female,Corporate,West,Rajasthan,Office Supplies,Paper,Notebook Set,105.35,2,0.2,22.18
ORD-103099,2023-05-15,2023-05-22,CUST-2004,Manish Rao,41.0,Male,Consumer,West,Maharashtra,Technology,Copiers,Compact Copier,165.45,1,0.0,38.41
ORD-103100,2022-05-05,2022-05-08,CUST-6817,Vivek Nair,32.0,Male,Consumer,West,Gujarat,Furniture,Bookcases,Ladder Bookshelf,677.38,3,0.2,102.04
ORD-103101,2024-04-21,2024-04-23,CUST-9952,Isha Kapoor,28.0,Female,Corporate,South,Tamil Nadu,Office Supplies,Art,Colored Pencils,34.41,2,0.15,6.79
ORD-103102,2024-11-05,2024-11-09,CUST-9968,Suresh Nair,31.0,Male,Consumer,West,Maharashtra,Technology,Copiers,Compact Copier,1386.28,2,0.0,507.73
ORD-103103,2023-05-15,2023-05-22,CUST-6885,Neha Gupta,34.0,Female,Consumer,East,Bihar,Furniture,Chairs,Ergo Mesh Office Chair,1082.73,2,0.3,97.12
ORD-103104,2022-11-13,2022-11-17,CUST-3707,Isha Sharma,35.0,Female,Consumer,Central,Madhya Pradesh,Furniture,Furnishings,Area Rug,1081.97,7,0.15,99.0
ORD-103105,2023-05-16,2023-05-19,CUST-7202,Vikram Iyer,40.0,Male,Consumer,East,West Bengal,Furniture,Furnishings,Area Rug,1943.24,5,0.4,-254.11
ORD-103106,2024-03-20,2024-03-27,CUST-4129,Neha Verma,51.0,Female,Consumer,East,Odisha,Office Supplies,Labels,Shipping Labels,343.37,7,0.1,98.02
ORD-103107,2022-01-13,2022-01-15,CUST-9190,Arjun Nair,35.0,Male,Corporate,South,Telangana,Furniture,Tables,Adjustable Standing Desk,1142.08,6,0.15,210.65
ORD-103108,2023-11-12,2023-11-19,CUST-7656,Meera Mehta,27.0,Female,Consumer,West,Gujarat,Office Supplies,Binders,View Binder,254.92,4,0.0,82.14
ORD-103109,2023-11-29,2023-12-03,CUST-6003,Aditya Patel,42.0,Male,Corporate,West,Rajasthan,Technology,Copiers,Compact Copier,2259.43,3,0.1,746.53
ORD-103110,2023-12-14,2023-12-18,CUST-4801,Kavita Gupta,18.0,Female,Consumer,North,Haryana,Furniture,Furnishings,Table Lamp,982.03,2,0.0,196.84
ORD-103111,2022-11-01,2022-11-06,CUST-3707,Isha Sharma,37.0,Female,Consumer,North,Delhi,Technology,Phones,Cordless Landline,2439.71,5,0.0,638.95
ORD-103112,2024-03-08,2024-03-09,CUST-3610,Kavita Joshi,40.0,Female,Consumer,South,Tamil Nadu,Office Supplies,Labels,Address Labels,83.72,2,0.0,23.96
ORD-103113,2022-05-03,2022-05-10,CUST-7656,Meera Mehta,29.0,Female,Consumer,North,Delhi,Office Supplies,Labels,Address Labels,73.25,3,0.0,19.45
ORD-103114,2022-09-18,2022-09-22,CUST-5963,Sanjay Reddy,37.0,Male,Consumer,West,Gujarat,Furniture,Chairs,Executive Leather Chair,2567.96,6,0.0,1129.2
ORD-103115,2024-10-01,2024-10-07,CUST-5168,Nikhil Reddy,22.0,Male,Consumer,North,Delhi,Technology,Machines,3D Printer Mini,2389.32,4,,390.72
ORD-103116,2024-04-08,2024-04-10,CUST-4092,Shreya Reddy,42.0,Female,Home Office,West,Rajasthan,Office Supplies,Binders,3-Ring Binder,145.0,2,0.0,39.26
ORD-103117,2022-01-19,2022-01-25,CUST-9010,Isha Reddy,47.0,Female,Home Office,South,Kerala,Furniture,Furnishings,Area Rug,1155.99,3,0.4,-78.81
ORD-103118,2022-11-06,2022-11-09,CUST-6003,Aditya Patel,42.0,Male,Consumer,East,Bihar,Office Supplies,Storage,Desk Organizer,58.37,2,0.1,18.35
ORD-103119,2022-10-05,2022-10-12,CUST-8996,Rohan Singh,25.0,Male,Consumer,North,Haryana,Furniture,Bookcases,Corner Bookcase,195.73,2,0.2,22.51
ORD-103120,2022-11-22,2022-11-27,CUST-3441,Manish Kapoor,55.0,Male,Corporate,Central,Madhya Pradesh,Office Supplies,Envelopes,Mailing Envelopes,260.21,4,,-10.7
ORD-103121,2022-11-05,2022-11-07,CUST-6003,Aditya Patel,40.0,Male,Corporate,North,Delhi,Office Supplies,Paper,Sticky Notes Pack,452.89,7,0.2,77.62
ORD-103122,2022-03-27,2022-04-01,CUST-6933,Arjun Verma,36.0,Male,Consumer,East,Odisha,Technology,Accessories,Mechanical Keyboard,1565.2,3,0.2,204.73
ORD-103123,2023-06-15,2023-06-16,CUST-3707,Isha Sharma,35.0,Female,Home Office,South,Kerala,Furniture,Furnishings,Curtain Set,769.77,5,0.2,64.56
ORD-103124,2024-04-01,2024-04-05,CUST-6789,Priya Singh,18.0,Female,Corporate,West,Gujarat,Technology,Accessories,Mechanical Keyboard,1654.19,4,0.0,335.5
ORD-103125,2023-11-24,2023-11-26,CUST-6420,Anita Singh,29.0,Female,Corporate,North,Uttar Pradesh,Furniture,Furnishings,Curtain Set,308.39,1,0.1,102.28
ORD-103126,2024-01-10,2024-01-13,CUST-3707,Isha Sharma,37.0,Female,Consumer,South,Karnataka,Office Supplies,Labels,Shipping Labels,141.16,4,0.0,63.13
ORD-103127,2022-04-20,2022-04-27,CUST-4889,Karan Nair,21.0,Male,Consumer,West,Maharashtra,Furniture,Tables,Oak Dining Table,3048.65,7,0.15,205.93
ORD-103128,2024-12-02,2024-12-03,CUST-6789,Priya Singh,18.0,Female,Corporate,Central,Chhattisgarh,Office Supplies,Envelopes,Window Envelopes,158.49,2,0.2,6.21
ORD-103129,2024-08-15,2024-08-16,CUST-6420,Anita Singh,28.0,Female,Consumer,Central,Madhya Pradesh,Technology,Phones,Cordless Landline,656.21,2,0.3,50.99
ORD-103130,2024-07-01,2024-07-06,CUST-4129,Neha Verma,51.0,Female,Consumer,East,West Bengal,Office Supplies,Binders,Clip Binder,187.48,4,0.0,73.58
ORD-103131,2024-07-26,2024-07-27,CUST-3739,Vikram Verma,48.0,Male,Consumer,Central,Madhya Pradesh,Furniture,Chairs,Foldable Study Chair,82.6,1,0.2,17.49
ORD-103132,2024-11-18,2024-11-20,CUST-7197,Rahul Singh,25.0,Male,Consumer,South,Tamil Nadu,Furniture,Tables,Round Side Table,1012.11,6,0.1,251.98
ORD-103133,2023-10-01,2023-10-06,CUST-6885,Neha Gupta,31.0,Female,Corporate,North,Delhi,Furniture,Furnishings,Table Lamp,3563.82,7,0.0,743.3
ORD-103134,2022-09-19,2022-09-20,CUST-6933,Arjun Verma,38.0,Male,Consumer,East,Bihar,Office Supplies,Storage,Desk Organizer,303.35,4,0.2,33.28
ORD-103135,2023-12-01,2023-12-08,CUST-6933,Arjun Verma,39.0,Male,Consumer,North,Haryana,Office Supplies,Envelopes,Window Envelopes,187.38,3,0.2,33.65
ORD-103136,2024-04-14,2024-04-17,CUST-2147,Aditya Reddy,48.0,Male,Corporate,Central,Chhattisgarh,Office Supplies,Art,Marker Set,246.85,5,0.2,23.16
ORD-103137,2024-04-07,2024-04-14,CUST-1475,Kavita Mehta,34.0,Female,Corporate,Central,Chhattisgarh,Office Supplies,Paper,A4 Copy Paper Ream,206.35,4,0.0,64.58
ORD-103138,2023-09-05,2023-09-11,CUST-6232,Priya Singh,37.0,Female,Corporate,North,Delhi,Technology,Accessories,Webcam HD,1169.79,3,0.2,126.72
ORD-103139,2022-04-04,2022-04-06,CUST-5561,Karan Rao,43.0,Male,Home Office,South,Kerala,Technology,Copiers,Compact Copier,1167.85,2,0.3,114.71
ORD-103140,2023-02-23,2023-02-26,CUST-5905,Suresh Reddy,38.0,Male,Corporate,West,Maharashtra,Office Supplies,Paper,Sticky Notes Pack,279.5,7,0.0,101.15
ORD-103141,2024-11-10,2024-11-13,CUST-5457,Vivek Sharma,44.0,Male,Consumer,West,Gujarat,Furniture,Bookcases,Corner Bookcase,1573.56,5,,135.3
ORD-103142,2023-11-08,2023-11-13,CUST-5457,Vivek Sharma,41.0,Male,Consumer,West,Gujarat,Office Supplies,Binders,View Binder,49.38,2,0.3,3.41
ORD-103143,2023-09-25,2023-09-29,CUST-4092,Shreya Reddy,40.0,Female,Consumer,South,Karnataka,Office Supplies,Envelopes,Window Envelopes,45.77,1,0.0,17.64
ORD-103144,2022-11-21,2022-11-26,CUST-5563,Suresh Sharma,27.0,Male,Consumer,East,West Bengal,Furniture,Chairs,Recliner Lounge Chair,2431.27,5,0.0,650.12
ORD-103145,2023-02-19,2023-02-21,CUST-4092,Shreya Reddy,43.0,Female,Corporate,North,Haryana,Office Supplies,Art,Sketch Pad,158.63,5,0.1,27.71
ORD-103146,2024-10-19,2024-10-21,CUST-4079,Meera Gupta,18.0,Female,Home Office,Central,Madhya Pradesh,Technology,Copiers,Office Copier 200,785.52,7,0.4,-42.44
ORD-103147,2024-01-01,2024-01-06,CUST-9956,Pooja Gupta,23.0,Female,Consumer,South,Kerala,Office Supplies,Storage,File Cabinet,81.68,4,0.15,19.96
ORD-103148,2024-06-08,2024-06-12,CUST-4766,Karan Nair,38.0,Male,Consumer,East,West Bengal,Office Supplies,Art,Colored Pencils,19.1,1,0.1,4.58
ORD-103149,2023-06-09,2023-06-16,CUST-4753,Vikram Mehta,37.0,Male,Consumer,West,Rajasthan,Furniture,Tables,Adjustable Standing Desk,2553.01,6,0.2,84.84
ORD-103150,2023-12-10,2023-12-15,CUST-9968,Suresh Nair,31.0,Male,Consumer,South,Tamil Nadu,Office Supplies,Storage,File Cabinet,235.29,7,0.15,52.24
ORD-103151,2022-11-06,2022-11-08,CUST-4870,Amit Gupta,29.0,Male,Home Office,Central,Chhattisgarh,Office Supplies,Labels,Shipping Labels,512.93,7,0.0,131.3
ORD-103152,2024-02-25,2024-02-29,CUST-6166,Arjun Singh,34.0,Male,Consumer,Central,Chhattisgarh,Furniture,Furnishings,Curtain Set,1512.34,5,0.1,218.18
ORD-103153,2023-05-07,2023-05-09,CUST-4162,Suresh Joshi,18.0,Male,Corporate,East,West Bengal,Office Supplies,Storage,Storage Box Set,136.25,7,0.0,39.07
ORD-103154,2023-05-25,2023-05-29,CUST-5255,Sanjay Gupta,37.0,Male,Consumer,North,Delhi,Office Supplies,Binders,3-Ring Binder,11.43,2,0.1,3.71
ORD-103155,2023-12-21,2023-12-25,CUST-6166,Arjun Singh,30.0,Male,Corporate,West,Maharashtra,Office Supplies,Labels,Shipping Labels,273.07,5,0.0,70.48
ORD-103156,2024-11-21,2024-11-26,CUST-7254,Sneha Gupta,23.0,Female,Consumer,Central,Madhya Pradesh,Office Supplies,Labels,Address Labels,538.73,7,0.15,68.82
ORD-103157,2022-03-29,2022-04-03,CUST-1475,Kavita Mehta,31.0,Female,Consumer,North,Haryana,Furniture,Furnishings,Wall Clock,794.63,5,0.0,236.94
ORD-103158,2024-07-28,2024-08-02,CUST-3925,Kavita Nair,25.0,Female,Corporate,North,Delhi,Furniture,Tables,Adjustable Standing Desk,999.34,2,0.3,-38.28
ORD-103159,2022-12-07,2022-12-11,CUST-5457,Vivek Sharma,43.0,Male,Consumer,West,Rajasthan,Technology,Phones,Smartphone X12,1745.62,2,0.1,252.99
ORD-103160,2023-05-27,2023-05-31,CUST-7204,Manish Mehta,24.0,Male,Consumer,East,Odisha,Furniture,Furnishings,Table Lamp,3735.04,7,0.1,405.1
ORD-103161,2022-01-31,2022-02-02,CUST-8455,Rahul Nair,45.0,Male,Corporate,North,Punjab,Office Supplies,Storage,Desk Organizer,159.9,5,0.2,9.69
ORD-103162,2022-12-12,2022-12-15,CUST-2655,Shreya Rao,31.0,Female,Consumer,East,Odisha,Office Supplies,Labels,Address Labels,80.67,3,0.1,14.11
ORD-103163,2023-08-13,2023-08-18,CUST-9614,Priya Rao,39.0,Female,Corporate,North,Delhi,Furniture,Chairs,Ergo Mesh Office Chair,2393.23,4,0.0,1070.09
ORD-103164,2022-03-19,2022-03-25,CUST-9582,Rohan Kapoor,26.0,Male,Consumer,East,Odisha,Technology,Phones,Cordless Landline,1379.87,4,0.4,-220.03
ORD-103165,2023-07-28,2023-07-30,CUST-5663,Shreya Nair,40.0,Female,Consumer,North,Haryana,Office Supplies,Labels,Address Labels,135.96,3,0.0,29.49
ORD-103166,2024-11-14,2024-11-16,CUST-1163,Kavita Joshi,32.0,Female,Corporate,North,Uttar Pradesh,Technology,Accessories,Wireless Mouse,5337.29,7,0.2,201.86
ORD-103167,2022-05-21,2022-05-22,CUST-6142,Aditya Sharma,26.0,Male,Consumer,West,Gujarat,Office Supplies,Envelopes,Mailing Envelopes,6.91,1,0.1,2.0
ORD-103168,2024-05-11,2024-05-16,CUST-4162,Suresh Joshi,18.0,Male,Consumer,East,Odisha,Office Supplies,Labels,Address Labels,499.62,7,0.4,-53.35
ORD-103169,2023-04-14,2023-04-21,CUST-5457,Vivek Sharma,40.0,Male,Consumer,East,West Bengal,Technology,Phones,Budget Smartphone S5,977.22,5,0.2,111.56
ORD-103170,2023-12-25,2023-12-27,CUST-4225,Karan Mehta,35.0,Male,Corporate,North,Delhi,Technology,Phones,Smartphone X12,2575.37,5,0.0,1010.08
ORD-103171,2022-11-14,2022-11-15,CUST-1717,Aditya Mehta,26.0,Male,Home Office,Central,Madhya Pradesh,Technology,Phones,Budget Smartphone S5,2518.51,3,0.1,413.9
ORD-103172,2022-07-31,2022-08-06,CUST-7204,Manish Mehta,23.0,Male,Home Office,Central,Madhya Pradesh,Office Supplies,Binders,3-Ring Binder,268.6,7,0.1,50.66
ORD-103173,2022-08-01,2022-08-07,CUST-1246,Rahul Reddy,22.0,Male,Corporate,North,Haryana,Office Supplies,Labels,Address Labels,271.48,4,0.1,49.24
ORD-103174,2022-04-07,2022-04-14,CUST-4162,Suresh Joshi,19.0,Male,Corporate,East,Odisha,Furniture,Furnishings,Curtain Set,987.35,2,0.0,205.36
ORD-103175,2022-09-02,2022-09-07,CUST-1717,Aditya Mehta,25.0,Male,Corporate,South,Telangana,Office Supplies,Storage,Storage Box Set,301.12,6,0.3,-18.73
ORD-103176,2023-12-30,2024-01-03,CUST-7065,Suresh Nair,36.0,Male,Corporate,South,Telangana,Office Supplies,Art,Sketch Pad,31.63,1,0.0,12.91
ORD-103177,2024-10-05,2024-10-06,CUST-2476,Vikram Reddy,40.0,Male,Consumer,North,Punjab,Furniture,Chairs,Foldable Study Chair,2109.29,5,0.15,419.68
ORD-103178,2024-07-14,2024-07-18,CUST-7193,Suresh Singh,40.0,Male,Corporate,West,Rajasthan,Furniture,Furnishings,Wall Clock,2449.46,6,0.0,931.35
ORD-103179,2024-01-26,2024-02-01,CUST-6166,Arjun Singh,31.0,Male,Consumer,East,West Bengal,Office Supplies,Envelopes,Mailing Envelopes,76.11,2,0.15,20.88
ORD-103180,2022-05-27,2022-06-02,CUST-5663,Shreya Nair,42.0,Female,Consumer,South,Telangana,Furniture,Furnishings,Table Lamp,1059.63,7,0.15,168.91
ORD-103181,2022-12-05,2022-12-08,CUST-4659,Anita Kapoor,53.0,Female,Consumer,Central,Chhattisgarh,Technology,Machines,3D Printer Mini,1945.55,3,0.0,509.47
ORD-103182,2022-12-17,2022-12-20,CUST-9157,Rohan Reddy,30.0,Male,Consumer,Central,Madhya Pradesh,Technology,Accessories,Mechanical Keyboard,386.27,1,0.2,33.15
ORD-103183,2022-11-07,2022-11-14,CUST-5663,Shreya Nair,43.0,Female,Consumer,East,West Bengal,Furniture,Bookcases,5-Shelf Bookcase,1299.52,3,0.0,421.31
ORD-103184,2023-08-28,2023-08-31,CUST-7193,Suresh Singh,40.0,Male,Corporate,West,Rajasthan,Office Supplies,Envelopes,Window Envelopes,163.3,3,0.3,24.36
ORD-103185,2023-09-22,2023-09-25,CUST-9157,Rohan Reddy,32.0,Male,Corporate,South,Telangana,Furniture,Chairs,Recliner Lounge Chair,679.33,7,0.1,105.14
ORD-103186,2023-02-02,2023-02-09,CUST-8098,Priya Patel,40.0,Female,Home Office,South,Kerala,Office Supplies,Paper,Sticky Notes Pack,20.15,1,0.0,7.47
ORD-103187,2023-01-29,2023-01-31,CUST-7254,Sneha Gupta,24.0,Female,Home Office,South,Karnataka,Technology,Machines,3D Printer Mini,1703.31,3,,414.73
ORD-103188,2024-08-02,2024-08-05,CUST-1974,Ritu Gupta,27.0,Female,Consumer,North,Uttar Pradesh,Office Supplies,Storage,Desk Organizer,242.06,4,0.4,-16.36
ORD-103189,2024-06-11,2024-06-13,CUST-1717,Aditya Mehta,27.0,Male,Consumer,South,Kerala,Office Supplies,Envelopes,Mailing Envelopes,145.47,7,0.15,37.22
ORD-103190,2022-12-16,2022-12-18,CUST-7193,Suresh Singh,43.0,Male,Consumer,Central,Madhya Pradesh,Office Supplies,Paper,Sticky Notes Pack,430.54,6,0.0,115.02
ORD-103191,2024-11-05,2024-11-10,CUST-9856,Rahul Iyer,40.0,Male,Consumer,Central,Madhya Pradesh,Technology,Machines,Label Maker,3319.44,5,0.2,366.15
ORD-103192,2024-12-03,2024-12-05,CUST-1810,Shreya Nair,32.0,Female,Consumer,North,Uttar Pradesh,Furniture,Chairs,Executive Leather Chair,649.44,2,0.0,194.1
ORD-103193,2022-12-28,2022-12-30,CUST-9373,Pooja Mehta,38.0,Female,Home Office,North,Delhi,Furniture,Tables,Adjustable Standing Desk,887.21,2,0.4,20.07
ORD-103194,2023-01-30,2023-02-02,CUST-6667,Suresh Verma,42.0,Male,Consumer,Central,Madhya Pradesh,Furniture,Bookcases,Ladder Bookshelf,896.99,3,0.1,282.53
ORD-103195,2023-08-16,2023-08-18,CUST-7065,Suresh Nair,35.0,Male,Consumer,South,Karnataka,Office Supplies,Paper,A4 Copy Paper Ream,52.24,1,0.2,2.15
ORD-103196,2024-11-25,2024-11-29,CUST-4718,Nikhil Rao,45.0,Male,Home Office,West,Maharashtra,Technology,Accessories,Mechanical Keyboard,1372.67,3,0.1,461.4
ORD-103197,2024-09-30,2024-10-07,CUST-6593,Rohan Singh,37.0,Male,Home Office,West,Rajasthan,Office Supplies,Storage,Storage Box Set,150.15,3,0.4,-10.64
ORD-103198,2022-05-17,2022-05-20,CUST-4162,Suresh Joshi,18.0,Male,Home Office,South,Telangana,Office Supplies,Envelopes,Window Envelopes,89.83,2,0.0,25.2
ORD-103199,2023-03-24,2023-03-31,CUST-4801,Anita Reddy,23.0,Female,Corporate,East,Odisha,Office Supplies,Binders,Clip Binder,124.1,6,0.1,29.13
ORD-103200,2023-10-11,2023-10-12,CUST-3184,Sanjay Sharma,21.0,Male,Consumer,West,Rajasthan,Technology,Accessories,USB-C Hub,4162.8,5,0.0,1440.77
ORD-103201,2023-08-13,2023-08-16,CUST-5250,Meera Patel,36.0,Female,Consumer,South,Kerala,Office Supplies,Paper,Notebook Set,115.76,2,0.1,29.68
ORD-103202,2022-09-12,2022-09-14,CUST-3792,Nikhil Singh,33.0,Male,Corporate,North,Haryana,Technology,Copiers,Office Copier 200,5278.13,7,0.2,1017.53
ORD-103203,2024-09-09,2024-09-13,CUST-4293,Suresh Gupta,45.0,Male,Home Office,North,Uttar Pradesh,Office Supplies,Labels,Shipping Labels,279.5,6,0.4,
ORD-103204,2024-01-15,2024-01-22,CUST-5930,Sneha Joshi,34.0,Female,Corporate,South,Telangana,Office Supplies,Paper,A4 Copy Paper Ream,35.37,1,0.0,9.58
ORD-103205,2024-08-14,2024-08-17,CUST-7107,Anjali Nair,34.0,Female,Home Office,East,Odisha,Furniture,Tables,Glass Coffee Table,1079.35,5,0.1,290.86
ORD-103206,2024-09-09,2024-09-13,CUST-1112,Vivek Verma,26.0,Male,Corporate,East,Odisha,Office Supplies,Storage,File Cabinet,56.76,2,0.0,12.29
ORD-103207,2024-04-21,2024-04-28,CUST-4801,Anita Reddy,21.0,Female,Corporate,West,Maharashtra,Technology,Accessories,Webcam HD,2065.53,4,0.15,298.11
ORD-103208,2023-05-21,2023-05-22,CUST-3792,Nikhil Singh,30.0,Male,Consumer,East,Odisha,Office Supplies,Labels,Shipping Labels,37.25,1,0.3,4.64
ORD-103209,2023-11-27,2023-12-03,CUST-9313,Arjun Gupta,46.0,Male,Corporate,East,Bihar,Technology,Copiers,Office Copier 200,650.51,2,0.0,254.53
ORD-103210,2022-08-01,2022-08-02,CUST-9313,Arjun Gupta,49.0,Male,Consumer,West,Rajasthan,Office Supplies,Storage,File Cabinet,78.63,5,0.0,31.15
ORD-103211,2024-01-11,2024-01-17,CUST-7212,Anjali Sharma,23.0,Female,Home Office,West,Maharashtra,Technology,Machines,Label Maker,4335.23,5,0.1,743.65
ORD-103212,2022-08-25,2022-08-30,CUST-7212,Anjali Sharma,24.0,Female,Corporate,South,Kerala,Office Supplies,Envelopes,Window Envelopes,53.27,3,0.1,12.93
ORD-103213,2024-02-08,2024-02-14,CUST-7710,Aditya Joshi,43.0,Male,Corporate,West,Maharashtra,Furniture,Tables,Oak Dining Table,1044.25,6,0.0,244.52
ORD-103214,2022-10-20,2022-10-25,CUST-3184,Sanjay Sharma,23.0,Male,Consumer,North,Haryana,Office Supplies,Binders,Clip Binder,95.09,2,0.0,32.96
ORD-103215,2022-06-05,2022-06-08,CUST-9313,Arjun Gupta,49.0,Male,Consumer,East,Odisha,Technology,Machines,Laser Printer,637.96,7,0.1,94.13
ORD-103216,2022-08-07,2022-08-12,CUST-4832,Rohan Kapoor,26.0,Male,Consumer,North,Delhi,Furniture,Tables,Round Side Table,230.47,1,0.15,19.36
ORD-103217,2022-01-03,2022-01-07,CUST-5077,Meera Singh,50.0,Female,Consumer,North,Haryana,Office Supplies,Binders,3-Ring Binder,32.54,4,0.15,7.42
ORD-103218,2024-03-14,2024-03-19,CUST-8657,Karan Reddy,46.0,Male,Home Office,Central,Madhya Pradesh,Office Supplies,Envelopes,Window Envelopes,87.29,7,0.3,4.27
ORD-103219,2024-03-31,2024-04-04,CUST-8716,Arjun Singh,20.0,Male,Home Office,South,Tamil Nadu,Office Supplies,Art,Marker Set,68.48,5,0.4,-8.63
ORD-103220,2023-08-28,2023-09-04,CUST-1738,Divya Singh,37.0,Female,Corporate,South,Telangana,Technology,Copiers,Compact Copier,507.68,3,0.15,70.86
ORD-103221,2022-08-02,2022-08-09,CUST-3624,Nikhil Verma,30.0,Male,Consumer,East,West Bengal,Furniture,Chairs,Recliner Lounge Chair,3684.4,7,0.0,845.36
ORD-103222,2022-04-24,2022-04-30,CUST-5317,Priya Nair,40.0,Female,Home Office,North,Haryana,Office Supplies,Binders,View Binder,504.61,7,0.2,30.46
ORD-103223,2022-01-27,2022-02-02,CUST-3857,Divya Gupta,34.0,Female,Corporate,West,Gujarat,Office Supplies,Art,Sketch Pad,384.59,6,0.4,-22.09
ORD-103224,2022-08-08,2022-08-14,CUST-8177,Ritu Reddy,38.0,Female,Corporate,Central,Madhya Pradesh,Technology,Copiers,Office Copier 200,3383.05,4,0.1,656.28
ORD-103225,2024-10-14,2024-10-19,CUST-5264,Karan Verma,41.0,Male,Home Office,South,Telangana,Technology,Phones,Cordless Landline,652.66,2,0.3,-12.82
ORD-103226,2022-11-01,2022-11-07,CUST-8040,Suresh Patel,33.0,Male,Consumer,West,Rajasthan,Office Supplies,Paper,A4 Copy Paper Ream,144.69,3,0.0,33.3
ORD-103227,2023-01-30,2023-02-04,CUST-1315,Priya Joshi,23.0,Female,Consumer,East,West Bengal,Office Supplies,Envelopes,Window Envelopes,146.21,5,0.1,50.33
ORD-103228,2022-05-20,2022-05-25,CUST-6593,Rohan Singh,35.0,Male,Consumer,West,Rajasthan,Technology,Phones,Smartphone X12,855.44,1,0.1,239.76
ORD-103229,2022-10-13,2022-10-15,CUST-7174,Divya Kapoor,32.0,Female,Consumer,Central,Madhya Pradesh,Furniture,Chairs,Foldable Study Chair,1133.29,2,0.0,438.23
ORD-103230,2023-09-03,2023-09-05,CUST-6593,Rohan Singh,37.0,Male,Corporate,Central,Chhattisgarh,Furniture,Chairs,Foldable Study Chair,846.57,4,0.15,229.95
ORD-103231,2023-11-25,2023-11-30,CUST-7174,Divya Kapoor,31.0,Female,Corporate,South,Kerala,Office Supplies,Envelopes,Window Envelopes,17.1,1,0.0,6.57
ORD-103232,2022-11-03,2022-11-10,CUST-8716,Arjun Singh,21.0,Male,Consumer,West,Rajasthan,Technology,Accessories,Webcam HD,1653.37,4,0.15,465.15
ORD-103233,2022-03-21,2022-03-25,CUST-8177,Ritu Reddy,38.0,Female,Consumer,South,Kerala,Office Supplies,Envelopes,Mailing Envelopes,369.56,7,0.0,153.68
ORD-103234,2023-03-21,2023-03-24,CUST-1974,Ritu Gupta,26.0,Female,Consumer,West,Rajasthan,Furniture,Bookcases,5-Shelf Bookcase,620.01,2,0.4,-4.22
ORD-103235,2022-10-24,2022-10-25,CUST-1535,Vikram Gupta,24.0,Male,Corporate,South,Telangana,Technology,Accessories,Mechanical Keyboard,2055.86,6,0.0,542.87
ORD-103236,2022-10-10,2022-10-12,CUST-4162,Suresh Joshi,18.0,Male,Consumer,East,Bihar,Office Supplies,Envelopes,Window Envelopes,40.78,4,0.0,15.48
ORD-103237,2024-12-07,2024-12-12,CUST-6117,Meera Verma,32.0,Female,Consumer,East,Bihar,Technology,Copiers,Compact Copier,1766.64,6,0.0,637.82
ORD-103238,2023-12-01,2023-12-02,CUST-8040,Suresh Patel,34.0,Male,Consumer,Central,Madhya Pradesh,Furniture,Bookcases,Ladder Bookshelf,2534.95,5,0.15,369.31
ORD-103239,2023-10-14,2023-10-16,CUST-1054,Sanjay Gupta,48.0,Male,Consumer,East,Odisha,Office Supplies,Envelopes,Mailing Envelopes,75.81,1,0.1,23.77
ORD-103240,2023-04-22,2023-04-25,CUST-1029,Rahul Mehta,33.0,Male,Consumer,Central,Madhya Pradesh,Furniture,Bookcases,Ladder Bookshelf,600.24,7,0.0,162.04
ORD-103241,2023-05-09,2023-05-13,CUST-8177,Ritu Reddy,36.0,Female,Corporate,North,Punjab,Technology,Machines,3D Printer Mini,472.51,1,0.1,153.53
ORD-103242,2023-09-28,2023-10-03,CUST-5264,Karan Verma,44.0,Male,Home Office,East,Bihar,Furniture,Bookcases,Corner Bookcase,750.98,2,0.0,260.11
ORD-103243,2024-02-12,2024-02-15,CUST-9460,Anjali Rao,18.0,Female,Corporate,North,Punjab,Technology,Machines,Laser Printer,622.95,1,0.0,163.7
ORD-103244,2024-02-20,2024-02-27,CUST-1974,Ritu Gupta,25.0,Female,Home Office,West,Rajasthan,Office Supplies,Envelopes,Window Envelopes,402.82,7,0.0,80.95
ORD-103245,2022-08-15,2022-08-17,CUST-6117,Meera Verma,31.0,Female,Home Office,West,Rajasthan,Technology,Accessories,Wireless Mouse,210.71,1,0.3,10.79
ORD-103246,2023-08-09,2023-08-14,CUST-5375,Sneha Mehta,34.0,Female,Consumer,South,Telangana,Furniture,Chairs,Executive Leather Chair,2772.99,5,0.4,-181.42
ORD-103247,2023-04-17,2023-04-18,CUST-6467,Aditya Patel,36.0,Male,Consumer,Central,Madhya Pradesh,Furniture,Tables,Adjustable Standing Desk,629.82,2,0.1,167.97
ORD-103248,2024-09-23,2024-09-30,CUST-5317,Priya Nair,44.0,Female,Consumer,West,Rajasthan,Technology,Accessories,Wireless Mouse,2118.84,5,0.4,-170.77
ORD-103249,2023-12-10,2023-12-17,CUST-3007,Isha Rao,24.0,Female,Consumer,North,Uttar Pradesh,Technology,Copiers,Compact Copier,560.71,1,0.1,118.42
ORD-103250,2023-09-18,2023-09-24,CUST-6467,Aditya Patel,39.0,Male,Home Office,South,Kerala,Office Supplies,Storage,File Cabinet,342.49,6,0.15,67.2
ORD-103251,2022-06-02,2022-06-06,CUST-9748,Nikhil Sharma,54.0,Male,Consumer,Central,Madhya Pradesh,Furniture,Chairs,Foldable Study Chair,1555.23,3,0.4,-119.38
ORD-103252,2023-11-23,2023-11-30,CUST-1921,Manish Kapoor,43.0,Male,Corporate,Central,Chhattisgarh,Technology,Copiers,Compact Copier,2882.43,5,0.3,-47.28
ORD-103253,2022-06-04,2022-06-06,CUST-5605,Aditya Joshi,29.0,Male,Home Office,East,Odisha,Office Supplies,Art,Sketch Pad,321.56,5,0.1,34.74
ORD-103254,2023-01-06,2023-01-10,CUST-5566,Neha Kapoor,51.0,Female,Consumer,South,Kerala,Office Supplies,Paper,Notebook Set,25.06,4,0.15,7.4
ORD-103255,2022-07-08,2022-07-13,CUST-9864,Anjali Sharma,24.0,Female,Corporate,North,Uttar Pradesh,Office Supplies,Paper,Notebook Set,530.34,7,0.2,27.07
ORD-103256,2024-02-05,2024-02-11,CUST-1316,Vikram Kapoor,39.0,Male,Home Office,East,West Bengal,Office Supplies,Binders,3-Ring Binder,50.98,3,0.1,8.74
ORD-103257,2022-09-26,2022-09-29,CUST-8521,Sanjay Nair,35.0,Male,Corporate,South,Telangana,Office Supplies,Labels,Address Labels,297.94,6,0.0,101.73
ORD-103258,2023-03-22,2023-03-26,CUST-9460,Anjali Rao,18.0,Female,Corporate,West,Gujarat,Technology,Accessories,Wireless Mouse,2906.07,7,0.15,388.44
ORD-103259,2024-10-19,2024-10-20,CUST-1029,Rahul Mehta,31.0,Male,Corporate,North,Delhi,Office Supplies,Envelopes,Mailing Envelopes,385.05,7,0.0,141.88
ORD-103260,2022-09-24,2022-09-26,CUST-5907,Shreya Joshi,45.0,Female,Corporate,East,West Bengal,Office Supplies,Binders,View Binder,164.54,4,0.0,41.86
ORD-103261,2023-08-19,2023-08-20,CUST-8521,Sanjay Nair,36.0,Male,Corporate,North,Punjab,Office Supplies,Envelopes,Mailing Envelopes,55.08,3,,22.18
ORD-103262,2023-04-27,2023-05-01,CUST-1054,Sanjay Gupta,46.0,Male,Home Office,Central,Chhattisgarh,Furniture,Chairs,Foldable Study Chair,3223.53,6,0.0,654.05
ORD-103263,2022-01-25,2022-01-31,CUST-3278,Sneha Mehta,38.0,Female,Consumer,West,Gujarat,Furniture,Furnishings,Curtain Set,1704.54,3,0.15,102.05
ORD-103264,2024-06-15,2024-06-18,CUST-9864,Anjali Sharma,23.0,Female,Consumer,West,Maharashtra,Furniture,Bookcases,5-Shelf Bookcase,567.25,2,0.15,132.27
ORD-103265,2022-04-05,2022-04-08,CUST-4409,Aditya Patel,21.0,Male,Consumer,North,Delhi,Office Supplies,Envelopes,Window Envelopes,34.99,2,0.3,1.07
ORD-103266,2023-07-05,2023-07-06,CUST-6838,Rohan Singh,36.0,Male,Consumer,North,Haryana,Technology,Copiers,Office Copier 200,1245.41,2,0.1,286.9
ORD-103267,2023-10-18,2023-10-23,CUST-1700,Karan Rao,33.0,Male,Consumer,North,Haryana,Technology,Accessories,Webcam HD,3415.51,6,0.15,387.73
ORD-103268,2023-12-08,2023-12-13,CUST-1974,Ritu Gupta,28.0,Female,Corporate,West,Gujarat,Furniture,Tables,Round Side Table,1491.75,7,0.1,475.99
ORD-103269,2024-01-31,2024-02-06,CUST-7377,Rahul Reddy,32.0,Male,Home Office,North,Uttar Pradesh,Technology,Copiers,Compact Copier,1502.11,2,0.1,490.04
ORD-103270,2022-11-09,2022-11-12,CUST-8348,Divya Singh,28.0,Female,Consumer,South,Kerala,Office Supplies,Labels,Shipping Labels,141.9,5,0.15,21.0
ORD-103271,2022-01-14,2022-01-15,CUST-1623,Manish Reddy,48.0,Male,Home Office,South,Tamil Nadu,Technology,Phones,Cordless Landline,973.75,2,0.1,310.33
ORD-103272,2024-03-20,2024-03-21,CUST-3278,Sneha Mehta,35.0,Female,Corporate,East,West Bengal,Furniture,Tables,Adjustable Standing Desk,450.94,1,0.2,3.87
ORD-103273,2023-09-22,2023-09-23,CUST-4155,Meera Gupta,26.0,Female,Consumer,West,Rajasthan,Office Supplies,Paper,Notebook Set,274.65,6,0.2,8.15
ORD-103274,2024-08-12,2024-08-16,CUST-4287,Karan Reddy,40.0,Male,Consumer,East,West Bengal,Furniture,Furnishings,Wall Clock,3378.49,7,0.0,688.89
ORD-103275,2024-07-24,2024-07-30,CUST-7377,Rahul Reddy,31.0,Male,Consumer,West,Maharashtra,Office Supplies,Art,Colored Pencils,38.51,1,0.0,10.83
ORD-103276,2024-08-21,2024-08-26,CUST-4155,Meera Gupta,29.0,Female,Consumer,East,Odisha,Technology,Phones,Smartphone X12,1952.07,3,0.2,357.93
ORD-103277,2023-07-20,2023-07-25,CUST-5317,Priya Nair,40.0,Female,Consumer,East,Odisha,Technology,Copiers,Office Copier 200,4636.08,7,0.0,1693.42
ORD-103278,2023-01-01,2023-01-05,CUST-2034,Manish Joshi,33.0,Male,Corporate,South,Karnataka,Office Supplies,Labels,Address Labels,384.4,7,0.0,81.53
ORD-103279,2024-06-14,2024-06-16,CUST-8956,Rahul Gupta,56.0,Male,Corporate,East,West Bengal,Office Supplies,Envelopes,Window Envelopes,139.82,3,0.4,-8.41
ORD-103280,2023-06-05,2023-06-09,CUST-1937,Anjali Verma,24.0,Female,Corporate,West,Rajasthan,Office Supplies,Paper,Sticky Notes Pack,141.07,4,0.0,38.14
ORD-103281,2022-08-30,2022-09-05,CUST-6804,Rohan Reddy,30.0,Male,Consumer,South,Karnataka,Furniture,Chairs,Recliner Lounge Chair,1608.25,7,0.0,513.74
ORD-103282,2024-09-05,2024-09-06,CUST-5317,Priya Nair,40.0,Female,Corporate,South,Karnataka,Office Supplies,Labels,Shipping Labels,14.82,2,0.15,2.06
ORD-103283,2024-10-06,2024-10-10,CUST-4493,Amit Joshi,38.0,Male,Consumer,West,Rajasthan,Office Supplies,Envelopes,Window Envelopes,178.7,3,0.15,33.92
ORD-103284,2023-06-25,2023-06-26,CUST-1336,Pooja Joshi,26.0,Female,Corporate,South,Telangana,Office Supplies,Binders,3-Ring Binder,45.24,4,0.3,4.87
ORD-103285,2022-04-13,2022-04-19,CUST-1042,Vivek Joshi,38.0,Male,Corporate,West,Gujarat,Technology,Copiers,Office Copier 200,1524.73,6,0.0,390.08
ORD-103286,2023-03-17,2023-03-24,CUST-4107,Isha Sharma,36.0,Female,Consumer,Central,Chhattisgarh,Technology,Phones,Budget Smartphone S5,5392.75,7,0.1,1495.83
ORD-103287,2024-06-29,2024-07-05,CUST-1623,Manish Reddy,49.0,Male,Corporate,West,Maharashtra,Office Supplies,Binders,View Binder,303.19,6,0.1,101.73
ORD-103288,2024-10-25,2024-10-28,CUST-3587,Amit Rao,29.0,Male,Consumer,Central,Chhattisgarh,Technology,Phones,Smartphone X12,636.02,2,0.4,-85.81
ORD-103289,2022-09-23,2022-09-24,CUST-3404,Suresh Reddy,61.0,Male,Consumer,Central,Chhattisgarh,Office Supplies,Labels,Shipping Labels,68.8,2,0.2,7.52
ORD-103290,2022-04-02,2022-04-07,CUST-8029,Anita Nair,29.0,Female,Home Office,West,Gujarat,Office Supplies,Binders,Clip Binder,221.68,3,0.1,39.88
ORD-103291,2024-10-01,2024-10-05,CUST-8956,Rahul Gupta,59.0,Male,Consumer,East,Odisha,Office Supplies,Paper,Notebook Set,84.26,6,0.3,8.08
ORD-103292,2023-03-19,2023-03-26,CUST-6572,Rahul Joshi,44.0,Male,Home Office,South,Karnataka,Furniture,Chairs,Ergo Mesh Office Chair,1339.7,3,0.0,371.68
ORD-103293,2023-09-29,2023-10-05,CUST-2067,Kavita Gupta,64.0,Female,Corporate,North,Uttar Pradesh,Technology,Machines,Laser Printer,3672.88,5,0.3,-84.57
ORD-103294,2024-12-12,2024-12-13,CUST-6843,Anita Iyer,54.0,Female,Consumer,South,Tamil Nadu,Furniture,Bookcases,Corner Bookcase,954.81,4,0.1,304.34
ORD-103295,2022-04-02,2022-04-09,CUST-3718,Priya Gupta,38.0,Female,Home Office,North,Uttar Pradesh,Office Supplies,Labels,Shipping Labels,246.84,7,0.3,-18.26
ORD-103296,2023-12-21,2023-12-23,CUST-2200,Nikhil Mehta,47.0,Male,Consumer,North,Uttar Pradesh,Office Supplies,Storage,File Cabinet,116.44,7,0.1,25.75
ORD-103297,2022-04-11,2022-04-14,CUST-6890,Pooja Iyer,28.0,Female,Consumer,North,Punjab,Office Supplies,Paper,Notebook Set,323.31,7,0.0,78.83
ORD-103298,2023-03-01,2023-03-03,CUST-9791,Ritu Joshi,18.0,Female,Home Office,Central,Chhattisgarh,Technology,Machines,Laser Printer,468.96,2,0.1,111.23
ORD-103299,2024-06-30,2024-07-06,CUST-1259,Shreya Nair,38.0,Female,Home Office,North,Haryana,Furniture,Bookcases,5-Shelf Bookcase,1386.92,7,0.0,564.99
ORD-103300,2023-05-14,2023-05-16,CUST-5375,Sneha Mehta,33.0,Female,Consumer,West,Rajasthan,Technology,Machines,Label Maker,3228.92,5,0.0,1004.8
ORD-103301,2024-12-30,2025-01-01,CUST-5317,Priya Nair,43.0,Female,Consumer,North,Haryana,Office Supplies,Labels,Shipping Labels,179.96,5,0.3,11.95
ORD-103302,2023-10-16,2023-10-19,CUST-9748,Nikhil Sharma,53.0,Male,Corporate,North,Haryana,Furniture,Furnishings,Table Lamp,2228.61,5,0.0,525.16
ORD-103303,2022-12-24,2022-12-27,CUST-6579,Rahul Singh,42.0,Male,Consumer,West,Rajasthan,Office Supplies,Labels,Shipping Labels,96.32,2,0.3,13.53
ORD-103304,2022-10-10,2022-10-13,CUST-2349,Shreya Joshi,38.0,Female,Consumer,East,West Bengal,Office Supplies,Paper,A4 Copy Paper Ream,212.13,4,0.15,44.51
ORD-103305,2023-01-24,2023-01-31,CUST-4409,Aditya Patel,20.0,Male,Corporate,Central,Chhattisgarh,Office Supplies,Paper,Sticky Notes Pack,127.66,7,0.0,50.64
ORD-103306,2023-02-25,2023-02-28,CUST-8956,Rahul Gupta,57.0,Male,Consumer,West,Maharashtra,Furniture,Chairs,Foldable Study Chair,2808.12,6,0.15,788.36
ORD-103307,2022-04-04,2022-04-06,CUST-1042,Vivek Joshi,35.0,Male,Corporate,Central,Madhya Pradesh,Furniture,Tables,Adjustable Standing Desk,2896.26,6,0.0,1091.98
ORD-103308,2023-02-21,2023-02-26,CUST-4717,Anita Verma,33.0,Female,Home Office,East,West Bengal,Technology,Phones,Smartphone X12,2254.2,4,0.1,305.95
ORD-103309,2023-06-22,2023-06-27,CUST-2577,Meera Nair,36.0,Female,Consumer,Central,Chhattisgarh,Office Supplies,Art,Marker Set,73.29,1,0.0,25.1
ORD-103310,2024-03-19,2024-03-22,CUST-3796,Anjali Nair,33.0,Female,Home Office,West,Maharashtra,Furniture,Furnishings,Curtain Set,3065.97,6,0.0,699.63
ORD-103311,2023-12-26,2024-01-02,CUST-6925,Amit Verma,25.0,Male,Consumer,South,Telangana,Technology,Phones,Cordless Landline,3846.88,5,0.1,1001.18
ORD-103312,2024-03-01,2024-03-05,CUST-7721,Kavita Iyer,39.0,Female,Consumer,Central,Madhya Pradesh,Technology,Phones,Budget Smartphone S5,423.38,2,0.1,81.36
ORD-103313,2022-01-12,2022-01-13,CUST-9791,Ritu Joshi,18.0,Female,Home Office,Central,Chhattisgarh,Technology,Copiers,Compact Copier,692.04,3,0.1,136.41
ORD-103314,2022-10-08,2022-10-14,CUST-6890,Pooja Iyer,28.0,Female,Home Office,East,Odisha,Furniture,Chairs,Recliner Lounge Chair,1105.45,3,0.0,416.32
ORD-103315,2023-12-29,2024-01-05,CUST-3082,Priya Singh,37.0,Female,Corporate,North,Uttar Pradesh,Office Supplies,Art,Marker Set,238.83,7,0.0,52.96
ORD-103316,2023-07-19,2023-07-23,CUST-3082,Priya Singh,39.0,Female,Corporate,East,West Bengal,Furniture,Tables,Round Side Table,931.74,2,0.2,82.01
ORD-103317,2022-01-08,2022-01-14,CUST-3796,Anjali Nair,32.0,Female,Consumer,Central,Madhya Pradesh,Furniture,Chairs,Executive Leather Chair,1730.84,4,0.2,333.42
ORD-103318,2024-06-30,2024-07-04,CUST-3937,Rohan Verma,41.0,Male,Consumer,West,Rajasthan,Office Supplies,Storage,Desk Organizer,139.91,4,0.2,29.92
ORD-103319,2024-05-21,2024-05-25,CUST-9403,Amit Verma,27.0,Male,Consumer,North,Uttar Pradesh,Technology,Copiers,Office Copier 200,3442.34,4,0.0,1447.44
ORD-103320,2023-10-06,2023-10-11,CUST-4409,Aditya Patel,23.0,Male,Corporate,Central,Chhattisgarh,Office Supplies,Labels,Address Labels,70.89,1,0.3,3.51
ORD-103321,2022-04-01,2022-04-02,CUST-2695,Meera Patel,57.0,Female,Consumer,South,Tamil Nadu,Office Supplies,Paper,Sticky Notes Pack,261.98,7,0.1,78.2
ORD-103322,2024-05-13,2024-05-17,CUST-4662,Sneha Reddy,44.0,Female,Consumer,North,Punjab,Furniture,Bookcases,Ladder Bookshelf,2650.74,7,0.1,539.91
ORD-103323,2023-11-07,2023-11-10,CUST-9244,Neha Nair,39.0,Female,Corporate,Central,Chhattisgarh,Furniture,Furnishings,Curtain Set,605.83,2,0.2,11.63
ORD-103324,2024-06-01,2024-06-07,CUST-3700,Priya Kapoor,34.0,Female,Home Office,South,Tamil Nadu,Technology,Phones,Budget Smartphone S5,748.67,3,0.1,99.14
ORD-103325,2024-04-25,2024-05-02,CUST-5270,Pooja Gupta,33.0,Female,Consumer,West,Maharashtra,Office Supplies,Storage,Storage Box Set,154.36,4,0.1,34.29
ORD-103326,2024-06-29,2024-07-04,CUST-6465,Priya Singh,31.0,Female,Consumer,North,Haryana,Furniture,Tables,Glass Coffee Table,180.08,1,0.1,27.32
ORD-103327,2023-09-01,2023-09-07,CUST-2695,Meera Patel,55.0,Female,Home Office,South,Telangana,Technology,Machines,3D Printer Mini,335.81,5,0.15,54.07
ORD-103328,2022-07-04,2022-07-07,CUST-9826,Anita Reddy,36.0,Female,Corporate,West,Rajasthan,Office Supplies,Labels,Address Labels,33.4,5,0.3,2.8
ORD-103329,2024-01-07,2024-01-10,CUST-9826,Anita Reddy,35.0,Female,Home Office,North,Delhi,Office Supplies,Labels,Shipping Labels,100.09,3,0.0,43.76
ORD-103330,2023-12-04,2023-12-08,CUST-9791,Ritu Joshi,18.0,Female,Consumer,East,Odisha,Technology,Copiers,Office Copier 200,934.92,7,0.0,227.04
ORD-103331,2024-04-13,2024-04-16,CUST-7976,Shreya Verma,40.0,Female,Consumer,North,Delhi,Technology,Copiers,Office Copier 200,3339.0,5,0.2,198.25
ORD-103332,2022-08-13,2022-08-14,CUST-2898,Anita Sharma,18.0,Female,Consumer,West,Rajasthan,Furniture,Chairs,Executive Leather Chair,682.04,2,0.2,164.27
ORD-103333,2022-09-13,2022-09-16,CUST-2437,Rohan Verma,28.0,Male,Consumer,South,Karnataka,Furniture,Furnishings,Table Lamp,462.84,2,0.0,132.01
ORD-103334,2024-10-14,2024-10-18,CUST-1954,Priya Mehta,29.0,Female,Corporate,North,Haryana,Technology,Copiers,Office Copier 200,1837.32,6,0.1,578.27
ORD-103335,2024-04-23,2024-04-29,CUST-9513,Anjali Iyer,33.0,Female,Home Office,East,Odisha,Technology,Accessories,Wireless Mouse,4200.75,6,0.1,1139.51
ORD-103336,2024-11-01,2024-11-04,CUST-6296,Divya Kapoor,49.0,Female,Corporate,West,Rajasthan,Office Supplies,Storage,Desk Organizer,24.39,1,0.1,3.44
ORD-103337,2024-05-04,2024-05-09,CUST-1937,Anjali Verma,24.0,Female,Corporate,South,Tamil Nadu,Office Supplies,Storage,Desk Organizer,317.48,5,0.0,78.34
ORD-103338,2023-11-17,2023-11-24,CUST-3937,Rohan Verma,42.0,Male,Consumer,North,Delhi,Technology,Accessories,Mechanical Keyboard,1735.86,3,0.1,285.74
ORD-103339,2023-12-24,2023-12-29,CUST-1954,Priya Mehta,28.0,Female,Corporate,South,Tamil Nadu,Technology,Accessories,USB-C Hub,1018.99,3,0.0,364.95
ORD-103340,2024-10-13,2024-10-18,CUST-9921,Vivek Patel,46.0,Male,Consumer,South,Kerala,Office Supplies,Art,Sketch Pad,546.2,7,0.1,116.05
ORD-103341,2023-11-04,2023-11-10,CUST-5324,Ritu Mehta,41.0,Female,Corporate,South,Karnataka,Technology,Machines,3D Printer Mini,1083.37,7,0.3,35.59
ORD-103342,2023-12-11,2023-12-13,CUST-7372,Ritu Gupta,22.0,Female,Consumer,South,Kerala,Office Supplies,Binders,3-Ring Binder,9.64,1,0.2,1.72
ORD-103343,2022-07-26,2022-08-02,CUST-1954,Priya Mehta,27.0,Female,Home Office,East,West Bengal,Technology,Phones,Cordless Landline,1255.76,4,0.0,464.31
ORD-103344,2023-07-05,2023-07-10,CUST-3945,Manish Mehta,51.0,Male,Consumer,North,Delhi,Office Supplies,Envelopes,Window Envelopes,88.03,5,0.2,10.75
ORD-103345,2024-03-11,2024-03-16,CUST-8811,Kavita Kapoor,34.0,Female,Corporate,Central,Chhattisgarh,Office Supplies,Labels,Shipping Labels,224.05,3,0.15,57.34
ORD-103346,2022-11-22,2022-11-24,CUST-8811,Kavita Kapoor,34.0,Female,Corporate,South,Karnataka,Office Supplies,Art,Marker Set,76.68,2,0.1,21.13
ORD-103347,2022-09-21,2022-09-27,CUST-1429,Suresh Singh,47.0,Male,Consumer,South,Kerala,Technology,Accessories,USB-C Hub,3029.5,4,0.0,1229.69
ORD-103348,2022-12-20,2022-12-27,CUST-1134,Shreya Gupta,38.0,Female,Consumer,East,Odisha,Technology,Phones,Cordless Landline,1680.84,4,0.15,340.86
ORD-103349,2022-11-01,2022-11-06,CUST-6296,Divya Kapoor,46.0,Female,Corporate,South,Kerala,Technology,Copiers,Office Copier 200,1496.73,6,0.1,493.97
ORD-103350,2022-10-05,2022-10-09,CUST-5324,Ritu Mehta,44.0,Female,Home Office,Central,Chhattisgarh,Office Supplies,Labels,Shipping Labels,36.09,1,0.1,4.77
ORD-103351,2023-05-04,2023-05-10,CUST-6234,Rohan Mehta,32.0,Male,Consumer,West,Rajasthan,Office Supplies,Binders,View Binder,47.45,2,0.3,0.04
ORD-103352,2024-10-31,2024-11-07,CUST-8158,Vikram Iyer,32.0,Male,Consumer,Central,Madhya Pradesh,Office Supplies,Art,Marker Set,68.74,1,0.1,23.74
ORD-103353,2023-08-18,2023-08-23,CUST-6446,Arjun Nair,18.0,Male,Corporate,South,Tamil Nadu,Furniture,Tables,Round Side Table,1715.0,5,0.0,353.69
ORD-103354,2022-09-05,2022-09-10,CUST-1134,Shreya Gupta,36.0,Female,Corporate,East,West Bengal,Furniture,Chairs,Executive Leather Chair,942.18,2,0.0,266.03
ORD-103355,2022-04-15,2022-04-17,CUST-5232,Anita Sharma,53.0,Female,Consumer,West,Rajasthan,Office Supplies,Art,Sketch Pad,403.67,6,0.0,159.81
ORD-103356,2024-02-11,2024-02-18,CUST-1235,Sanjay Mehta,43.0,Male,Consumer,South,Telangana,Furniture,Furnishings,Area Rug,1254.46,3,0.1,384.85
ORD-103357,2023-03-11,2023-03-15,CUST-3988,Vivek Nair,38.0,Male,Consumer,West,Maharashtra,Office Supplies,Binders,Clip Binder,52.77,2,0.1,10.55
ORD-103358,2024-07-24,2024-07-30,CUST-8956,Rahul Gupta,55.0,Male,Consumer,East,West Bengal,Furniture,Furnishings,Area Rug,2373.53,4,0.3,-89.33
ORD-103359,2023-12-27,2023-12-30,CUST-2319,Rohan Kapoor,34.0,Male,Consumer,South,Tamil Nadu,Office Supplies,Paper,A4 Copy Paper Ream,48.64,6,0.0,21.49
ORD-103360,2024-06-20,2024-06-21,CUST-2819,Suresh Iyer,35.0,Male,Corporate,West,Maharashtra,Furniture,Chairs,Recliner Lounge Chair,3196.84,6,0.1,763.19
ORD-103361,2022-11-23,2022-11-27,CUST-5877,Nikhil Sharma,24.0,Male,Consumer,West,Gujarat,Technology,Copiers,Office Copier 200,1230.44,6,0.0,467.5
ORD-103362,2024-02-06,2024-02-09,CUST-5395,Isha Rao,29.0,Female,Home Office,South,Kerala,Furniture,Bookcases,Ladder Bookshelf,2662.04,5,0.15,261.32
ORD-103363,2022-11-17,2022-11-21,CUST-1235,Sanjay Mehta,40.0,Male,Consumer,West,Maharashtra,Furniture,Chairs,Ergo Mesh Office Chair,3146.07,7,0.15,266.49
ORD-103364,2024-11-23,2024-11-30,CUST-5197,Neha Gupta,24.0,Female,Corporate,East,West Bengal,Office Supplies,Labels,Address Labels,279.81,5,0.0,93.53
ORD-103365,2023-12-13,2023-12-16,CUST-6512,Anjali Nair,19.0,Female,Consumer,South,Kerala,Office Supplies,Storage,Storage Box Set,118.59,3,0.15,12.61
ORD-103366,2022-12-26,2023-01-02,CUST-4798,Priya Kapoor,23.0,Female,Home Office,Central,Madhya Pradesh,Office Supplies,Art,Sketch Pad,97.03,4,0.0,27.64
ORD-103367,2022-11-21,2022-11-24,CUST-5316,Kavita Nair,44.0,Female,Corporate,South,Tamil Nadu,Technology,Accessories,Webcam HD,724.12,2,0.1,157.27
ORD-103368,2022-09-08,2022-09-12,CUST-8971,Kavita Verma,41.0,Female,Corporate,North,Haryana,Furniture,Furnishings,Table Lamp,327.6,4,0.0,107.6
ORD-103369,2024-02-09,2024-02-11,CUST-1249,Rohan Kapoor,21.0,Male,Consumer,South,Karnataka,Office Supplies,Art,Colored Pencils,551.66,7,0.15,79.08
ORD-103370,2022-10-09,2022-10-13,CUST-1249,Rohan Kapoor,24.0,Male,Corporate,Central,Chhattisgarh,Technology,Phones,Cordless Landline,861.08,1,0.0,249.91
ORD-103371,2023-11-16,2023-11-23,CUST-3752,Anjali Sharma,38.0,Female,Home Office,North,Haryana,Office Supplies,Art,Sketch Pad,132.39,4,0.15,33.51
ORD-103372,2022-11-18,2022-11-22,CUST-5232,Anita Sharma,52.0,Female,Corporate,North,Punjab,Office Supplies,Storage,Desk Organizer,37.74,6,0.0,13.06
ORD-103373,2023-12-29,2024-01-01,CUST-1235,Sanjay Mehta,44.0,Male,Consumer,West,Rajasthan,Office Supplies,Paper,Notebook Set,131.64,2,0.0,36.41
ORD-103374,2024-07-15,2024-07-16,CUST-7214,Suresh Sharma,28.0,Male,Home Office,East,Bihar,Office Supplies,Art,Marker Set,37.9,1,,4.47
ORD-103375,2024-05-28,2024-05-31,CUST-1235,Sanjay Mehta,40.0,Male,Consumer,North,Punjab,Office Supplies,Envelopes,Mailing Envelopes,96.57,2,0.15,20.76
ORD-103376,2024-05-07,2024-05-12,CUST-8798,Vikram Reddy,38.0,Male,Consumer,South,Karnataka,Office Supplies,Labels,Address Labels,56.24,1,0.0,20.78
ORD-103377,2022-09-05,2022-09-09,CUST-6694,Kavita Verma,39.0,Female,Corporate,West,Gujarat,Technology,Accessories,Wireless Mouse,3594.9,7,0.3,-150.13
ORD-103378,2022-04-30,2022-05-06,CUST-2319,Rohan Kapoor,34.0,Male,Consumer,East,West Bengal,Furniture,Tables,Round Side Table,1641.31,3,0.0,378.61
ORD-103379,2024-02-15,2024-02-19,CUST-1249,Rohan Kapoor,20.0,Male,Consumer,North,Haryana,Furniture,Bookcases,Ladder Bookshelf,1225.5,7,0.2,211.95
ORD-103380,2023-02-19,2023-02-21,CUST-8811,Kavita Kapoor,33.0,Female,Consumer,South,Karnataka,Office Supplies,Labels,Address Labels,25.68,1,0.3,0.29
ORD-103381,2023-05-13,2023-05-20,CUST-5395,Isha Rao,29.0,Female,Consumer,South,Telangana,Furniture,Bookcases,5-Shelf Bookcase,1063.7,3,0.0,390.45
ORD-103382,2022-02-13,2022-02-19,CUST-5395,Isha Rao,27.0,Female,Consumer,East,West Bengal,Technology,Machines,Label Maker,4962.42,7,0.1,
ORD-103383,2022-11-14,2022-11-17,CUST-1875,Ritu Verma,46.0,Female,Consumer,Central,Madhya Pradesh,Furniture,Furnishings,Area Rug,321.24,1,0.3,-8.8
ORD-103384,2022-02-17,2022-02-19,CUST-9857,Ritu Singh,26.0,Female,Corporate,North,Delhi,Furniture,Bookcases,5-Shelf Bookcase,1705.95,4,0.1,493.26
ORD-103385,2024-10-03,2024-10-07,CUST-6172,Vivek Verma,33.0,Male,Corporate,North,Delhi,Office Supplies,Envelopes,Window Envelopes,123.34,2,0.2,13.67
ORD-103386,2022-11-02,2022-11-05,CUST-5524,Nikhil Rao,30.0,Male,Home Office,Central,Chhattisgarh,Technology,Machines,3D Printer Mini,1073.45,2,0.3,55.99
ORD-103387,2023-10-15,2023-10-18,CUST-3652,Vikram Gupta,23.0,Male,Corporate,Central,Chhattisgarh,Technology,Phones,Smartphone X12,1421.95,2,0.0,330.66
ORD-103388,2022-02-24,2022-03-01,CUST-5064,Sanjay Patel,28.0,Male,Consumer,North,Uttar Pradesh,Office Supplies,Art,Marker Set,86.44,4,0.1,15.89
ORD-103389,2024-01-01,2024-01-06,CUST-5254,Anita Reddy,18.0,Female,Corporate,West,Rajasthan,Office Supplies,Art,Marker Set,140.55,6,0.1,25.5
ORD-103390,2022-12-25,2022-12-26,CUST-4228,Divya Nair,26.0,Female,Corporate,Central,Madhya Pradesh,Furniture,Tables,Adjustable Standing Desk,2516.69,6,0.1,492.1
ORD-103391,2024-10-21,2024-10-26,CUST-3583,Ritu Mehta,30.0,Female,Corporate,South,Telangana,Furniture,Chairs,Executive Leather Chair,229.7,1,0.1,57.92
ORD-103392,2024-10-12,2024-10-19,CUST-8956,Rahul Gupta,55.0,Male,Corporate,West,Rajasthan,Office Supplies,Envelopes,Window Envelopes,331.45,7,0.0,75.49
ORD-103393,2022-12-27,2023-01-02,CUST-3652,Vikram Gupta,23.0,Male,Consumer,West,Maharashtra,Office Supplies,Paper,Sticky Notes Pack,320.45,6,0.1,96.73
ORD-103394,2024-10-24,2024-10-27,CUST-6694,Kavita Verma,35.0,Female,Corporate,West,Gujarat,Office Supplies,Storage,Storage Box Set,209.59,3,0.15,18.79
ORD-103395,2024-12-29,2025-01-03,CUST-6362,Priya Rao,40.0,Female,Consumer,South,Kerala,Office Supplies,Labels,Shipping Labels,72.03,6,0.1,18.68
ORD-103396,2024-07-29,2024-07-30,CUST-3945,Manish Mehta,54.0,Male,Consumer,North,Uttar Pradesh,Technology,Copiers,Compact Copier,1255.59,2,0.1,352.15
ORD-103397,2024-08-23,2024-08-27,CUST-8717,Vivek Nair,37.0,Male,Corporate,South,Kerala,Technology,Accessories,Webcam HD,2113.78,3,0.0,837.42
ORD-103398,2022-11-06,2022-11-12,CUST-6628,Karan Kapoor,29.0,Male,Consumer,South,Kerala,Office Supplies,Art,Sketch Pad,136.25,3,0.0,48.34
ORD-103399,2023-11-02,2023-11-07,CUST-4798,Priya Kapoor,24.0,Female,Corporate,South,Telangana,Office Supplies,Paper,Sticky Notes Pack,159.61,2,0.0,68.32
ORD-103400,2022-04-02,2022-04-05,CUST-4798,Priya Kapoor,21.0,Female,Corporate,South,Kerala,Furniture,Furnishings,Table Lamp,692.75,5,0.0,264.56
ORD-103401,2022-05-08,2022-05-12,CUST-9727,Kavita Gupta,47.0,Female,Consumer,West,Rajasthan,Furniture,Bookcases,Corner Bookcase,1019.87,3,0.0,376.82
ORD-103402,2024-12-31,2025-01-07,CUST-6266,Karan Sharma,18.0,Male,Corporate,North,Delhi,Technology,Accessories,USB-C Hub,643.35,2,0.1,168.2
ORD-103403,2022-12-28,2022-12-31,CUST-2366,Priya Reddy,21.0,Female,Consumer,North,Delhi,Furniture,Furnishings,Wall Clock,975.71,4,0.15,65.86
ORD-103404,2024-04-21,2024-04-25,CUST-3583,Ritu Mehta,34.0,Female,Consumer,West,Rajasthan,Furniture,Tables,Adjustable Standing Desk,2978.61,7,0.2,453.81
ORD-103405,2024-07-03,2024-07-10,CUST-8666,Kavita Joshi,56.0,Female,Home Office,Central,Madhya Pradesh,Office Supplies,Paper,A4 Copy Paper Ream,111.72,2,0.1,28.71
ORD-103406,2024-09-08,2024-09-15,CUST-8956,Rahul Gupta,56.0,Male,Consumer,West,Maharashtra,Furniture,Furnishings,Wall Clock,2980.9,7,0.3,-271.17
ORD-103407,2024-12-30,2025-01-05,CUST-5524,Nikhil Rao,30.0,Male,Consumer,South,Telangana,Office Supplies,Paper,Notebook Set,264.59,6,0.2,63.94
ORD-103408,2022-11-01,2022-11-04,CUST-6648,Rahul Iyer,29.0,Male,Corporate,South,Telangana,Office Supplies,Storage,File Cabinet,68.5,1,0.0,24.31
ORD-103409,2022-02-26,2022-03-03,CUST-9639,Suresh Kapoor,25.0,Male,Home Office,Central,Chhattisgarh,Office Supplies,Paper,A4 Copy Paper Ream,99.96,3,0.0,41.88
ORD-103410,2023-04-16,2023-04-21,CUST-6756,Anita Verma,39.0,Female,Corporate,West,Gujarat,Office Supplies,Storage,Storage Box Set,385.81,7,0.15,27.26
ORD-103411,2022-06-21,2022-06-22,CUST-3583,Ritu Mehta,34.0,Female,Consumer,South,Kerala,Furniture,Bookcases,5-Shelf Bookcase,1220.04,5,0.4,-204.37
ORD-103412,2022-01-31,2022-02-04,CUST-1762,Shreya Mehta,38.0,Female,Consumer,Central,Chhattisgarh,Technology,Copiers,Office Copier 200,622.5,2,0.3,-11.4
ORD-103413,2023-02-07,2023-02-08,CUST-9639,Suresh Kapoor,26.0,Male,Consumer,Central,Madhya Pradesh,Office Supplies,Art,Marker Set,59.43,1,0.0,12.46
ORD-103414,2024-06-04,2024-06-06,CUST-9727,Kavita Gupta,46.0,Female,Corporate,South,Tamil Nadu,Technology,Phones,Cordless Landline,1040.04,3,0.3,-83.65
ORD-103415,2023-10-23,2023-10-28,CUST-3583,Ritu Mehta,32.0,Female,Corporate,North,Delhi,Technology,Copiers,Office Copier 200,1566.11,2,0.2,161.72
ORD-103416,2022-12-19,2022-12-23,CUST-1636,Suresh Reddy,43.0,Male,Home Office,West,Gujarat,Office Supplies,Labels,Address Labels,174.78,4,0.0,60.33
ORD-103417,2023-12-24,2023-12-30,CUST-2366,Priya Reddy,22.0,Female,Home Office,Central,Madhya Pradesh,Furniture,Furnishings,Curtain Set,1894.51,5,0.15,108.07
ORD-103418,2022-10-22,2022-10-23,CUST-3583,Ritu Mehta,30.0,Female,Consumer,Central,Madhya Pradesh,Office Supplies,Labels,Shipping Labels,85.81,6,0.3,6.0
ORD-103419,2022-01-20,2022-01-26,CUST-5884,Meera Patel,41.0,Female,Corporate,North,Uttar Pradesh,Office Supplies,Labels,Shipping Labels,86.19,6,0.2,18.25
ORD-103420,2024-05-11,2024-05-17,CUST-8145,Amit Mehta,19.0,Male,Consumer,North,Punjab,Office Supplies,Paper,A4 Copy Paper Ream,211.37,4,,-37.44
ORD-103421,2023-12-06,2023-12-12,CUST-3142,Divya Rao,43.0,Female,Consumer,South,Telangana,Technology,Phones,Budget Smartphone S5,1452.3,2,0.1,176.41
ORD-103422,2024-05-08,2024-05-09,CUST-9639,Suresh Kapoor,25.0,Male,Consumer,South,Kerala,Technology,Machines,3D Printer Mini,2547.37,5,0.0,989.23
ORD-103423,2022-02-24,2022-02-26,CUST-1429,Suresh Singh,45.0,Male,Home Office,East,Odisha,Office Supplies,Envelopes,Mailing Envelopes,78.85,1,0.2,19.29
ORD-103424,2024-08-13,2024-08-20,CUST-1612,Pooja Joshi,52.0,Female,Consumer,North,Haryana,Office Supplies,Binders,View Binder,109.73,4,0.0,27.45
ORD-103425,2023-12-03,2023-12-10,CUST-3142,Divya Rao,41.0,Female,Consumer,West,Rajasthan,Office Supplies,Binders,Clip Binder,154.09,6,0.4,-19.34
ORD-103426,2023-10-21,2023-10-22,CUST-7413,Anita Verma,34.0,Female,Consumer,East,Odisha,Office Supplies,Envelopes,Mailing Envelopes,188.58,4,0.4,-14.76
ORD-103427,2023-12-06,2023-12-13,CUST-2366,Priya Reddy,20.0,Female,Consumer,West,Maharashtra,Office Supplies,Paper,A4 Copy Paper Ream,45.69,1,0.2,2.33
ORD-103428,2024-09-16,2024-09-19,CUST-4228,Divya Nair,27.0,Female,Corporate,North,Haryana,Furniture,Chairs,Foldable Study Chair,2419.96,5,0.1,670.74
ORD-103429,2023-11-10,2023-11-17,CUST-4228,Divya Nair,27.0,Female,Consumer,West,Gujarat,Office Supplies,Binders,View Binder,113.06,7,0.3,10.85
ORD-103430,2023-11-05,2023-11-10,CUST-1636,Suresh Reddy,40.0,Male,Corporate,North,Haryana,Office Supplies,Art,Sketch Pad,117.43,3,0.3,2.07
ORD-103431,2024-12-26,2024-12-27,CUST-4692,Vivek Iyer,41.0,Male,Home Office,East,West Bengal,Technology,Accessories,Wireless Mouse,597.43,2,0.1,145.34
ORD-103432,2024-05-02,2024-05-09,CUST-2438,Amit Rao,37.0,Male,Corporate,Central,Chhattisgarh,Furniture,Furnishings,Table Lamp,836.82,2,0.0,360.38
ORD-103433,2023-05-25,2023-05-26,CUST-1077,Sneha Sharma,52.0,Female,Corporate,North,Delhi,Technology,Phones,Budget Smartphone S5,617.55,2,0.0,270.06
ORD-103434,2024-02-28,2024-03-01,CUST-8145,Amit Mehta,18.0,Male,Consumer,South,Tamil Nadu,Office Supplies,Envelopes,Mailing Envelopes,102.25,2,0.4,-6.16
ORD-103435,2023-03-19,2023-03-22,CUST-2226,Aditya Iyer,18.0,Male,Consumer,West,Rajasthan,Office Supplies,Envelopes,Window Envelopes,239.19,5,0.15,55.94
ORD-103436,2022-10-19,2022-10-20,CUST-1227,Manish Rao,27.0,Male,Corporate,East,Odisha,Furniture,Furnishings,Curtain Set,1119.09,2,0.0,477.31
ORD-103437,2023-11-17,2023-11-22,CUST-5955,Ritu Sharma,39.0,Female,Consumer,North,Punjab,Office Supplies,Storage,File Cabinet,270.5,4,0.15,78.67
ORD-103438,2024-11-15,2024-11-22,CUST-3874,Priya Gupta,25.0,Female,Consumer,East,Bihar,Furniture,Tables,Round Side Table,1294.09,7,0.2,293.75
ORD-103439,2024-11-16,2024-11-21,CUST-4692,Vivek Iyer,42.0,Male,Consumer,North,Punjab,Technology,Machines,Laser Printer,2787.5,5,0.0,997.75
ORD-103440,2023-01-13,2023-01-20,CUST-3652,Vikram Gupta,24.0,Male,Consumer,Central,Chhattisgarh,Furniture,Bookcases,Corner Bookcase,741.34,3,0.0,259.32
ORD-103441,2023-09-12,2023-09-13,CUST-7413,Anita Verma,34.0,Female,Consumer,North,Punjab,Technology,Machines,Laser Printer,2058.05,3,0.0,734.88
ORD-103442,2022-10-02,2022-10-08,CUST-3652,Vikram Gupta,21.0,Male,Consumer,East,West Bengal,Technology,Copiers,Compact Copier,3050.29,4,0.15,
ORD-103443,2024-12-29,2025-01-05,CUST-7891,Isha Singh,34.0,Female,Consumer,East,Bihar,Furniture,Chairs,Executive Leather Chair,3542.31,6,0.15,449.57
ORD-103444,2024-12-20,2024-12-26,CUST-5391,Isha Reddy,31.0,Female,Corporate,West,Rajasthan,Furniture,Furnishings,Curtain Set,1514.18,3,0.0,644.44
ORD-103445,2023-12-21,2023-12-24,CUST-3874,Priya Gupta,28.0,Female,Consumer,East,Bihar,Office Supplies,Binders,View Binder,224.25,3,0.15,64.45
ORD-103446,2024-06-30,2024-07-05,CUST-5948,Suresh Reddy,47.0,Male,Consumer,Central,Madhya Pradesh,Technology,Phones,Cordless Landline,1682.64,2,0.4,81.78
ORD-103447,2024-03-09,2024-03-15,CUST-6763,Amit Gupta,33.0,Male,Home Office,East,West Bengal,Office Supplies,Labels,Address Labels,28.06,2,0.4,0.6
ORD-103448,2023-11-14,2023-11-19,CUST-2366,Priya Reddy,21.0,Female,Consumer,West,Gujarat,Furniture,Chairs,Recliner Lounge Chair,1538.29,3,0.0,591.32
ORD-103449,2022-03-16,2022-03-23,CUST-6141,Suresh Iyer,34.0,Male,Consumer,North,Punjab,Office Supplies,Envelopes,Mailing Envelopes,122.88,2,0.1,14.03
ORD-103450,2023-06-10,2023-06-17,CUST-8877,Rohan Gupta,18.0,Male,Consumer,Central,Madhya Pradesh,Office Supplies,Binders,View Binder,142.23,2,0.2,19.63
ORD-103451,2024-01-12,2024-01-15,CUST-7616,Aditya Joshi,32.0,Male,Home Office,South,Kerala,Technology,Machines,Label Maker,1171.8,2,0.2,36.08
ORD-103452,2024-01-16,2024-01-23,CUST-2342,Amit Sharma,18.0,Male,Consumer,West,Rajasthan,Office Supplies,Art,Marker Set,137.02,7,0.1,17.78
ORD-103453,2023-02-26,2023-03-01,CUST-5213,Arjun Reddy,32.0,Male,Consumer,East,West Bengal,Office Supplies,Envelopes,Mailing Envelopes,70.24,1,0.0,31.44
ORD-103454,2024-11-25,2024-12-01,CUST-4692,Vivek Iyer,43.0,Male,Corporate,East,Bihar,Technology,Phones,Cordless Landline,96.37,1,0.2,13.59
ORD-103455,2022-08-10,2022-08-17,CUST-4692,Vivek Iyer,42.0,Male,Consumer,West,Maharashtra,Furniture,Furnishings,Curtain Set,396.55,1,0.4,-24.63
ORD-103456,2023-08-10,2023-08-11,CUST-1013,Ritu Reddy,44.0,Female,Consumer,West,Gujarat,Technology,Copiers,Compact Copier,4415.19,5,0.0,1324.04
ORD-103457,2024-02-04,2024-02-08,CUST-2438,Amit Rao,39.0,Male,Corporate,West,Maharashtra,Furniture,Tables,Adjustable Standing Desk,3534.72,6,0.0,836.71
ORD-103458,2024-02-13,2024-02-15,CUST-5213,Arjun Reddy,32.0,Male,Corporate,East,West Bengal,Office Supplies,Paper,Sticky Notes Pack,132.46,7,0.15,29.07
ORD-103459,2023-12-21,2023-12-25,CUST-2342,Amit Sharma,18.0,Male,Consumer,South,Tamil Nadu,Technology,Phones,Budget Smartphone S5,4062.69,5,0.2,842.28
ORD-103460,2022-11-25,2022-11-29,CUST-4692,Vivek Iyer,40.0,Male,Consumer,West,Gujarat,Furniture,Tables,Round Side Table,641.53,2,0.0,208.11
ORD-103461,2022-07-26,2022-07-31,CUST-8666,Kavita Joshi,58.0,Female,Consumer,South,Kerala,Technology,Copiers,Compact Copier,2079.22,3,0.15,451.49
ORD-103462,2023-12-13,2023-12-16,CUST-3444,Neha Sharma,49.0,Female,Consumer,West,Gujarat,Furniture,Bookcases,Ladder Bookshelf,1002.78,2,0.3,96.67
ORD-103463,2023-11-19,2023-11-24,CUST-8981,Neha Nair,29.0,Female,Consumer,East,Bihar,Office Supplies,Paper,Sticky Notes Pack,210.89,6,0.0,47.19
ORD-103464,2022-08-25,2022-08-31,CUST-5948,Suresh Reddy,49.0,Male,Consumer,Central,Chhattisgarh,Office Supplies,Labels,Address Labels,477.42,7,0.0,164.74
ORD-103465,2024-02-24,2024-02-26,CUST-1481,Vikram Mehta,43.0,Male,Consumer,West,Gujarat,Office Supplies,Envelopes,Window Envelopes,344.21,7,0.0,124.6
ORD-103466,2023-06-10,2023-06-16,CUST-5213,Arjun Reddy,33.0,Male,Corporate,East,West Bengal,Office Supplies,Binders,Clip Binder,241.76,6,0.1,62.61
ORD-103467,2024-01-03,2024-01-04,CUST-1013,Ritu Reddy,43.0,Female,Consumer,East,West Bengal,Technology,Copiers,Office Copier 200,2233.71,5,0.4,-254.09
ORD-103468,2024-08-14,2024-08-16,CUST-5279,Ritu Patel,37.0,Female,Corporate,East,Odisha,Office Supplies,Paper,A4 Copy Paper Ream,41.08,1,0.2,4.38
ORD-103469,2022-08-13,2022-08-18,CUST-1580,Meera Patel,31.0,Female,Consumer,West,Rajasthan,Office Supplies,Labels,Shipping Labels,200.18,3,0.0,40.72
ORD-103470,2022-01-27,2022-02-03,CUST-5948,Suresh Reddy,45.0,Male,Home Office,West,Gujarat,Technology,Phones,Cordless Landline,1653.16,2,0.0,452.92
ORD-103471,2024-05-29,2024-06-05,CUST-7054,Suresh Mehta,48.0,Male,Home Office,North,Punjab,Office Supplies,Paper,Notebook Set,373.09,6,0.1,84.94
ORD-103472,2023-11-26,2023-12-01,CUST-2297,Rahul Iyer,18.0,Male,Home Office,East,Odisha,Furniture,Tables,Round Side Table,743.86,3,0.3,-37.17
ORD-103473,2024-02-16,2024-02-22,CUST-4957,Neha Reddy,30.0,Female,Consumer,East,Bihar,Office Supplies,Labels,Address Labels,103.41,2,0.0,45.81
ORD-103474,2024-08-15,2024-08-20,CUST-7990,Karan Joshi,33.0,Male,Consumer,Central,Chhattisgarh,Furniture,Tables,Round Side Table,884.43,2,0.4,-120.86
ORD-103475,2024-06-28,2024-07-03,CUST-5668,Manish Gupta,29.0,Male,Consumer,West,Rajasthan,Furniture,Tables,Oak Dining Table,323.54,4,0.0,111.39
ORD-103476,2024-12-08,2024-12-12,CUST-2366,Priya Reddy,23.0,Female,Consumer,South,Karnataka,Office Supplies,Storage,Desk Organizer,63.91,1,0.1,16.06
ORD-103477,2023-09-22,2023-09-23,CUST-2282,Pooja Reddy,40.0,Female,Corporate,Central,Madhya Pradesh,Furniture,Chairs,Ergo Mesh Office Chair,2958.67,7,0.1,486.06
ORD-103478,2023-07-25,2023-08-01,CUST-7393,Sanjay Rao,38.0,Male,Corporate,East,West Bengal,Office Supplies,Storage,Storage Box Set,206.68,7,0.1,58.79
ORD-103479,2023-04-04,2023-04-08,CUST-4866,Kavita Rao,29.0,Female,Consumer,South,Telangana,Furniture,Furnishings,Area Rug,407.39,3,0.1,123.0
ORD-103480,2022-07-23,2022-07-28,CUST-6792,Aditya Nair,45.0,Male,Corporate,West,Maharashtra,Technology,Phones,Budget Smartphone S5,3121.82,4,0.1,740.42
ORD-103481,2023-10-30,2023-11-02,CUST-6753,Vikram Rao,22.0,Male,Consumer,South,Kerala,Office Supplies,Binders,3-Ring Binder,533.88,7,0.1,176.73
ORD-103482,2022-11-27,2022-12-01,CUST-7990,Karan Joshi,31.0,Male,Consumer,South,Telangana,Office Supplies,Labels,Shipping Labels,340.36,6,0.15,42.1
ORD-103483,2024-11-10,2024-11-15,CUST-8203,Anita Singh,29.0,Female,Consumer,North,Uttar Pradesh,Technology,Copiers,Compact Copier,1697.82,6,0.0,344.11
ORD-103484,2023-11-07,2023-11-14,CUST-7637,Manish Iyer,46.0,Male,Consumer,Central,Chhattisgarh,Technology,Phones,Cordless Landline,4335.51,7,0.0,1128.95
ORD-103485,2023-11-14,2023-11-19,CUST-2376,Sanjay Reddy,,Male,Consumer,North,Delhi,Furniture,Bookcases,Ladder Bookshelf,154.98,1,0.0,61.85
ORD-103486,2023-01-30,2023-01-31,CUST-5668,Manish Gupta,26.0,Male,Home Office,South,Telangana,Furniture,Chairs,Recliner Lounge Chair,1819.01,6,0.0,766.46
ORD-103487,2022-03-14,2022-03-20,CUST-1938,Kavita Iyer,40.0,Female,Home Office,North,Uttar Pradesh,Furniture,Bookcases,Ladder Bookshelf,1293.26,3,0.15,100.56
ORD-103488,2022-02-14,2022-02-16,CUST-9598,Rohan Patel,31.0,Male,Corporate,South,Karnataka,Technology,Machines,Label Maker,5068.37,6,0.3,-276.64
ORD-103489,2023-05-02,2023-05-06,CUST-5254,Anita Reddy,18.0,Female,Consumer,North,Punjab,Technology,Accessories,Wireless Mouse,2545.92,5,0.0,597.88
ORD-103490,2022-04-25,2022-04-29,CUST-2376,Sanjay Reddy,21.0,Male,Corporate,East,Odisha,Office Supplies,Art,Colored Pencils,34.81,5,0.0,15.24
ORD-103491,2023-11-24,2023-11-28,CUST-7393,Sanjay Rao,38.0,Male,Consumer,West,Maharashtra,Furniture,Bookcases,Ladder Bookshelf,1159.79,2,0.0,400.68
ORD-103492,2024-10-04,2024-10-09,CUST-3404,Suresh Reddy,61.0,Male,Home Office,South,Tamil Nadu,Office Supplies,Envelopes,Mailing Envelopes,459.06,7,0.0,92.51
ORD-103493,2024-10-06,2024-10-07,CUST-8203,Anita Singh,27.0,Female,Corporate,East,Bihar,Furniture,Tables,Adjustable Standing Desk,755.06,2,0.2,127.75
ORD-103494,2023-12-27,2024-01-01,CUST-4957,Neha Reddy,31.0,Female,Consumer,Central,Madhya Pradesh,Office Supplies,Art,Sketch Pad,58.19,5,0.3,0.88
ORD-103495,2022-10-02,2022-10-07,CUST-4594,Divya Iyer,39.0,Female,Consumer,North,Uttar Pradesh,Technology,Copiers,Office Copier 200,3859.22,5,0.0,838.95
ORD-103496,2024-09-14,2024-09-20,CUST-8712,Sanjay Kapoor,34.0,Male,Consumer,Central,Chhattisgarh,Technology,Phones,Smartphone X12,333.23,3,0.15,87.94
ORD-103497,2024-10-09,2024-10-12,CUST-8712,Sanjay Kapoor,,Male,Home Office,South,Telangana,Office Supplies,Labels,Address Labels,559.25,7,0.3,9.41
ORD-103498,2022-09-15,2022-09-16,CUST-4070,Sanjay Nair,35.0,Male,Corporate,West,Maharashtra,Office Supplies,Storage,File Cabinet,470.24,6,0.0,208.85
ORD-103499,2024-04-07,2024-04-11,CUST-3831,Nikhil Verma,25.0,Male,Consumer,Central,Madhya Pradesh,Furniture,Tables,Adjustable Standing Desk,555.04,2,0.1,164.1
ORD-103500,2022-12-03,2022-12-05,CUST-8712,Sanjay Kapoor,32.0,Male,Home Office,South,Telangana,Furniture,Bookcases,Ladder Bookshelf,290.1,1,0.0,109.96
ORD-103501,2024-06-28,2024-07-02,CUST-1077,Sneha Sharma,54.0,Female,Consumer,North,Punjab,Technology,Machines,3D Printer Mini,3423.29,5,0.2,111.31
ORD-103502,2024-12-30,2025-01-04,CUST-9774,Meera Reddy,28.0,Female,Consumer,Central,Chhattisgarh,Technology,Copiers,Compact Copier,542.9,2,0.0,236.76
ORD-103503,2022-02-11,2022-02-12,CUST-9774,Meera Reddy,,Female,Home Office,South,Karnataka,Furniture,Tables,Round Side Table,3473.9,6,0.3,476.95
ORD-103504,2024-10-21,2024-10-28,CUST-4957,Neha Reddy,34.0,Female,Consumer,South,Tamil Nadu,Technology,Accessories,Mechanical Keyboard,2799.72,4,0.0,1198.18
ORD-103505,2023-12-05,2023-12-06,CUST-4594,Divya Iyer,38.0,Female,Home Office,East,Bihar,Technology,Accessories,Wireless Mouse,2364.46,5,0.2,499.07
ORD-103506,2024-12-15,2024-12-16,CUST-4070,Sanjay Nair,37.0,Male,Consumer,North,Haryana,Furniture,Tables,Round Side Table,1192.67,7,0.1,128.43
ORD-103507,2023-06-23,2023-06-26,CUST-4957,Neha Reddy,33.0,Female,Corporate,North,Punjab,Furniture,Tables,Round Side Table,1261.22,7,0.15,66.11
ORD-103508,2024-08-27,2024-08-31,CUST-2638,Anita Gupta,41.0,Female,Corporate,East,Odisha,Office Supplies,Labels,Address Labels,45.84,3,0.1,7.23
ORD-103509,2022-03-27,2022-03-30,CUST-9782,Rohan Joshi,29.0,Male,Corporate,South,Tamil Nadu,Technology,Accessories,Wireless Mouse,2413.77,7,0.4,-300.74
ORD-103510,2023-01-03,2023-01-10,CUST-7637,Manish Iyer,45.0,Male,Consumer,North,Delhi,Office Supplies,Paper,A4 Copy Paper Ream,43.33,2,0.1,4.75
ORD-103511,2022-04-02,2022-04-09,CUST-2366,Priya Reddy,21.0,Female,Consumer,West,Maharashtra,Furniture,Chairs,Recliner Lounge Chair,176.57,1,0.2,9.97
ORD-103512,2024-12-16,2024-12-22,CUST-4349,Vivek Rao,21.0,Male,Consumer,Central,Madhya Pradesh,Office Supplies,Labels,Address Labels,154.96,2,0.4,-19.82
ORD-103513,2024-07-18,2024-07-20,CUST-6518,Neha Joshi,18.0,Female,Consumer,East,West Bengal,Office Supplies,Art,Sketch Pad,347.11,6,0.15,35.05
ORD-103514,2024-09-02,2024-09-08,CUST-2638,Anita Gupta,42.0,Female,Corporate,South,Tamil Nadu,Furniture,Tables,Glass Coffee Table,2836.88,7,0.2,493.39
ORD-103515,2024-11-22,2024-11-27,CUST-4070,Sanjay Nair,,Male,Consumer,East,West Bengal,Technology,Phones,Budget Smartphone S5,4294.99,5,0.1,465.72
ORD-103516,2022-04-26,2022-04-29,CUST-8712,Sanjay Kapoor,31.0,Male,Corporate,East,Odisha,Technology,Machines,3D Printer Mini,3532.17,5,0.15,750.42
ORD-103517,2023-03-14,2023-03-17,CUST-1481,Vikram Mehta,41.0,Male,Consumer,East,Bihar,Technology,Machines,3D Printer Mini,5094.52,7,0.4,215.05
ORD-103518,2022-04-07,2022-04-13,CUST-4070,Sanjay Nair,38.0,Male,Consumer,South,Tamil Nadu,Office Supplies,Paper,Sticky Notes Pack,71.78,1,0.2,16.37
ORD-103519,2022-10-01,2022-10-06,CUST-2638,Anita Gupta,42.0,Female,Corporate,East,Bihar,Furniture,Furnishings,Area Rug,1810.77,4,0.4,-84.05
ORD-103520,2022-10-20,2022-10-21,CUST-6927,Ritu Patel,28.0,Female,Consumer,Central,Chhattisgarh,Office Supplies,Paper,A4 Copy Paper Ream,181.56,6,0.15,17.9
ORD-103521,2023-06-28,2023-07-03,CUST-4666,Anita Rao,29.0,Female,Consumer,North,Uttar Pradesh,Furniture,Tables,Glass Coffee Table,389.65,2,0.15,41.57
ORD-103522,2022-11-20,2022-11-24,CUST-1839,Amit Verma,31.0,Male,Corporate,South,Tamil Nadu,Office Supplies,Labels,Address Labels,51.14,5,0.3,7.15
ORD-103523,2022-05-15,2022-05-21,CUST-1628,Ritu Mehta,31.0,Female,Consumer,Central,Madhya Pradesh,Office Supplies,Binders,Clip Binder,67.68,1,0.2,3.5
ORD-103524,2022-08-10,2022-08-15,CUST-9819,Priya Verma,25.0,Female,Consumer,East,Odisha,Office Supplies,Labels,Shipping Labels,66.31,5,0.15,4.09
ORD-103525,2022-07-14,2022-07-15,CUST-1601,Arjun Singh,29.0,Male,Home Office,South,Telangana,Furniture,Tables,Oak Dining Table,1979.88,4,0.15,244.28
ORD-103526,2024-12-15,2024-12-20,CUST-7395,Ritu Patel,23.0,Female,Consumer,East,West Bengal,Furniture,Chairs,Executive Leather Chair,940.03,4,0.15,68.97
ORD-103527,2024-05-05,2024-05-08,CUST-1628,Ritu Mehta,31.0,Female,Consumer,East,West Bengal,Office Supplies,Binders,3-Ring Binder,173.75,5,0.1,53.45
ORD-103528,2024-12-12,2024-12-14,CUST-9107,Anita Rao,43.0,Female,Corporate,North,Punjab,Technology,Phones,Cordless Landline,4578.36,6,0.1,874.74
ORD-103529,2023-05-22,2023-05-25,CUST-1430,Manish Reddy,43.0,Male,Consumer,Central,Chhattisgarh,Office Supplies,Paper,Notebook Set,447.96,6,0.3,
ORD-103530,2022-11-28,2022-12-05,CUST-4882,Sneha Singh,32.0,Female,Consumer,North,Punjab,Technology,Accessories,USB-C Hub,2775.82,4,0.1,902.91
ORD-103531,2024-06-22,2024-06-24,CUST-3402,Rahul Iyer,43.0,Male,Consumer,East,West Bengal,Furniture,Furnishings,Wall Clock,623.15,5,0.3,-46.76
ORD-103532,2022-12-27,2023-01-03,CUST-6786,Arjun Verma,35.0,Male,Corporate,Central,Chhattisgarh,Office Supplies,Paper,Notebook Set,92.42,3,0.0,37.14
ORD-103533,2022-12-11,2022-12-16,CUST-3868,Sneha Iyer,19.0,Female,Consumer,North,Delhi,Office Supplies,Paper,Sticky Notes Pack,76.14,1,0.0,27.49
ORD-103534,2022-10-23,2022-10-27,CUST-7652,Shreya Verma,22.0,Female,Consumer,South,Karnataka,Technology,Copiers,Compact Copier,752.76,4,0.2,72.75
ORD-103535,2022-06-20,2022-06-25,CUST-3930,Vivek Singh,50.0,Male,Corporate,West,Gujarat,Office Supplies,Envelopes,Mailing Envelopes,423.33,7,0.2,58.15
ORD-103536,2022-11-12,2022-11-13,CUST-9819,Priya Verma,28.0,Female,Consumer,North,Haryana,Technology,Accessories,Mechanical Keyboard,5151.19,6,0.1,1574.33
ORD-103537,2023-01-31,2023-02-05,CUST-6786,Arjun Verma,35.0,Male,Consumer,Central,Madhya Pradesh,Technology,Phones,Smartphone X12,2172.61,4,0.1,232.91
ORD-103538,2024-01-11,2024-01-13,CUST-8096,Kavita Rao,49.0,Female,Corporate,Central,Madhya Pradesh,Office Supplies,Storage,Desk Organizer,93.8,2,0.2,8.24
ORD-103539,2022-03-27,2022-03-30,CUST-3402,Rahul Iyer,43.0,Male,Consumer,North,Uttar Pradesh,Office Supplies,Art,Colored Pencils,86.94,3,0.2,14.79
ORD-103540,2022-10-01,2022-10-05,CUST-5386,Anjali Patel,44.0,Female,Corporate,North,Punjab,Office Supplies,Storage,Storage Box Set,175.42,3,0.1,43.7
ORD-103541,2024-07-07,2024-07-14,CUST-6475,Sanjay Kapoor,49.0,Male,Consumer,South,Kerala,Furniture,Furnishings,Wall Clock,1839.69,6,0.4,-124.43
ORD-103542,2022-07-13,2022-07-18,CUST-8917,Vivek Singh,22.0,Male,Corporate,East,Odisha,Furniture,Chairs,Executive Leather Chair,770.7,2,0.2,191.25
ORD-103543,2023-01-14,2023-01-19,CUST-6786,Arjun Verma,39.0,Male,Consumer,North,Uttar Pradesh,Office Supplies,Storage,File Cabinet,57.16,4,0.3,7.97
ORD-103544,2024-09-16,2024-09-19,CUST-5386,Anjali Patel,43.0,Female,Consumer,East,Bihar,Furniture,Chairs,Executive Leather Chair,690.83,6,0.0,268.14
ORD-103545,2022-07-24,2022-07-28,CUST-7046,Anita Mehta,44.0,Female,Corporate,South,Karnataka,Office Supplies,Paper,Sticky Notes Pack,215.45,5,0.15,21.13
ORD-103546,2022-04-22,2022-04-28,CUST-8526,Anita Verma,20.0,Female,Consumer,Central,Madhya Pradesh,Technology,Copiers,Compact Copier,92.72,1,0.2,14.8
ORD-103547,2023-07-19,2023-07-26,CUST-5181,Suresh Rao,31.0,Male,Home Office,South,Karnataka,Office Supplies,Paper,A4 Copy Paper Ream,179.44,4,0.1,34.94
ORD-103548,2022-12-13,2022-12-18,CUST-1601,Anjali Reddy,30.0,Female,Consumer,South,Karnataka,Technology,Copiers,Office Copier 200,463.86,1,0.15,56.6
ORD-103549,2023-10-21,2023-10-26,CUST-8096,Kavita Rao,47.0,Female,Consumer,Central,Chhattisgarh,Furniture,Furnishings,Wall Clock,1601.57,5,0.15,213.62
ORD-103550,2024-06-30,2024-07-06,CUST-7534,Sneha Nair,48.0,Female,Consumer,East,West Bengal,Technology,Machines,Laser Printer,337.37,1,0.3,49.15
ORD-103551,2022-06-30,2022-07-07,CUST-8687,Vikram Mehta,39.0,Male,Consumer,West,Maharashtra,Technology,Machines,Label Maker,555.59,3,0.1,81.28
ORD-103552,2023-11-05,2023-11-07,CUST-4594,Divya Iyer,35.0,Female,Home Office,North,Delhi,Technology,Accessories,Webcam HD,2485.59,5,0.0,875.12
ORD-103553,2023-08-16,2023-08-18,CUST-6121,Amit Verma,45.0,Male,Consumer,Central,Chhattisgarh,Office Supplies,Storage,Desk Organizer,51.85,1,0.1,14.92
ORD-103554,2022-07-09,2022-07-10,CUST-8687,Vikram Mehta,38.0,Male,Consumer,East,Bihar,Technology,Copiers,Office Copier 200,5582.39,7,0.1,1385.93
ORD-103555,2023-12-06,2023-12-09,CUST-6530,Isha Verma,27.0,Female,Consumer,North,Uttar Pradesh,Office Supplies,Paper,Sticky Notes Pack,171.65,4,0.0,44.42
ORD-103556,2022-11-24,2022-11-28,CUST-2132,Vikram Kapoor,45.0,Male,Consumer,South,Telangana,Furniture,Tables,Round Side Table,2976.29,6,0.1,708.75
ORD-103557,2023-07-24,2023-07-29,CUST-3589,Divya Rao,24.0,Female,Corporate,North,Punjab,Office Supplies,Paper,A4 Copy Paper Ream,208.98,6,0.1,54.52
ORD-103558,2022-04-22,2022-04-29,CUST-1645,Suresh Rao,59.0,Male,Corporate,West,Gujarat,Technology,Machines,Label Maker,1673.53,3,0.0,733.96
ORD-103559,2023-06-16,2023-06-21,CUST-3868,Sneha Iyer,19.0,Female,Consumer,North,Uttar Pradesh,Technology,Phones,Budget Smartphone S5,859.66,4,0.0,237.67
ORD-103560,2022-12-15,2022-12-16,CUST-5284,Shreya Singh,43.0,Female,Consumer,North,Punjab,Furniture,Chairs,Ergo Mesh Office Chair,415.34,5,0.0,139.29
ORD-103561,2024-07-25,2024-08-01,CUST-9440,Sanjay Nair,18.0,Male,Consumer,East,West Bengal,Office Supplies,Labels,Shipping Labels,67.94,2,0.15,8.92
ORD-103562,2022-03-20,2022-03-27,CUST-4594,Divya Iyer,39.0,Female,Consumer,West,Gujarat,Office Supplies,Labels,Shipping Labels,120.86,2,0.15,30.52
ORD-103563,2023-04-26,2023-05-01,CUST-8744,Isha Sharma,18.0,Female,Consumer,East,West Bengal,Office Supplies,Binders,Clip Binder,101.07,3,0.15,29.95
ORD-103564,2023-06-15,2023-06-18,CUST-6702,Rohan Mehta,40.0,Male,Home Office,North,Delhi,Office Supplies,Paper,Sticky Notes Pack,118.95,2,0.4,3.78
ORD-103565,2024-03-22,2024-03-23,CUST-6530,Isha Verma,26.0,Female,Consumer,South,Tamil Nadu,Office Supplies,Labels,Address Labels,62.73,2,0.15,13.21
ORD-103566,2023-10-31,2023-11-03,CUST-6108,Anita Singh,26.0,Female,Consumer,West,Maharashtra,Office Supplies,Envelopes,Mailing Envelopes,75.6,1,0.1,21.28
ORD-103567,2024-01-02,2024-01-03,CUST-3589,Divya Rao,23.0,Female,Corporate,East,Bihar,Office Supplies,Paper,Notebook Set,75.03,3,0.0,15.09
ORD-103568,2024-05-26,2024-05-31,CUST-2132,Vikram Kapoor,48.0,Male,Home Office,North,Uttar Pradesh,Office Supplies,Paper,Notebook Set,142.39,3,0.0,39.57
ORD-103569,2024-09-13,2024-09-14,CUST-2132,Vikram Kapoor,45.0,Male,Consumer,South,Kerala,Furniture,Bookcases,Corner Bookcase,1342.47,3,0.15,340.66
ORD-103570,2022-12-20,2022-12-22,CUST-1077,Sneha Sharma,50.0,Female,Consumer,South,Kerala,Furniture,Tables,Adjustable Standing Desk,1934.58,6,0.1,655.72
ORD-103571,2023-09-24,2023-10-01,CUST-8687,Vikram Mehta,36.0,Male,Corporate,West,Gujarat,Technology,Accessories,Wireless Mouse,617.42,2,0.3,-34.17
ORD-103572,2024-08-17,2024-08-21,CUST-2299,Rahul Kapoor,46.0,Male,Home Office,East,Bihar,Technology,Copiers,Compact Copier,1411.52,5,0.2,42.31
ORD-103573,2024-12-25,2024-12-30,CUST-1601,Arjun Singh,27.0,Male,Consumer,West,Gujarat,Technology,Machines,Label Maker,1409.52,3,0.3,175.17
ORD-103574,2024-10-13,2024-10-19,CUST-4654,Sanjay Rao,37.0,Male,Consumer,South,Telangana,Technology,Copiers,Compact Copier,173.94,1,0.2,28.89
ORD-103575,2023-02-24,2023-02-28,CUST-2740,Kavita Rao,18.0,Female,Consumer,South,Kerala,Technology,Accessories,Mechanical Keyboard,644.2,1,0.0,169.54
ORD-103576,2022-09-13,2022-09-18,CUST-2740,Kavita Rao,18.0,Female,Home Office,West,Rajasthan,Technology,Accessories,Mechanical Keyboard,654.09,1,0.2,11.62
ORD-103577,2023-07-26,2023-07-30,CUST-4594,Divya Iyer,35.0,Female,Consumer,North,Uttar Pradesh,Office Supplies,Paper,A4 Copy Paper Ream,78.36,4,0.3,6.18
ORD-103578,2024-04-12,2024-04-14,CUST-5284,Shreya Singh,44.0,Female,Home Office,Central,Madhya Pradesh,Technology,Phones,Smartphone X12,3518.06,4,0.0,1250.41
ORD-103579,2023-07-30,2023-08-03,CUST-8835,Divya Joshi,36.0,Female,Home Office,South,Telangana,Office Supplies,Paper,A4 Copy Paper Ream,188.81,3,0.1,22.94
ORD-103580,2023-07-18,2023-07-19,CUST-1601,Arjun Singh,28.0,Male,Corporate,North,Delhi,Technology,Accessories,Mechanical Keyboard,1561.52,3,0.2,361.63
ORD-103581,2024-08-15,2024-08-19,CUST-6108,Anita Singh,25.0,Female,Consumer,Central,Chhattisgarh,Office Supplies,Storage,File Cabinet,218.08,4,0.15,12.57
ORD-103582,2023-02-09,2023-02-14,CUST-3753,Arjun Verma,25.0,Male,Consumer,East,Odisha,Furniture,Tables,Round Side Table,1795.39,5,0.1,369.63
ORD-103583,2024-09-11,2024-09-17,CUST-8483,Karan Joshi,25.0,Male,Corporate,East,Odisha,Technology,Machines,Label Maker,2106.05,4,0.2,473.24
ORD-103584,2023-04-11,2023-04-17,CUST-2668,Anita Reddy,18.0,Female,Corporate,South,Tamil Nadu,Furniture,Furnishings,Area Rug,701.84,2,0.0,168.3
ORD-103585,2022-12-29,2023-01-01,CUST-2668,Anita Reddy,18.0,Female,Consumer,North,Uttar Pradesh,Office Supplies,Paper,A4 Copy Paper Ream,246.06,7,0.2,45.82
ORD-103586,2023-06-09,2023-06-16,CUST-8917,Vivek Singh,24.0,Male,Consumer,Central,Madhya Pradesh,Office Supplies,Labels,Address Labels,130.09,4,0.1,21.27
ORD-103587,2024-05-09,2024-05-13,CUST-1026,Priya Iyer,40.0,Female,Home Office,South,Karnataka,Technology,Phones,Smartphone X12,326.19,3,0.3,2.64
ORD-103588,2022-06-15,2022-06-21,CUST-6996,Shreya Iyer,37.0,Female,Home Office,North,Uttar Pradesh,Office Supplies,Labels,Shipping Labels,182.07,5,0.1,40.82
ORD-103589,2022-09-15,2022-09-19,CUST-6702,Rohan Mehta,43.0,Male,Corporate,South,Tamil Nadu,Office Supplies,Storage,File Cabinet,74.75,4,0.0,20.86
ORD-103590,2024-12-02,2024-12-09,CUST-4657,Rohan Verma,29.0,Male,Consumer,East,Odisha,Technology,Copiers,Compact Copier,2709.54,4,0.0,607.18
ORD-103591,2022-08-20,2022-08-26,CUST-3830,Rahul Sharma,43.0,Male,Consumer,West,Maharashtra,Technology,Phones,Budget Smartphone S5,1622.39,5,0.0,670.56
ORD-103592,2023-10-25,2023-11-01,CUST-1026,Priya Iyer,43.0,Female,Consumer,West,Rajasthan,Office Supplies,Art,Marker Set,69.15,1,0.15,5.86
ORD-103593,2023-11-04,2023-11-08,CUST-2299,Rahul Kapoor,45.0,Male,Consumer,West,Maharashtra,Office Supplies,Binders,Clip Binder,64.55,2,0.1,12.51
ORD-103594,2023-07-26,2023-07-31,CUST-8296,Vivek Singh,31.0,Male,Consumer,West,Rajasthan,Office Supplies,Art,Colored Pencils,217.91,3,0.1,24.46
ORD-103595,2023-12-18,2023-12-22,CUST-8068,Rohan Mehta,55.0,Male,Consumer,North,Punjab,Technology,Phones,Budget Smartphone S5,1198.4,2,0.1,267.07
ORD-103596,2022-10-20,2022-10-27,CUST-1500,Priya Iyer,35.0,Female,Consumer,West,Gujarat,Office Supplies,Paper,A4 Copy Paper Ream,28.56,5,0.0,12.57
ORD-103597,2023-10-10,2023-10-15,CUST-6108,Anita Singh,26.0,Female,Home Office,North,Haryana,Technology,Copiers,Office Copier 200,4515.35,6,0.1,996.96
ORD-103598,2023-02-25,2023-03-02,CUST-4226,Arjun Sharma,51.0,Male,Corporate,East,Odisha,Technology,Copiers,Office Copier 200,821.86,3,0.0,268.68
ORD-103599,2023-12-29,2024-01-01,CUST-8330,Vivek Gupta,36.0,Male,Consumer,East,Bihar,Office Supplies,Binders,Clip Binder,95.8,3,0.1,24.3
ORD-103600,2022-07-05,2022-07-11,CUST-4657,Rohan Verma,27.0,Male,Corporate,South,Kerala,Office Supplies,Storage,File Cabinet,144.77,3,0.1,23.67
ORD-103601,2023-10-28,2023-10-29,CUST-1266,Meera Singh,32.0,Female,Corporate,North,Haryana,Office Supplies,Binders,View Binder,443.96,7,0.0,133.04
ORD-103602,2022-09-02,2022-09-07,CUST-2676,Shreya Joshi,34.0,Female,Corporate,North,Haryana,Furniture,Furnishings,Table Lamp,3100.69,6,0.2,378.18
ORD-103603,2022-11-28,2022-12-05,CUST-9440,Sanjay Nair,18.0,Male,Consumer,North,Delhi,Office Supplies,Envelopes,Mailing Envelopes,40.24,4,0.0,10.13
ORD-103604,2022-10-09,2022-10-15,CUST-8296,Vivek Singh,34.0,Male,Corporate,Central,Chhattisgarh,Furniture,Chairs,Executive Leather Chair,1492.37,5,0.0,430.24
ORD-103605,2022-08-30,2022-09-01,CUST-6411,Rohan Joshi,37.0,Male,Home Office,East,West Bengal,Technology,Machines,Laser Printer,1924.47,4,0.1,626.71
ORD-103606,2024-07-30,2024-08-03,CUST-3830,Rahul Sharma,43.0,Male,Consumer,North,Delhi,Office Supplies,Storage,Desk Organizer,64.89,2,0.0,24.64
ORD-103607,2022-12-03,2022-12-10,CUST-3657,Manish Kapoor,18.0,Male,Consumer,West,Rajasthan,Furniture,Chairs,Foldable Study Chair,1685.92,4,0.15,88.19
ORD-103608,2024-11-14,2024-11-16,CUST-8296,Vivek Singh,33.0,Male,Corporate,East,Bihar,Office Supplies,Labels,Shipping Labels,38.55,4,0.0,14.52
ORD-103609,2024-12-13,2024-12-20,CUST-7357,Anita Rao,41.0,Female,Consumer,Central,Chhattisgarh,Office Supplies,Art,Sketch Pad,30.54,2,0.1,3.16
ORD-103610,2023-10-28,2023-11-01,CUST-6506,Vikram Iyer,38.0,Male,Consumer,Central,Madhya Pradesh,Technology,Phones,Budget Smartphone S5,5061.03,6,0.1,1222.48
ORD-103611,2022-07-08,2022-07-11,CUST-9310,Kavita Verma,55.0,Female,Home Office,South,Kerala,Technology,Phones,Smartphone X12,1650.93,4,0.0,380.12
ORD-103612,2023-02-28,2023-03-07,CUST-4407,Manish Mehta,49.0,Male,Home Office,East,West Bengal,Furniture,Tables,Round Side Table,1545.68,3,0.3,-77.84
ORD-103613,2024-06-22,2024-06-27,CUST-9756,Ritu Rao,61.0,Female,Home Office,South,Karnataka,Office Supplies,Binders,Clip Binder,20.0,3,0.2,4.22
ORD-103614,2023-02-18,2023-02-19,CUST-8671,Suresh Joshi,47.0,Male,Consumer,East,Odisha,Office Supplies,Envelopes,Window Envelopes,91.94,3,0.0,32.75
ORD-103615,2022-04-28,2022-05-03,CUST-5295,Suresh Reddy,34.0,Male,Corporate,West,Gujarat,Office Supplies,Art,Sketch Pad,150.3,4,0.0,66.29
ORD-103616,2023-10-14,2023-10-18,CUST-6506,Vikram Iyer,36.0,Male,Corporate,North,Haryana,Furniture,Bookcases,Ladder Bookshelf,992.9,6,0.0,321.9
ORD-103617,2024-08-24,2024-08-31,CUST-9928,Rahul Nair,37.0,Male,Consumer,North,Uttar Pradesh,Furniture,Bookcases,5-Shelf Bookcase,1196.27,2,0.3,-69.16
ORD-103618,2024-06-19,2024-06-20,CUST-9399,Vikram Singh,54.0,Male,Corporate,South,Kerala,Technology,Accessories,Mechanical Keyboard,1106.44,6,0.0,234.64
ORD-103619,2022-08-20,2022-08-25,CUST-7357,Anita Rao,41.0,Female,Consumer,West,Gujarat,Technology,Machines,Laser Printer,527.79,1,0.4,17.44
ORD-103620,2024-01-09,2024-01-10,CUST-4039,Rohan Kapoor,50.0,Male,Consumer,North,Delhi,Technology,Accessories,USB-C Hub,2650.54,4,0.4,-400.6
ORD-103621,2022-10-11,2022-10-15,CUST-8059,Sanjay Sharma,33.0,Male,Consumer,South,Karnataka,Office Supplies,Paper,Sticky Notes Pack,294.98,4,0.0,119.15
ORD-103622,2022-10-08,2022-10-11,CUST-8671,Suresh Joshi,48.0,Male,Consumer,Central,Madhya Pradesh,Office Supplies,Labels,Address Labels,95.96,4,0.1,32.6
ORD-103623,2024-09-27,2024-09-30,CUST-4984,Kavita Kapoor,56.0,Female,Consumer,North,Haryana,Furniture,Chairs,Foldable Study Chair,503.36,5,0.1,106.27
ORD-103624,2022-11-07,2022-11-14,CUST-5333,Priya Patel,40.0,Female,Corporate,Central,Chhattisgarh,Technology,Accessories,Webcam HD,296.59,1,0.0,99.7
ORD-103625,2022-11-17,2022-11-22,CUST-5528,Anita Iyer,29.0,Female,Consumer,West,Rajasthan,Office Supplies,Paper,Notebook Set,219.84,4,0.0,57.21
ORD-103626,2022-01-01,2022-01-03,CUST-7048,Rohan Reddy,33.0,Male,Corporate,East,West Bengal,Office Supplies,Paper,Notebook Set,175.16,5,0.0,67.82
ORD-103627,2024-09-23,2024-09-27,CUST-3657,Manish Kapoor,18.0,Male,Corporate,North,Punjab,Office Supplies,Labels,Address Labels,53.34,4,0.1,11.13
ORD-103628,2024-06-15,2024-06-20,CUST-3830,Rahul Sharma,41.0,Male,Consumer,West,Gujarat,Office Supplies,Envelopes,Mailing Envelopes,229.37,6,0.3,-19.17
ORD-103629,2023-12-08,2023-12-13,CUST-2676,Shreya Joshi,34.0,Female,Consumer,West,Gujarat,Furniture,Bookcases,Corner Bookcase,2929.1,7,0.15,598.64
ORD-103630,2024-04-23,2024-04-26,CUST-1564,Ritu Sharma,43.0,Female,Home Office,East,West Bengal,Furniture,Furnishings,Curtain Set,1368.26,4,0.0,325.56
ORD-103631,2022-07-20,2022-07-27,CUST-3226,Anjali Sharma,37.0,Female,Corporate,South,Karnataka,Furniture,Tables,Glass Coffee Table,938.6,3,0.3,57.31
ORD-103632,2023-06-14,2023-06-15,CUST-9928,Rahul Nair,35.0,Male,Consumer,Central,Chhattisgarh,Technology,Machines,Laser Printer,639.24,3,0.0,195.44
ORD-103633,2023-01-25,2023-01-29,CUST-9032,Priya Verma,50.0,Female,Consumer,West,Gujarat,Technology,Copiers,Compact Copier,1411.33,3,0.0,415.92
ORD-103634,2022-05-06,2022-05-07,CUST-3226,Anjali Sharma,39.0,Female,Consumer,South,Kerala,Furniture,Furnishings,Table Lamp,1063.23,2,0.15,262.59
ORD-103635,2023-07-22,2023-07-28,CUST-9903,Vivek Rao,38.0,Male,Consumer,West,Maharashtra,Office Supplies,Paper,Notebook Set,117.97,7,0.0,51.21
ORD-103636,2024-11-10,2024-11-16,CUST-4598,Sanjay Joshi,21.0,Male,Corporate,North,Punjab,Technology,Machines,Label Maker,3358.63,6,0.1,
ORD-103637,2022-02-26,2022-03-02,CUST-7048,Rohan Reddy,34.0,Male,Home Office,South,Tamil Nadu,Office Supplies,Binders,3-Ring Binder,47.01,2,0.15,7.49
ORD-103638,2022-12-06,2022-12-13,CUST-7319,Vivek Mehta,41.0,Male,Consumer,North,Punjab,Furniture,Furnishings,Area Rug,1913.37,7,0.15,238.41
ORD-103639,2022-09-27,2022-09-29,CUST-8068,Rohan Mehta,56.0,Male,Consumer,East,Bihar,Furniture,Tables,Adjustable Standing Desk,1775.73,7,0.0,470.05
ORD-103640,2022-10-28,2022-11-03,CUST-7319,Vivek Mehta,40.0,Male,Consumer,East,Odisha,Furniture,Furnishings,Curtain Set,261.1,2,0.1,70.18
ORD-103641,2024-11-01,2024-11-04,CUST-6956,Arjun Sharma,31.0,Male,Consumer,South,Tamil Nadu,Office Supplies,Storage,Desk Organizer,58.36,7,0.15,13.22
ORD-103642,2023-06-27,2023-06-29,CUST-7319,Vivek Mehta,40.0,Male,Corporate,South,Telangana,Technology,Copiers,Office Copier 200,4545.57,6,0.0,1646.85
ORD-103643,2023-06-25,2023-06-30,CUST-3741,Vivek Kapoor,20.0,Male,Consumer,Central,Chhattisgarh,Furniture,Chairs,Executive Leather Chair,897.45,3,0.0,321.9
ORD-103644,2024-05-06,2024-05-12,CUST-3226,Anjali Sharma,38.0,Female,Home Office,East,Bihar,Furniture,Bookcases,Corner Bookcase,702.37,7,0.15,129.84
ORD-103645,2022-07-24,2022-07-27,CUST-2293,Anita Singh,49.0,Female,Home Office,North,Punjab,Office Supplies,Labels,Shipping Labels,14.41,2,0.0,6.17
ORD-103646,2023-07-23,2023-07-28,CUST-3741,Vivek Kapoor,21.0,Male,Consumer,North,Delhi,Furniture,Tables,Oak Dining Table,1561.58,4,0.0,547.52
ORD-103647,2023-05-10,2023-05-12,CUST-4657,Rohan Verma,29.0,Male,Home Office,North,Uttar Pradesh,Office Supplies,Labels,Shipping Labels,53.26,4,0.15,2.95
ORD-103648,2023-11-17,2023-11-21,CUST-7319,Vivek Mehta,43.0,Male,Consumer,South,Karnataka,Office Supplies,Envelopes,Window Envelopes,162.1,3,0.15,36.28
ORD-103649,2024-12-31,2025-01-05,CUST-7920,Anita Iyer,30.0,Female,Consumer,Central,Chhattisgarh,Office Supplies,Storage,Storage Box Set,112.99,2,0.0,29.28
ORD-103650,2024-05-17,2024-05-18,CUST-5711,Pooja Sharma,18.0,Female,Consumer,Central,Madhya Pradesh,Technology,Copiers,Office Copier 200,4274.16,5,0.2,507.61
ORD-103651,2023-03-30,2023-04-03,CUST-7490,Vivek Joshi,39.0,Male,Home Office,West,Gujarat,Office Supplies,Paper,Notebook Set,383.87,5,0.0,123.59
ORD-103652,2024-08-01,2024-08-05,CUST-7490,Vivek Joshi,38.0,Male,Consumer,North,Uttar Pradesh,Furniture,Bookcases,5-Shelf Bookcase,1926.05,7,0.0,543.72
ORD-103653,2022-08-14,2022-08-16,CUST-3226,Anjali Sharma,38.0,Female,Consumer,East,Bihar,Technology,Phones,Budget Smartphone S5,2646.31,3,0.2,159.65
ORD-103654,2022-02-12,2022-02-14,CUST-3738,Arjun Patel,34.0,Male,Corporate,North,Delhi,Furniture,Furnishings,Wall Clock,1313.26,3,0.2,185.74
ORD-103655,2022-09-24,2022-09-27,CUST-5482,Rohan Mehta,27.0,Male,Corporate,Central,Chhattisgarh,Technology,Copiers,Compact Copier,1455.45,2,0.0,340.32
ORD-103656,2023-01-11,2023-01-14,CUST-6560,Kavita Mehta,32.0,Female,Consumer,North,Haryana,Furniture,Chairs,Ergo Mesh Office Chair,2327.57,7,0.15,173.48
ORD-103657,2023-08-23,2023-08-24,CUST-2293,Anita Singh,47.0,Female,Consumer,East,West Bengal,Office Supplies,Envelopes,Window Envelopes,123.05,3,0.0,45.03
ORD-103658,2023-11-30,2023-12-04,CUST-6551,Pooja Iyer,45.0,Female,Corporate,West,Rajasthan,Furniture,Chairs,Foldable Study Chair,1049.52,3,0.2,179.56
ORD-103659,2024-11-02,2024-11-09,CUST-2158,Rahul Gupta,48.0,Male,Home Office,East,Odisha,Furniture,Tables,Adjustable Standing Desk,2043.22,6,0.0,493.84
ORD-103660,2023-08-22,2023-08-23,CUST-4848,Sanjay Mehta,47.0,Male,Corporate,North,Uttar Pradesh,Furniture,Tables,Round Side Table,412.99,1,0.3,-0.28
ORD-103661,2023-08-11,2023-08-12,CUST-1625,Kavita Kapoor,40.0,Female,Consumer,North,Punjab,Office Supplies,Binders,Clip Binder,122.83,4,0.3,9.75
ORD-103662,2022-03-11,2022-03-18,CUST-8110,Vikram Mehta,32.0,Male,Home Office,North,Uttar Pradesh,Furniture,Furnishings,Wall Clock,1029.6,2,0.1,245.73
ORD-103663,2022-02-19,2022-02-26,CUST-5375,Rahul Sharma,52.0,Male,Home Office,East,Odisha,Office Supplies,Paper,Sticky Notes Pack,78.9,1,0.15,13.32
ORD-103664,2023-10-08,2023-10-15,CUST-5268,Suresh Rao,25.0,Male,Home Office,Central,Chhattisgarh,Office Supplies,Art,Colored Pencils,161.57,4,0.15,34.52
ORD-103665,2023-05-20,2023-05-22,CUST-2795,Manish Singh,39.0,Male,Consumer,South,Karnataka,Technology,Accessories,Wireless Mouse,1062.15,2,0.1,273.79
ORD-103666,2024-08-16,2024-08-17,CUST-8760,Sneha Kapoor,26.0,Female,Consumer,West,Maharashtra,Technology,Accessories,Mechanical Keyboard,3043.39,6,0.0,1182.18
ORD-103667,2022-08-01,2022-08-02,CUST-5059,Nikhil Gupta,39.0,Male,Corporate,West,Rajasthan,Office Supplies,Art,Marker Set,196.99,4,0.3,0.49
ORD-103668,2022-02-04,2022-02-09,CUST-8760,Sneha Kapoor,25.0,Female,Home Office,Central,Madhya Pradesh,Technology,Copiers,Office Copier 200,274.27,1,0.0,83.23
ORD-103669,2023-06-02,2023-06-09,CUST-5959,Manish Verma,63.0,Male,Consumer,South,Karnataka,Technology,Copiers,Compact Copier,3968.37,5,0.0,1390.88
ORD-103670,2022-10-28,2022-11-04,CUST-7319,Vivek Mehta,41.0,Male,Corporate,West,Gujarat,Technology,Accessories,USB-C Hub,560.16,1,0.0,206.74
ORD-103671,2022-03-11,2022-03-14,CUST-8736,Meera Mehta,18.0,Female,Consumer,East,West Bengal,Technology,Machines,3D Printer Mini,2605.28,3,0.0,1084.27
ORD-103672,2024-03-21,2024-03-24,CUST-4848,Sanjay Mehta,49.0,Male,Corporate,North,Punjab,Office Supplies,Binders,View Binder,149.7,4,0.15,36.11
ORD-103673,2022-05-28,2022-06-01,CUST-1744,Rohan Verma,33.0,Male,Home Office,Central,Chhattisgarh,Technology,Copiers,Compact Copier,1748.37,2,0.2,383.55
ORD-103674,2023-11-25,2023-11-28,CUST-8586,Shreya Verma,29.0,Female,Consumer,South,Tamil Nadu,Technology,Phones,Cordless Landline,584.27,1,0.2,79.86
ORD-103675,2022-11-30,2022-12-06,CUST-8626,Vivek Mehta,37.0,Male,Consumer,East,Bihar,Office Supplies,Storage,Desk Organizer,346.73,7,0.15,42.74
ORD-103676,2022-08-18,2022-08-22,CUST-5268,Suresh Rao,28.0,Male,Consumer,East,West Bengal,Office Supplies,Binders,View Binder,446.43,6,0.0,161.84
ORD-103677,2023-03-07,2023-03-14,CUST-1230,Rohan Kapoor,45.0,Male,Consumer,Central,Chhattisgarh,Furniture,Bookcases,Corner Bookcase,215.23,1,0.2,36.6
ORD-103678,2024-06-27,2024-07-02,CUST-8586,Shreya Verma,26.0,Female,Home Office,East,Bihar,Furniture,Bookcases,Ladder Bookshelf,2776.95,5,0.1,560.58
ORD-103679,2023-03-23,2023-03-26,CUST-5268,Suresh Rao,26.0,Male,Consumer,West,Maharashtra,Office Supplies,Art,Sketch Pad,350.69,5,0.3,4.72
ORD-103680,2024-04-24,2024-04-29,CUST-7201,Anjali Iyer,39.0,Female,Consumer,West,Rajasthan,Furniture,Furnishings,Table Lamp,515.03,1,0.15,93.43
ORD-103681,2022-06-15,2022-06-18,CUST-5375,Rahul Sharma,50.0,Male,Home Office,North,Delhi,Furniture,Furnishings,Wall Clock,1727.28,3,0.4,-202.19
ORD-103682,2024-05-21,2024-05-24,CUST-1744,Rohan Verma,32.0,Male,Consumer,East,Odisha,Furniture,Chairs,Recliner Lounge Chair,566.56,3,0.0,214.97
ORD-103683,2022-10-27,2022-11-01,CUST-1625,Kavita Kapoor,40.0,Female,Consumer,South,Telangana,Furniture,Tables,Round Side Table,254.69,1,0.0,55.26
ORD-103684,2024-01-16,2024-01-17,CUST-5959,Manish Verma,64.0,Male,Consumer,Central,Chhattisgarh,Office Supplies,Binders,3-Ring Binder,137.09,3,0.0,54.14
ORD-103685,2023-10-23,2023-10-24,CUST-7687,Manish Joshi,33.0,Male,Consumer,East,West Bengal,Furniture,Bookcases,5-Shelf Bookcase,2940.19,6,0.3,-36.53
ORD-103686,2024-11-16,2024-11-17,CUST-2465,Amit Gupta,34.0,Male,Corporate,Central,Chhattisgarh,Furniture,Chairs,Foldable Study Chair,1953.55,5,0.15,315.93
ORD-103687,2023-03-17,2023-03-23,CUST-3741,Vivek Kapoor,24.0,Male,Home Office,South,Karnataka,Office Supplies,Envelopes,Window Envelopes,306.66,5,0.0,64.54
ORD-103688,2022-04-01,2022-04-02,CUST-2800,Aditya Verma,35.0,Male,Consumer,West,Maharashtra,Office Supplies,Binders,Clip Binder,506.04,7,0.0,130.51
ORD-103689,2022-01-27,2022-01-30,CUST-3741,Vivek Kapoor,24.0,Male,Consumer,Central,Madhya Pradesh,Technology,Copiers,Compact Copier,3004.24,7,0.2,235.19
ORD-103690,2024-07-31,2024-08-07,CUST-9053,Sanjay Kapoor,28.0,Male,Home Office,North,Punjab,Technology,Machines,Label Maker,545.56,1,0.2,76.0
ORD-103691,2023-09-09,2023-09-11,CUST-3657,Manish Kapoor,18.0,Male,Consumer,South,Telangana,Technology,Phones,Smartphone X12,1573.57,4,0.2,114.45
ORD-103692,2024-05-24,2024-05-29,CUST-4767,Rohan Kapoor,51.0,Male,Consumer,South,Kerala,Office Supplies,Labels,Address Labels,269.45,6,0.1,84.8
ORD-103693,2022-10-25,2022-11-01,CUST-7201,Anjali Iyer,36.0,Female,Corporate,Central,Madhya Pradesh,Office Supplies,Envelopes,Mailing Envelopes,143.35,5,0.0,59.6
ORD-103694,2023-01-17,2023-01-19,CUST-2465,Amit Gupta,34.0,Male,Consumer,Central,Chhattisgarh,Office Supplies,Binders,Clip Binder,200.3,3,0.0,49.02
ORD-103695,2022-02-11,2022-02-18,CUST-7319,Vivek Mehta,41.0,Male,Consumer,South,Telangana,Furniture,Bookcases,Corner Bookcase,3173.57,7,0.1,686.57
ORD-103696,2024-12-08,2024-12-14,CUST-2316,Aditya Singh,31.0,Male,Consumer,North,Uttar Pradesh,Technology,Copiers,Compact Copier,3832.26,5,0.2,188.46
ORD-103697,2024-01-03,2024-01-05,CUST-3657,Manish Kapoor,18.0,Male,Consumer,East,West Bengal,Furniture,Furnishings,Table Lamp,1742.46,4,0.15,424.27
ORD-103698,2024-11-19,2024-11-23,CUST-9164,Neha Reddy,26.0,Female,Consumer,West,Gujarat,Technology,Copiers,Office Copier 200,1388.96,3,0.0,493.69
ORD-103699,2022-11-18,2022-11-19,CUST-7319,Vivek Mehta,43.0,Male,Consumer,South,Karnataka,Technology,Copiers,Office Copier 200,4151.93,6,0.1,1400.23
ORD-103700,2023-11-28,2023-12-04,CUST-2183,Divya Sharma,30.0,Female,Home Office,North,Delhi,Furniture,Chairs,Foldable Study Chair,3968.38,7,0.0,929.81
ORD-103701,2024-01-17,2024-01-24,CUST-1049,Vivek Gupta,32.0,Male,Consumer,East,Odisha,Technology,Accessories,Mechanical Keyboard,4911.23,7,0.3,288.76
ORD-103702,2022-12-22,2022-12-25,CUST-1049,Vivek Gupta,32.0,Male,Consumer,North,Haryana,Office Supplies,Envelopes,Mailing Envelopes,78.01,6,0.0,30.74
ORD-103703,2024-08-28,2024-08-29,CUST-2280,Rohan Mehta,26.0,Male,Consumer,North,Haryana,Technology,Accessories,USB-C Hub,1797.95,2,0.0,643.55
ORD-103704,2024-11-29,2024-11-30,CUST-7201,Anjali Iyer,38.0,Female,Consumer,South,Telangana,Office Supplies,Envelopes,Mailing Envelopes,58.19,2,0.1,
ORD-103705,2024-10-08,2024-10-10,CUST-4840,Sanjay Mehta,55.0,Male,Consumer,West,Maharashtra,Furniture,Tables,Round Side Table,1560.17,3,0.0,344.39
ORD-103706,2024-04-09,2024-04-13,CUST-9333,Priya Kapoor,54.0,Female,Home Office,North,Haryana,Technology,Machines,3D Printer Mini,950.47,7,0.1,212.08
ORD-103707,2022-11-27,2022-11-28,CUST-1230,Rohan Kapoor,46.0,Male,Consumer,Central,Madhya Pradesh,Office Supplies,Art,Sketch Pad,97.5,2,0.0,24.94
ORD-103708,2022-11-30,2022-12-07,CUST-6551,Pooja Iyer,47.0,Female,Consumer,North,Uttar Pradesh,Technology,Copiers,Office Copier 200,5678.12,7,0.4,-542.88
ORD-103709,2024-12-09,2024-12-16,CUST-7319,Vivek Mehta,43.0,Male,Home Office,East,Odisha,Office Supplies,Binders,Clip Binder,325.02,5,0.0,144.65
ORD-103710,2022-01-15,2022-01-20,CUST-1049,Vivek Gupta,32.0,Male,Corporate,North,Delhi,Technology,Phones,Cordless Landline,3511.8,6,0.0,
ORD-103711,2024-03-10,2024-03-15,CUST-3424,Neha Gupta,22.0,Female,Corporate,East,Odisha,Technology,Phones,Budget Smartphone S5,1859.58,7,0.0,673.02
ORD-103712,2024-02-26,2024-02-27,CUST-8736,Meera Mehta,18.0,Female,Consumer,East,Bihar,Technology,Phones,Smartphone X12,349.9,2,0.3,21.13
ORD-103713,2023-12-05,2023-12-07,CUST-1049,Vivek Gupta,31.0,Male,Consumer,West,Gujarat,Office Supplies,Envelopes,Mailing Envelopes,161.43,5,0.4,-22.54
ORD-103714,2024-12-25,2024-12-27,CUST-4233,Manish Reddy,26.0,Male,Consumer,West,Gujarat,Office Supplies,Art,Sketch Pad,102.49,3,0.0,32.86
ORD-103715,2022-12-19,2022-12-22,CUST-3061,Sanjay Patel,47.0,Male,Consumer,South,Karnataka,Office Supplies,Binders,3-Ring Binder,48.92,5,0.2,0.66
ORD-103716,2023-01-10,2023-01-16,CUST-8476,Vivek Iyer,35.0,Male,Corporate,North,Haryana,Furniture,Furnishings,Wall Clock,666.67,2,0.0,237.51
ORD-103717,2022-04-18,2022-04-24,CUST-7319,Vivek Mehta,44.0,Male,Consumer,Central,Madhya Pradesh,Office Supplies,Art,Colored Pencils,49.91,1,0.3,4.49
ORD-103718,2023-05-26,2023-06-01,CUST-1625,Kavita Kapoor,43.0,Female,Home Office,West,Rajasthan,Office Supplies,Paper,A4 Copy Paper Ream,147.92,2,0.0,60.41
ORD-103719,2022-11-15,2022-11-19,CUST-1625,Kavita Kapoor,44.0,Female,Consumer,Central,Madhya Pradesh,Technology,Machines,Laser Printer,468.37,2,0.1,144.34
ORD-103720,2023-01-15,2023-01-17,CUST-1625,Kavita Kapoor,43.0,Female,Consumer,East,West Bengal,Furniture,Bookcases,Ladder Bookshelf,3270.28,6,0.2,191.51
ORD-103721,2024-08-10,2024-08-13,CUST-8476,Vivek Iyer,35.0,Male,Consumer,Central,Chhattisgarh,Technology,Accessories,USB-C Hub,2878.39,6,0.0,847.99
ORD-103722,2024-11-20,2024-11-25,CUST-7511,Anita Rao,,Female,Corporate,South,Kerala,Furniture,Furnishings,Wall Clock,85.71,1,0.0,17.4
ORD-103723,2022-09-02,2022-09-09,CUST-3424,Neha Gupta,20.0,Female,Corporate,South,Tamil Nadu,Technology,Accessories,Mechanical Keyboard,2913.2,6,0.15,168.09
ORD-103724,2023-02-25,2023-03-03,CUST-8476,Vivek Iyer,39.0,Male,Corporate,South,Kerala,Office Supplies,Labels,Address Labels,163.44,3,0.4,-4.48
ORD-103725,2024-11-15,2024-11-20,CUST-4454,Divya Patel,32.0,Female,Home Office,South,Karnataka,Office Supplies,Labels,Shipping Labels,229.3,7,0.4,-45.8
ORD-103726,2022-03-26,2022-03-31,CUST-9986,Aditya Kapoor,37.0,Male,Corporate,West,Gujarat,Furniture,Chairs,Recliner Lounge Chair,275.86,1,0.0,74.04
ORD-103727,2022-05-05,2022-05-06,CUST-1678,Nikhil Nair,48.0,Male,Consumer,North,Haryana,Office Supplies,Binders,View Binder,221.51,5,0.0,56.4
ORD-103728,2022-08-04,2022-08-08,CUST-2098,Sanjay Gupta,20.0,Male,Consumer,Central,Chhattisgarh,Office Supplies,Art,Marker Set,145.81,6,0.2,2.48
ORD-103729,2023-11-16,2023-11-19,CUST-7457,Rahul Verma,41.0,Male,Home Office,North,Delhi,Office Supplies,Labels,Shipping Labels,40.36,3,0.2,4.95
ORD-103730,2022-07-18,2022-07-22,CUST-5522,Anjali Patel,25.0,Female,Consumer,East,West Bengal,Furniture,Chairs,Executive Leather Chair,222.99,2,0.1,27.84
ORD-103731,2024-12-12,2024-12-13,CUST-4454,Divya Patel,33.0,Female,Consumer,North,Uttar Pradesh,Office Supplies,Envelopes,Mailing Envelopes,330.74,6,0.0,140.07
ORD-103732,2023-05-31,2023-06-03,CUST-5522,Anjali Patel,,Female,Consumer,West,Gujarat,Office Supplies,Binders,Clip Binder,100.19,6,0.0,33.8
ORD-103733,2023-08-11,2023-08-14,CUST-4454,Divya Patel,34.0,Female,Corporate,North,Delhi,Office Supplies,Storage,Desk Organizer,148.96,3,,30.02
ORD-103734,2022-11-04,2022-11-06,CUST-4454,Divya Patel,30.0,Female,Home Office,West,Maharashtra,Furniture,Tables,Adjustable Standing Desk,1939.17,4,0.15,219.81
ORD-103735,2023-07-01,2023-07-05,CUST-4233,Manish Reddy,29.0,Male,Corporate,Central,Madhya Pradesh,Office Supplies,Labels,Address Labels,115.22,2,0.1,23.63
ORD-103736,2023-12-29,2024-01-02,CUST-5522,Anjali Patel,27.0,Female,Consumer,Central,Chhattisgarh,Furniture,Tables,Glass Coffee Table,795.5,3,0.2,175.28
ORD-103737,2024-04-24,2024-04-26,CUST-4767,Rohan Kapoor,51.0,Male,Corporate,North,Haryana,Technology,Copiers,Office Copier 200,4223.08,6,0.15,741.17
ORD-103738,2024-04-28,2024-05-03,CUST-4767,Rohan Kapoor,50.0,Male,Home Office,Central,Madhya Pradesh,Technology,Copiers,Office Copier 200,3763.03,6,0.1,799.97
ORD-103739,2023-11-03,2023-11-04,CUST-6688,Vikram Nair,61.0,Male,Corporate,North,Punjab,Office Supplies,Envelopes,Mailing Envelopes,138.18,2,0.3,3.74
ORD-103740,2024-10-28,2024-11-01,CUST-4111,Sneha Iyer,43.0,Female,Consumer,North,Haryana,Technology,Accessories,Webcam HD,755.45,2,0.0,167.41
ORD-103741,2024-07-18,2024-07-20,CUST-3778,Neha Verma,30.0,Female,Home Office,North,Uttar Pradesh,Office Supplies,Binders,View Binder,94.69,7,0.0,39.79
ORD-103742,2024-05-02,2024-05-09,CUST-7201,Anjali Iyer,36.0,Female,Consumer,East,West Bengal,Office Supplies,Storage,Desk Organizer,30.76,5,0.1,3.12
ORD-103743,2022-03-18,2022-03-21,CUST-3657,Manish Kapoor,19.0,Male,Consumer,East,Bihar,Technology,Accessories,Mechanical Keyboard,4323.49,6,0.0,1781.84
ORD-103744,2022-01-10,2022-01-16,CUST-1946,Vivek Iyer,32.0,Male,Home Office,Central,Chhattisgarh,Furniture,Bookcases,Corner Bookcase,473.87,4,0.0,182.04
ORD-103745,2022-10-03,2022-10-10,CUST-7201,Anjali Iyer,35.0,Female,Consumer,North,Punjab,Technology,Copiers,Office Copier 200,1502.73,5,0.2,194.23
ORD-103746,2023-12-30,2024-01-01,CUST-3451,Sanjay Rao,23.0,Male,Home Office,East,Bihar,Office Supplies,Envelopes,Window Envelopes,267.25,4,0.3,20.32
ORD-103747,2023-04-16,2023-04-22,CUST-4233,Manish Reddy,27.0,Male,Consumer,South,Tamil Nadu,Office Supplies,Art,Marker Set,154.55,3,0.0,36.68
ORD-103748,2023-04-05,2023-04-10,CUST-3424,Neha Gupta,22.0,Female,Consumer,West,Maharashtra,Office Supplies,Art,Colored Pencils,77.6,1,0.1,23.52
ORD-103749,2024-10-08,2024-10-09,CUST-1096,Vikram Nair,33.0,Male,Consumer,West,Rajasthan,Technology,Accessories,Webcam HD,1085.61,2,0.15,215.68
ORD-103750,2024-10-19,2024-10-25,CUST-5830,Anjali Sharma,41.0,Female,Corporate,North,Delhi,Furniture,Tables,Round Side Table,1535.39,4,0.0,428.1
ORD-103751,2024-11-01,2024-11-06,CUST-9589,Anjali Verma,23.0,Female,Consumer,North,Punjab,Furniture,Furnishings,Table Lamp,3689.45,7,0.15,426.26
ORD-103752,2022-12-20,2022-12-26,CUST-9212,Anita Gupta,,Female,Home Office,South,Tamil Nadu,Technology,Copiers,Office Copier 200,817.09,7,0.0,268.78
ORD-103753,2024-02-04,2024-02-07,CUST-4173,Suresh Reddy,28.0,Male,Home Office,South,Telangana,Office Supplies,Art,Marker Set,292.12,4,0.2,66.25
ORD-103754,2022-11-23,2022-11-26,CUST-7201,Anjali Iyer,39.0,Female,Consumer,North,Punjab,Furniture,Tables,Glass Coffee Table,784.3,7,0.3,113.08
ORD-103755,2022-09-08,2022-09-11,CUST-4525,Suresh Rao,38.0,Male,Corporate,South,Karnataka,Technology,Copiers,Office Copier 200,3336.03,5,0.1,1021.39
ORD-103756,2022-09-01,2022-09-04,CUST-4173,Suresh Reddy,28.0,Male,Consumer,North,Delhi,Office Supplies,Binders,View Binder,376.1,5,0.0,86.47
ORD-103757,2023-01-13,2023-01-15,CUST-7825,Rahul Patel,48.0,Male,Consumer,North,Punjab,Office Supplies,Art,Marker Set,198.14,6,0.3,-11.26
ORD-103758,2023-05-10,2023-05-13,CUST-5539,Divya Kapoor,27.0,Female,Consumer,North,Delhi,Office Supplies,Art,Marker Set,405.49,7,0.0,86.77
ORD-103759,2024-08-05,2024-08-12,CUST-7660,Priya Singh,32.0,Female,Corporate,North,Haryana,Furniture,Bookcases,Ladder Bookshelf,2743.12,5,0.1,753.89
ORD-103760,2022-06-08,2022-06-11,CUST-1096,Vikram Nair,32.0,Male,Consumer,South,Kerala,Technology,Phones,Smartphone X12,2125.11,3,0.0,800.73
ORD-103761,2024-04-03,2024-04-10,CUST-5539,Divya Kapoor,28.0,Female,Home Office,South,Kerala,Technology,Copiers,Compact Copier,994.81,7,0.2,195.99
ORD-103762,2023-09-17,2023-09-19,CUST-4707,Manish Nair,34.0,Male,Corporate,East,Bihar,Office Supplies,Labels,Address Labels,198.83,5,0.1,28.44
ORD-103763,2022-12-04,2022-12-07,CUST-7457,Rahul Verma,44.0,Male,Corporate,East,Bihar,Office Supplies,Paper,Notebook Set,104.14,3,0.2,10.16
ORD-103764,2023-07-31,2023-08-05,CUST-7201,Anjali Iyer,39.0,Female,Corporate,South,Telangana,Office Supplies,Art,Sketch Pad,53.06,3,0.2,
ORD-103765,2022-12-11,2022-12-16,CUST-8624,Neha Singh,44.0,Female,Consumer,Central,Madhya Pradesh,Office Supplies,Envelopes,Mailing Envelopes,335.23,5,0.4,6.78
ORD-103766,2023-11-16,2023-11-20,CUST-5551,Divya Patel,38.0,Female,Consumer,South,Karnataka,Office Supplies,Storage,Desk Organizer,25.7,1,0.3,1.99
ORD-103767,2023-05-15,2023-05-20,CUST-5539,Divya Kapoor,29.0,Female,Home Office,West,Maharashtra,Office Supplies,Storage,Desk Organizer,36.77,3,0.0,15.61
ORD-103768,2022-08-06,2022-08-07,CUST-7282,Priya Reddy,34.0,Female,Consumer,North,Uttar Pradesh,Furniture,Chairs,Executive Leather Chair,664.15,3,0.1,98.76
ORD-103769,2022-06-03,2022-06-04,CUST-7438,Anita Patel,32.0,Female,Consumer,East,Bihar,Furniture,Bookcases,5-Shelf Bookcase,2299.12,6,0.3,-159.07
ORD-103770,2023-10-04,2023-10-05,CUST-5139,Anita Kapoor,37.0,Female,Corporate,South,Kerala,Technology,Copiers,Compact Copier,2433.41,3,0.3,
ORD-103771,2024-10-26,2024-10-28,CUST-4628,Sneha Gupta,24.0,Female,Corporate,South,Karnataka,Office Supplies,Storage,Desk Organizer,289.0,5,0.15,84.14
ORD-103772,2023-01-15,2023-01-20,CUST-5539,Divya Kapoor,28.0,Female,Corporate,North,Delhi,Office Supplies,Paper,A4 Copy Paper Ream,338.09,5,0.0,99.39
ORD-103773,2024-04-01,2024-04-08,CUST-8736,Meera Mehta,18.0,Female,Consumer,Central,Chhattisgarh,Office Supplies,Binders,Clip Binder,377.07,7,0.15,33.68
ORD-103774,2023-12-27,2023-12-28,CUST-4677,Rahul Iyer,44.0,Male,Corporate,West,Rajasthan,Technology,Phones,Smartphone X12,3141.73,6,0.1,901.27
ORD-103775,2024-11-18,2024-11-22,CUST-7607,Ritu Singh,27.0,Female,Consumer,West,Maharashtra,Office Supplies,Labels,Address Labels,72.25,1,0.0,29.44
ORD-103776,2024-07-23,2024-07-25,CUST-7438,Anita Patel,33.0,Female,Consumer,Central,Madhya Pradesh,Furniture,Bookcases,5-Shelf Bookcase,417.18,2,0.2,103.05
ORD-103777,2023-10-24,2023-10-28,CUST-4628,Sneha Gupta,22.0,Female,Consumer,North,Delhi,Furniture,Furnishings,Table Lamp,2180.3,6,,-276.01
ORD-103778,2023-12-26,2023-12-31,CUST-4499,Vivek Gupta,18.0,Male,Corporate,South,Karnataka,Office Supplies,Paper,Sticky Notes Pack,40.87,7,0.0,13.96
ORD-103779,2024-10-22,2024-10-25,CUST-2695,Rahul Singh,38.0,Male,Consumer,West,Gujarat,Office Supplies,Paper,Notebook Set,45.77,2,0.2,7.18
ORD-103780,2023-04-01,2023-04-05,CUST-4628,Sneha Gupta,22.0,Female,Consumer,South,Karnataka,Office Supplies,Paper,A4 Copy Paper Ream,251.86,5,0.0,77.89
ORD-103781,2022-12-28,2022-12-31,CUST-7607,Ritu Singh,26.0,Female,Home Office,North,Delhi,Technology,Machines,Label Maker,3908.43,5,0.1,757.01
ORD-103782,2022-01-15,2022-01-17,CUST-6298,Pooja Rao,27.0,Female,Consumer,East,West Bengal,Office Supplies,Envelopes,Mailing Envelopes,363.88,5,0.15,34.74
ORD-103783,2024-07-31,2024-08-04,CUST-9718,Nikhil Singh,52.0,Male,Consumer,West,Maharashtra,Technology,Machines,3D Printer Mini,2181.45,3,0.0,648.41
ORD-103784,2024-06-26,2024-06-30,CUST-5139,Anita Kapoor,38.0,Female,Corporate,East,Bihar,Furniture,Tables,Oak Dining Table,371.45,3,0.2,48.77
ORD-103785,2022-05-19,2022-05-25,CUST-6130,Amit Joshi,41.0,Male,Corporate,Central,Chhattisgarh,Office Supplies,Envelopes,Window Envelopes,37.04,1,0.0,9.1
ORD-103786,2023-11-02,2023-11-04,CUST-9972,Pooja Mehta,33.0,Female,Consumer,East,West Bengal,Furniture,Furnishings,Wall Clock,988.81,2,0.3,65.79
ORD-103787,2023-06-22,2023-06-24,CUST-6551,Pooja Iyer,46.0,Female,Home Office,West,Rajasthan,Furniture,Furnishings,Table Lamp,1869.4,5,0.0,406.07
ORD-103788,2022-06-06,2022-06-07,CUST-8624,Neha Singh,40.0,Female,Consumer,North,Uttar Pradesh,Furniture,Bookcases,Corner Bookcase,410.67,2,0.2,75.92
ORD-103789,2024-12-20,2024-12-25,CUST-8670,Shreya Sharma,39.0,Female,Consumer,Central,Chhattisgarh,Office Supplies,Labels,Address Labels,115.35,2,0.15,33.82
ORD-103790,2022-10-05,2022-10-09,CUST-2695,Rahul Singh,35.0,Male,Corporate,West,Rajasthan,Technology,Machines,3D Printer Mini,3688.42,5,0.2,557.53
ORD-103791,2022-04-02,2022-04-06,CUST-8623,Arjun Joshi,30.0,Male,Consumer,North,Uttar Pradesh,Office Supplies,Envelopes,Mailing Envelopes,147.6,4,0.1,20.23
ORD-103792,2023-11-15,2023-11-22,CUST-4173,Suresh Reddy,25.0,Male,Consumer,North,Haryana,Furniture,Chairs,Executive Leather Chair,391.46,1,0.1,101.78
ORD-103793,2024-04-09,2024-04-11,CUST-4173,Suresh Reddy,26.0,Male,Consumer,North,Uttar Pradesh,Office Supplies,Binders,3-Ring Binder,105.0,4,0.1,34.67
ORD-103794,2022-02-15,2022-02-17,CUST-5453,Manish Gupta,18.0,Male,Consumer,South,Tamil Nadu,Office Supplies,Labels,Address Labels,367.42,6,0.2,3.33
ORD-103795,2023-12-27,2024-01-01,CUST-7734,Vivek Reddy,27.0,Male,Consumer,West,Maharashtra,Technology,Copiers,Compact Copier,1466.56,2,0.0,517.11
ORD-103796,2023-09-18,2023-09-20,CUST-3451,Sanjay Rao,24.0,Male,Consumer,West,Gujarat,Office Supplies,Storage,Storage Box Set,197.53,5,0.2,10.09
ORD-103797,2022-05-18,2022-05-21,CUST-4628,Sneha Gupta,21.0,Female,Consumer,North,Delhi,Office Supplies,Paper,Notebook Set,153.48,3,0.1,40.26
ORD-103798,2022-08-16,2022-08-19,CUST-3232,Vikram Reddy,22.0,Male,Consumer,West,Rajasthan,Furniture,Furnishings,Area Rug,2841.69,5,0.1,503.06
ORD-103799,2023-10-25,2023-10-31,CUST-5850,Pooja Verma,36.0,Female,Corporate,East,Odisha,Office Supplies,Paper,Sticky Notes Pack,9.3,1,0.0,3.18
ORD-103800,2022-12-09,2022-12-12,CUST-8057,Anjali Gupta,23.0,Female,Consumer,South,Kerala,Furniture,Furnishings,Wall Clock,3579.19,6,0.2,96.71
ORD-103801,2024-11-23,2024-11-26,CUST-7479,Rahul Gupta,48.0,Male,Corporate,West,Maharashtra,Office Supplies,Paper,Notebook Set,234.69,6,0.0,48.67
ORD-103802,2024-07-20,2024-07-25,CUST-7346,Isha Rao,26.0,Female,Consumer,North,Punjab,Technology,Phones,Budget Smartphone S5,701.57,1,0.0,297.46
ORD-103803,2024-12-21,2024-12-25,CUST-3770,Anita Iyer,25.0,Female,Corporate,East,West Bengal,Office Supplies,Storage,Storage Box Set,91.04,4,0.4,-0.04
ORD-103804,2022-11-14,2022-11-17,CUST-1234,Isha Rao,40.0,Female,Corporate,East,Odisha,Office Supplies,Paper,A4 Copy Paper Ream,236.32,5,0.1,78.62
ORD-103805,2024-12-13,2024-12-19,CUST-8275,Amit Iyer,41.0,Male,Consumer,South,Karnataka,Office Supplies,Labels,Address Labels,156.26,3,0.0,65.6
ORD-103806,2023-05-12,2023-05-14,CUST-5850,Pooja Verma,35.0,Female,Consumer,East,Bihar,Furniture,Tables,Glass Coffee Table,2816.42,7,0.0,1192.35
ORD-103807,2023-01-20,2023-01-23,CUST-2029,Rahul Iyer,25.0,Male,Consumer,Central,Madhya Pradesh,Technology,Copiers,Compact Copier,1927.8,6,0.0,746.6
ORD-103808,2022-03-12,2022-03-18,CUST-9101,Karan Kapoor,44.0,Male,Consumer,West,Gujarat,Office Supplies,Binders,Clip Binder,23.58,1,0.1,7.34
ORD-103809,2022-03-15,2022-03-20,CUST-9101,Karan Kapoor,40.0,Male,Home Office,Central,Madhya Pradesh,Office Supplies,Art,Sketch Pad,408.73,6,0.0,98.64
ORD-103810,2024-02-05,2024-02-12,CUST-3770,Anita Iyer,29.0,Female,Consumer,West,Gujarat,Office Supplies,Art,Sketch Pad,19.63,1,0.15,5.62
ORD-103811,2023-06-14,2023-06-21,CUST-6487,Divya Reddy,38.0,Female,Consumer,West,Maharashtra,Office Supplies,Binders,3-Ring Binder,81.77,2,0.1,23.08
ORD-103812,2022-10-17,2022-10-24,CUST-9142,Amit Singh,39.0,Male,Consumer,East,West Bengal,Furniture,Chairs,Foldable Study Chair,2944.28,5,0.2,473.79
ORD-103813,2023-11-29,2023-12-01,CUST-3867,Rahul Joshi,41.0,Male,Consumer,South,Tamil Nadu,Office Supplies,Binders,Clip Binder,15.9,1,0.15,3.46
ORD-103814,2022-11-09,2022-11-15,CUST-8623,Arjun Joshi,32.0,Male,Corporate,North,Haryana,Furniture,Chairs,Ergo Mesh Office Chair,1298.65,5,0.3,183.01
ORD-103815,2023-11-03,2023-11-06,CUST-3809,Anjali Nair,32.0,Female,Consumer,South,Karnataka,Technology,Machines,3D Printer Mini,243.15,2,0.1,62.27
ORD-103816,2023-02-06,2023-02-10,CUST-6551,Pooja Iyer,47.0,Female,Consumer,East,West Bengal,Office Supplies,Storage,Storage Box Set,227.11,7,0.0,67.73
ORD-103817,2024-07-27,2024-07-29,CUST-6405,Amit Patel,21.0,Male,Home Office,East,West Bengal,Office Supplies,Art,Marker Set,256.72,4,0.15,38.26
ORD-103818,2024-07-23,2024-07-25,CUST-6486,Pooja Iyer,37.0,Female,Consumer,East,Odisha,Technology,Copiers,Compact Copier,1077.48,5,0.1,212.79
ORD-103819,2023-07-10,2023-07-17,CUST-6486,Pooja Iyer,37.0,Female,Consumer,North,Haryana,Technology,Phones,Budget Smartphone S5,4670.64,7,0.15,552.71
ORD-103820,2023-01-25,2023-01-29,CUST-3867,Rahul Joshi,41.0,Male,Corporate,South,Karnataka,Office Supplies,Envelopes,Mailing Envelopes,475.85,6,0.1,129.61
ORD-103821,2023-02-11,2023-02-18,CUST-7479,Rahul Gupta,45.0,Male,Consumer,East,Odisha,Office Supplies,Labels,Address Labels,196.1,3,0.0,62.24
ORD-103822,2024-07-02,2024-07-04,CUST-6486,Pooja Iyer,37.0,Female,Home Office,South,Karnataka,Furniture,Bookcases,Ladder Bookshelf,2040.16,5,0.2,216.38
ORD-103823,2022-12-28,2022-12-31,CUST-3770,Anita Iyer,25.0,Female,Consumer,North,Haryana,Office Supplies,Paper,A4 Copy Paper Ream,447.66,6,0.2,56.09
ORD-103824,2022-09-29,2022-10-06,CUST-6814,Sanjay Reddy,40.0,Male,Consumer,North,Haryana,Office Supplies,Paper,Notebook Set,356.16,6,0.2,52.73
ORD-103825,2022-04-25,2022-05-02,CUST-4404,Isha Mehta,25.0,Female,Home Office,North,Delhi,Technology,Phones,Smartphone X12,3105.47,6,0.2,519.44
ORD-103826,2023-06-25,2023-07-02,CUST-2029,Rahul Iyer,28.0,Male,Consumer,East,Odisha,Furniture,Chairs,Executive Leather Chair,842.25,3,0.15,142.22
ORD-103827,2023-07-16,2023-07-18,CUST-6054,Shreya Sharma,28.0,Female,Home Office,North,Punjab,Technology,Machines,Label Maker,3887.18,5,0.2,638.34
ORD-103828,2024-08-18,2024-08-21,CUST-5428,Meera Singh,35.0,Female,Consumer,South,Kerala,Furniture,Tables,Round Side Table,478.52,2,0.15,126.72
ORD-103829,2022-10-12,2022-10-16,CUST-9598,Divya Sharma,24.0,Female,Consumer,Central,Chhattisgarh,Furniture,Chairs,Foldable Study Chair,865.33,2,0.0,268.33
ORD-103830,2023-03-08,2023-03-09,CUST-6829,Karan Gupta,22.0,Male,Corporate,East,West Bengal,Technology,Copiers,Compact Copier,1247.18,2,0.0,278.53
ORD-103831,2024-07-06,2024-07-10,CUST-6829,Karan Gupta,21.0,Male,Consumer,West,Maharashtra,Office Supplies,Art,Marker Set,544.88,7,0.3,57.71
ORD-103832,2024-07-27,2024-07-30,CUST-1322,Isha Kapoor,30.0,Female,Home Office,North,Uttar Pradesh,Furniture,Chairs,Recliner Lounge Chair,2641.09,5,0.1,279.12
ORD-103833,2023-03-13,2023-03-18,CUST-9598,Divya Sharma,20.0,Female,Corporate,West,Gujarat,Technology,Copiers,Office Copier 200,2846.78,6,0.3,377.6
ORD-103834,2023-06-16,2023-06-23,CUST-8736,Meera Mehta,18.0,Female,Home Office,West,Gujarat,Office Supplies,Paper,Notebook Set,30.41,3,0.15,4.83
ORD-103835,2022-12-13,2022-12-17,CUST-7842,Anita Rao,34.0,Female,Consumer,Central,Madhya Pradesh,Furniture,Bookcases,5-Shelf Bookcase,1348.96,3,0.0,544.87
ORD-103836,2024-11-18,2024-11-23,CUST-8676,Manish Kapoor,27.0,Male,Corporate,Central,Chhattisgarh,Office Supplies,Binders,3-Ring Binder,228.66,3,0.15,39.86
ORD-103837,2022-06-06,2022-06-11,CUST-9731,Shreya Gupta,30.0,Female,Consumer,Central,Madhya Pradesh,Office Supplies,Binders,3-Ring Binder,545.07,7,0.2,102.03
ORD-103838,2024-11-19,2024-11-22,CUST-6551,Pooja Iyer,48.0,Female,Consumer,Central,Chhattisgarh,Office Supplies,Paper,A4 Copy Paper Ream,35.14,4,0.1,11.21
ORD-103839,2024-01-25,2024-01-28,CUST-1006,Pooja Iyer,47.0,Female,Home Office,West,Gujarat,Office Supplies,Art,Marker Set,295.81,4,0.0,93.72
ORD-103840,2023-09-17,2023-09-24,CUST-6814,Sanjay Reddy,44.0,Male,Consumer,South,Karnataka,Technology,Copiers,Office Copier 200,1596.37,2,,183.36
ORD-103841,2022-02-15,2022-02-16,CUST-6528,Meera Singh,55.0,Female,Consumer,North,Delhi,Technology,Machines,3D Printer Mini,537.87,3,0.4,20.67
ORD-103842,2023-07-07,2023-07-13,CUST-9731,Shreya Gupta,30.0,Female,Corporate,North,Uttar Pradesh,Office Supplies,Labels,Shipping Labels,47.42,3,0.1,7.85
ORD-103843,2023-04-12,2023-04-14,CUST-3380,Divya Verma,56.0,Female,Corporate,North,Delhi,Technology,Machines,Laser Printer,3886.9,7,0.1,1337.58
ORD-103844,2022-08-02,2022-08-06,CUST-9333,Priya Kapoor,53.0,Female,Consumer,West,Maharashtra,Office Supplies,Envelopes,Window Envelopes,145.04,7,0.15,33.69
ORD-103845,2023-12-26,2023-12-29,CUST-9102,Arjun Iyer,52.0,Male,Corporate,Central,Madhya Pradesh,Furniture,Chairs,Executive Leather Chair,2926.95,7,0.2,656.49
ORD-103846,2024-12-14,2024-12-18,CUST-6906,Amit Patel,24.0,Male,Consumer,West,Maharashtra,Office Supplies,Envelopes,Window Envelopes,473.27,6,0.0,117.39
ORD-103847,2023-10-19,2023-10-25,CUST-8623,Arjun Joshi,34.0,Male,Corporate,West,Gujarat,Office Supplies,Paper,A4 Copy Paper Ream,61.64,2,0.0,13.15
ORD-103848,2024-03-08,2024-03-14,CUST-7479,Rahul Gupta,47.0,Male,Corporate,South,Tamil Nadu,Furniture,Tables,Oak Dining Table,2079.86,5,0.1,703.42
ORD-103849,2022-04-04,2022-04-11,CUST-1166,Karan Joshi,31.0,Male,Home Office,East,Bihar,Furniture,Tables,Round Side Table,727.25,3,0.1,123.9
ORD-103850,2023-04-25,2023-04-30,CUST-6814,Sanjay Reddy,40.0,Male,Consumer,Central,Madhya Pradesh,Office Supplies,Paper,Sticky Notes Pack,73.23,2,0.15,21.35
ORD-103851,2022-06-03,2022-06-10,CUST-6906,Amit Patel,22.0,Male,Consumer,Central,Madhya Pradesh,Furniture,Chairs,Recliner Lounge Chair,162.99,1,0.0,57.87
ORD-103852,2023-11-29,2023-12-01,CUST-6054,Shreya Sharma,28.0,Female,Consumer,South,Kerala,Technology,Accessories,USB-C Hub,982.89,4,0.2,115.01
ORD-103853,2024-11-23,2024-11-24,CUST-7692,Meera Singh,18.0,Female,Consumer,East,Bihar,Technology,Accessories,Wireless Mouse,70.55,1,0.15,11.58
ORD-103854,2023-12-29,2024-01-02,CUST-9102,Arjun Iyer,50.0,Male,Home Office,East,Odisha,Technology,Machines,3D Printer Mini,740.71,1,0.15,108.57
ORD-103855,2022-04-15,2022-04-17,CUST-6944,Meera Reddy,41.0,Female,Corporate,South,Tamil Nadu,Technology,Machines,3D Printer Mini,2870.57,4,0.3,
ORD-103856,2023-01-30,2023-01-31,CUST-9731,Shreya Gupta,33.0,Female,Consumer,West,Gujarat,Technology,Copiers,Compact Copier,1704.56,2,0.1,282.3
ORD-103857,2023-10-08,2023-10-12,CUST-9731,Shreya Gupta,32.0,Female,Consumer,East,Odisha,Office Supplies,Labels,Shipping Labels,327.7,6,0.2,74.86
ORD-103858,2023-04-06,2023-04-08,CUST-6207,Manish Joshi,23.0,Male,Home Office,South,Tamil Nadu,Furniture,Chairs,Ergo Mesh Office Chair,2230.5,5,0.2,343.43
ORD-103859,2024-08-09,2024-08-12,CUST-3740,Manish Mehta,32.0,Male,Consumer,North,Uttar Pradesh,Office Supplies,Binders,View Binder,425.56,7,0.1,64.85
ORD-103860,2024-07-14,2024-07-18,CUST-8676,Manish Kapoor,26.0,Male,Consumer,West,Gujarat,Office Supplies,Art,Marker Set,495.07,7,0.15,
ORD-103861,2023-11-28,2023-11-30,CUST-9018,Karan Singh,35.0,Male,Home Office,South,Tamil Nadu,Office Supplies,Labels,Shipping Labels,320.55,7,0.0,99.89
ORD-103862,2023-02-26,2023-03-04,CUST-3740,Manish Mehta,33.0,Male,Home Office,East,Odisha,Office Supplies,Binders,3-Ring Binder,304.07,4,0.3,-0.87
ORD-103863,2022-11-11,2022-11-12,CUST-6944,Meera Reddy,43.0,Female,Corporate,Central,Chhattisgarh,Office Supplies,Labels,Shipping Labels,105.64,3,0.15,30.67
ORD-103864,2022-05-21,2022-05-23,CUST-4657,Ritu Nair,25.0,Female,Corporate,North,Uttar Pradesh,Furniture,Tables,Oak Dining Table,525.41,1,0.2,2.19
ORD-103865,2023-01-30,2023-02-02,CUST-4927,Pooja Reddy,35.0,Female,Consumer,East,Bihar,Furniture,Tables,Oak Dining Table,530.85,5,0.0,124.24
ORD-103866,2023-04-19,2023-04-26,CUST-4927,Pooja Reddy,39.0,Female,Consumer,East,Bihar,Furniture,Furnishings,Area Rug,707.9,4,0.2,75.98
ORD-103867,2024-01-14,2024-01-18,CUST-9856,Aditya Kapoor,48.0,Male,Home Office,Central,Chhattisgarh,Technology,Machines,Laser Printer,3376.57,7,0.15,886.3
ORD-103868,2023-12-27,2023-12-31,CUST-5413,Aditya Nair,40.0,Male,Corporate,North,Uttar Pradesh,Technology,Phones,Budget Smartphone S5,5763.71,7,0.0,1607.86
ORD-103869,2022-04-06,2022-04-10,CUST-7891,Isha Joshi,31.0,Female,Home Office,South,Karnataka,Technology,Machines,Laser Printer,571.85,3,0.0,200.42
ORD-103870,2023-03-27,2023-03-30,CUST-9533,Manish Mehta,29.0,Male,Consumer,West,Maharashtra,Furniture,Tables,Round Side Table,1403.7,7,0.0,547.57
ORD-103871,2022-08-28,2022-08-29,CUST-6938,Manish Iyer,29.0,Male,Consumer,South,Tamil Nadu,Office Supplies,Binders,Clip Binder,555.54,7,0.15,85.9
ORD-103872,2022-07-27,2022-07-31,CUST-5413,Aditya Nair,44.0,Male,Home Office,South,Kerala,Technology,Accessories,USB-C Hub,184.22,3,0.2,22.76
ORD-103873,2024-08-01,2024-08-02,CUST-6941,Priya Iyer,40.0,Female,Consumer,South,Karnataka,Technology,Machines,3D Printer Mini,4535.77,6,0.1,518.15
ORD-103874,2022-03-01,2022-03-03,CUST-4050,Ritu Joshi,50.0,Female,Consumer,East,Odisha,Furniture,Bookcases,5-Shelf Bookcase,588.57,6,0.0,195.97
ORD-103875,2023-04-27,2023-05-03,CUST-6391,Rohan Joshi,24.0,Male,Consumer,South,Tamil Nadu,Office Supplies,Labels,Shipping Labels,39.71,1,0.1,12.56
ORD-103876,2022-08-11,2022-08-17,CUST-7661,Pooja Iyer,18.0,Female,Consumer,Central,Madhya Pradesh,Furniture,Chairs,Executive Leather Chair,2796.59,6,0.1,431.56
ORD-103877,2024-10-03,2024-10-04,CUST-3740,Manish Mehta,34.0,Male,Consumer,North,Uttar Pradesh,Furniture,Tables,Glass Coffee Table,1008.13,5,0.1,140.73
ORD-103878,2023-10-14,2023-10-15,CUST-6277,Divya Kapoor,28.0,Female,Consumer,North,Uttar Pradesh,Furniture,Furnishings,Area Rug,868.39,5,0.2,85.61
ORD-103879,2022-10-22,2022-10-28,CUST-6431,Rohan Mehta,23.0,Male,Consumer,East,West Bengal,Technology,Machines,Label Maker,2998.96,6,0.0,
ORD-103880,2023-08-12,2023-08-16,CUST-6277,Divya Kapoor,27.0,Female,Corporate,Central,Madhya Pradesh,Office Supplies,Storage,Desk Organizer,32.37,3,0.3,-1.19
ORD-103881,2024-03-30,2024-04-04,CUST-8483,Suresh Gupta,20.0,Male,Home Office,South,Kerala,Furniture,Bookcases,Corner Bookcase,1522.54,5,0.1,188.22
ORD-103882,2024-12-06,2024-12-11,CUST-6277,Divya Kapoor,26.0,Female,Consumer,Central,Chhattisgarh,Furniture,Bookcases,Corner Bookcase,406.07,3,0.0,127.45
ORD-103883,2022-10-11,2022-10-14,CUST-7661,Pooja Iyer,18.0,Female,Home Office,East,Odisha,Office Supplies,Storage,File Cabinet,73.31,1,0.2,12.47
ORD-103884,2024-10-10,2024-10-17,CUST-3551,Manish Joshi,18.0,Male,Corporate,West,Rajasthan,Technology,Machines,Label Maker,2315.04,6,0.2,371.84
ORD-103885,2024-11-20,2024-11-26,CUST-4326,Rahul Verma,24.0,Male,Consumer,West,Rajasthan,Office Supplies,Art,Sketch Pad,79.12,2,0.2,15.17
ORD-103886,2024-11-07,2024-11-13,CUST-9018,Karan Singh,35.0,Male,Consumer,Central,Chhattisgarh,Furniture,Tables,Adjustable Standing Desk,1093.17,3,0.0,308.41
ORD-103887,2023-12-13,2023-12-16,CUST-2433,Shreya Singh,31.0,Female,Corporate,East,Bihar,Furniture,Furnishings,Table Lamp,1305.42,4,0.15,344.31
ORD-103888,2023-12-09,2023-12-14,CUST-4927,Pooja Reddy,36.0,Female,Consumer,South,Telangana,Office Supplies,Labels,Address Labels,106.03,3,0.0,24.3
ORD-103889,2023-04-06,2023-04-08,CUST-5966,Vikram Rao,40.0,Male,Consumer,South,Karnataka,Furniture,Chairs,Foldable Study Chair,1134.37,6,0.0,254.72
ORD-103890,2024-04-26,2024-04-30,CUST-2228,Ritu Singh,53.0,Female,Consumer,West,Maharashtra,Furniture,Chairs,Ergo Mesh Office Chair,1590.41,4,0.0,681.1
ORD-103891,2023-09-17,2023-09-21,CUST-2309,Rahul Sharma,44.0,Male,Home Office,South,Tamil Nadu,Technology,Copiers,Compact Copier,379.24,1,0.1,109.02
ORD-103892,2024-01-16,2024-01-18,CUST-4049,Vivek Nair,52.0,Male,Corporate,North,Delhi,Office Supplies,Paper,Notebook Set,30.38,1,0.0,6.63
ORD-103893,2023-05-08,2023-05-10,CUST-8743,Shreya Joshi,46.0,Female,Consumer,West,Maharashtra,Office Supplies,Labels,Shipping Labels,162.78,6,0.0,41.08
ORD-103894,2024-03-30,2024-04-04,CUST-3850,Nikhil Patel,22.0,Male,Consumer,Central,Chhattisgarh,Furniture,Furnishings,Table Lamp,464.48,4,0.0,163.77
ORD-103895,2024-07-28,2024-07-31,CUST-9834,Rohan Nair,31.0,Male,Corporate,North,Uttar Pradesh,Furniture,Chairs,Foldable Study Chair,1131.38,7,0.1,220.02
ORD-103896,2022-07-13,2022-07-15,CUST-7921,Rohan Kapoor,19.0,Male,Consumer,Central,Madhya Pradesh,Office Supplies,Storage,Desk Organizer,226.12,3,0.0,83.24
ORD-103897,2024-08-08,2024-08-11,CUST-5177,Manish Mehta,35.0,Male,Consumer,West,Maharashtra,Technology,Accessories,Webcam HD,1429.44,6,0.1,246.68
ORD-103898,2023-09-27,2023-10-04,CUST-2502,Shreya Sharma,22.0,Female,Consumer,West,Rajasthan,Furniture,Furnishings,Curtain Set,1555.51,3,0.1,349.22
ORD-103899,2024-08-23,2024-08-24,CUST-9593,Anita Verma,41.0,Female,Consumer,West,Gujarat,Office Supplies,Labels,Shipping Labels,24.52,3,0.0,7.45
ORD-103900,2023-05-12,2023-05-16,CUST-4536,Vivek Rao,22.0,Male,Corporate,West,Rajasthan,Office Supplies,Envelopes,Window Envelopes,292.9,5,0.3,-28.06
ORD-103901,2023-03-06,2023-03-11,CUST-9166,Nikhil Singh,19.0,Male,Consumer,East,Odisha,Office Supplies,Labels,Address Labels,22.14,2,0.0,8.3
ORD-103902,2024-11-06,2024-11-10,CUST-8178,Vikram Singh,36.0,Male,Corporate,South,Telangana,Office Supplies,Labels,Shipping Labels,204.86,6,0.1,31.71
ORD-103903,2022-11-08,2022-11-13,CUST-9188,Sanjay Joshi,41.0,Male,Consumer,West,Maharashtra,Office Supplies,Labels,Address Labels,200.9,5,0.3,-4.39
ORD-103904,2024-08-23,2024-08-24,CUST-7661,Pooja Iyer,18.0,Female,Corporate,Central,Madhya Pradesh,Office Supplies,Labels,Shipping Labels,280.35,5,0.1,47.57
ORD-103905,2023-07-19,2023-07-23,CUST-1224,Ritu Kapoor,41.0,Female,Corporate,North,Delhi,Furniture,Chairs,Foldable Study Chair,208.27,2,0.2,2.36
ORD-103906,2023-08-27,2023-08-28,CUST-6913,Anjali Mehta,44.0,Female,Consumer,South,Telangana,Technology,Accessories,Mechanical Keyboard,4226.47,5,0.0,1820.71
ORD-103907,2022-12-16,2022-12-21,CUST-7459,Rohan Joshi,21.0,Male,Corporate,East,Bihar,Office Supplies,Art,Sketch Pad,44.96,1,0.0,13.09
ORD-103908,2023-10-30,2023-11-01,CUST-8743,Shreya Joshi,46.0,Female,Consumer,North,Delhi,Office Supplies,Art,Colored Pencils,204.46,3,0.0,63.94
ORD-103909,2022-12-27,2023-01-03,CUST-2433,Shreya Singh,31.0,Female,Consumer,Central,Chhattisgarh,Office Supplies,Art,Colored Pencils,310.94,5,0.2,32.02
ORD-103910,2022-02-25,2022-03-01,CUST-5630,Priya Verma,20.0,Female,Home Office,East,West Bengal,Furniture,Bookcases,Ladder Bookshelf,2448.04,6,0.0,770.2
ORD-103911,2022-11-23,2022-11-24,CUST-3083,Suresh Mehta,42.0,Male,Consumer,West,Gujarat,Office Supplies,Binders,Clip Binder,143.44,6,0.2,11.17
ORD-103912,2022-01-09,2022-01-15,CUST-1513,Rohan Nair,,Male,Consumer,East,West Bengal,Office Supplies,Labels,Shipping Labels,97.0,3,0.2,17.6
ORD-103913,2024-12-18,2024-12-22,CUST-6612,Vivek Kapoor,52.0,Male,Corporate,North,Punjab,Office Supplies,Paper,A4 Copy Paper Ream,115.49,4,0.0,49.95
ORD-103914,2024-12-11,2024-12-15,CUST-5502,Priya Sharma,38.0,Female,Consumer,North,Delhi,Office Supplies,Envelopes,Mailing Envelopes,26.16,3,0.0,8.29
ORD-103915,2023-03-27,2023-03-31,CUST-2433,Shreya Singh,34.0,Female,Consumer,East,Bihar,Office Supplies,Paper,A4 Copy Paper Ream,92.91,3,0.0,34.44
ORD-103916,2024-03-26,2024-03-29,CUST-2228,Ritu Singh,53.0,Female,Home Office,North,Uttar Pradesh,Office Supplies,Binders,Clip Binder,425.17,6,0.0,85.76
ORD-103917,2023-01-18,2023-01-19,CUST-5630,Priya Verma,23.0,Female,Consumer,Central,Chhattisgarh,Office Supplies,Art,Colored Pencils,298.44,7,0.0,110.15
ORD-103918,2024-01-07,2024-01-08,CUST-3083,Suresh Mehta,42.0,Male,Corporate,East,Odisha,Office Supplies,Paper,A4 Copy Paper Ream,12.84,2,0.0,3.96
ORD-103919,2024-07-02,2024-07-06,CUST-3977,Isha Reddy,53.0,Female,Consumer,North,Punjab,Office Supplies,Labels,Shipping Labels,555.46,7,0.2,57.13
ORD-103920,2024-11-29,2024-12-01,CUST-5240,Aditya Sharma,18.0,Male,Consumer,North,Uttar Pradesh,Office Supplies,Paper,Sticky Notes Pack,75.35,1,0.3,7.88
ORD-103921,2023-04-02,2023-04-06,CUST-7754,Ritu Sharma,25.0,Female,Corporate,East,West Bengal,Office Supplies,Storage,Storage Box Set,72.06,1,0.4,-2.03
ORD-103922,2024-06-03,2024-06-06,CUST-2325,Suresh Sharma,26.0,Male,Home Office,North,Uttar Pradesh,Office Supplies,Paper,A4 Copy Paper Ream,97.82,6,0.1,28.03
ORD-103923,2022-11-19,2022-11-24,CUST-4032,Rahul Iyer,36.0,Male,Home Office,Central,Madhya Pradesh,Office Supplies,Art,Sketch Pad,44.17,1,0.3,1.22
ORD-103924,2024-12-26,2024-12-29,CUST-7661,Pooja Iyer,18.0,Female,Home Office,East,Odisha,Office Supplies,Paper,Notebook Set,58.15,2,0.15,10.84
ORD-103925,2022-02-05,2022-02-07,CUST-1864,Arjun Sharma,43.0,Male,Corporate,South,Kerala,Office Supplies,Art,Colored Pencils,251.29,6,0.1,60.43
ORD-103926,2023-11-22,2023-11-26,CUST-5502,Priya Sharma,39.0,Female,Consumer,North,Delhi,Technology,Machines,Label Maker,919.58,3,0.0,207.51
ORD-103927,2023-12-27,2023-12-28,CUST-1193,Isha Singh,36.0,Female,Consumer,North,Uttar Pradesh,Technology,Machines,Laser Printer,1474.3,2,0.15,331.79
ORD-103928,2024-01-30,2024-02-06,CUST-8871,Ritu Kapoor,22.0,Female,Corporate,East,Odisha,Office Supplies,Art,Marker Set,272.0,7,0.0,71.25
ORD-103929,2022-06-08,2022-06-14,CUST-9834,Rohan Nair,32.0,Male,Home Office,Central,Madhya Pradesh,Furniture,Bookcases,5-Shelf Bookcase,875.42,3,0.0,255.81
ORD-103930,2024-11-23,2024-11-27,CUST-1624,Arjun Rao,42.0,Male,Consumer,North,Delhi,Technology,Accessories,USB-C Hub,3861.46,7,0.1,640.92
ORD-103931,2022-08-28,2022-08-30,CUST-9834,Rohan Nair,33.0,Male,Consumer,West,Maharashtra,Office Supplies,Envelopes,Window Envelopes,387.69,5,0.1,125.99
ORD-103932,2023-12-05,2023-12-06,CUST-8317,Rahul Verma,31.0,Male,Consumer,West,Rajasthan,Office Supplies,Envelopes,Mailing Envelopes,180.55,4,0.2,5.99
ORD-103933,2022-10-13,2022-10-16,CUST-7661,Pooja Iyer,18.0,Female,Consumer,East,Odisha,Furniture,Tables,Round Side Table,3247.95,6,0.0,1344.42
ORD-103934,2022-12-16,2022-12-21,CUST-2885,Rohan Rao,46.0,Male,Consumer,North,Delhi,Technology,Phones,Cordless Landline,2061.64,3,0.3,-172.76
ORD-103935,2023-10-04,2023-10-09,CUST-6578,Vivek Verma,21.0,Male,Consumer,North,Punjab,Office Supplies,Labels,Shipping Labels,46.23,2,0.0,13.48
ORD-103936,2023-04-24,2023-05-01,CUST-1161,Shreya Joshi,52.0,Female,Consumer,East,West Bengal,Office Supplies,Binders,View Binder,78.5,1,0.0,30.94
ORD-103937,2022-08-01,2022-08-05,CUST-8871,Ritu Kapoor,21.0,Female,Consumer,West,Gujarat,Office Supplies,Paper,Notebook Set,118.84,4,0.2,14.84
ORD-103938,2022-08-14,2022-08-17,CUST-2885,Rohan Rao,47.0,Male,Corporate,East,Bihar,Office Supplies,Paper,Sticky Notes Pack,63.19,2,0.2,14.44
ORD-103939,2023-04-25,2023-05-02,CUST-2325,Suresh Sharma,25.0,Male,Corporate,Central,Chhattisgarh,Furniture,Bookcases,5-Shelf Bookcase,705.53,3,0.3,60.07
ORD-103940,2024-05-02,2024-05-08,CUST-4032,Rahul Iyer,,Male,Consumer,North,Haryana,Office Supplies,Art,Marker Set,70.1,7,0.1,16.0
ORD-103941,2024-10-21,2024-10-27,CUST-1645,Shreya Joshi,26.0,Female,Corporate,East,Odisha,Furniture,Furnishings,Area Rug,1228.99,6,0.0,292.52
ORD-103942,2022-04-24,2022-05-01,CUST-9502,Rahul Rao,34.0,Male,Corporate,East,Bihar,Office Supplies,Binders,Clip Binder,125.45,7,0.15,7.08
ORD-103943,2023-03-24,2023-03-26,CUST-5657,Neha Iyer,45.0,Female,Consumer,East,Bihar,Furniture,Bookcases,5-Shelf Bookcase,815.45,2,0.0,186.2
ORD-103944,2022-05-14,2022-05-19,CUST-6028,Anita Reddy,45.0,Female,Consumer,West,Maharashtra,Office Supplies,Art,Marker Set,92.96,4,0.0,27.33
ORD-103945,2022-01-23,2022-01-26,CUST-1230,Nikhil Patel,21.0,Male,Consumer,Central,Chhattisgarh,Technology,Machines,3D Printer Mini,1731.93,2,0.2,128.69
ORD-103946,2023-12-29,2024-01-02,CUST-3072,Sneha Joshi,30.0,Female,Corporate,East,Bihar,Technology,Accessories,USB-C Hub,1791.11,4,0.2,108.88
ORD-103947,2023-11-21,2023-11-22,CUST-8871,Ritu Kapoor,21.0,Female,Consumer,Central,Chhattisgarh,Office Supplies,Envelopes,Mailing Envelopes,126.51,6,0.2,27.09
ORD-103948,2022-08-04,2022-08-08,CUST-5883,Arjun Joshi,29.0,Male,Consumer,South,Tamil Nadu,Office Supplies,Labels,Shipping Labels,37.85,5,0.3,5.02
ORD-103949,2022-10-24,2022-10-28,CUST-6028,Anita Reddy,46.0,Female,Home Office,Central,Madhya Pradesh,Office Supplies,Paper,Notebook Set,181.18,4,0.0,70.91
ORD-103950,2022-02-02,2022-02-05,CUST-2830,Anita Reddy,39.0,Female,Consumer,East,West Bengal,Office Supplies,Labels,Shipping Labels,43.15,3,0.2,5.64
ORD-103951,2024-08-11,2024-08-16,CUST-8801,Suresh Reddy,41.0,Male,Consumer,West,Gujarat,Furniture,Bookcases,5-Shelf Bookcase,1063.27,3,0.2,140.98
ORD-103952,2024-12-16,2024-12-19,CUST-1332,Sneha Sharma,60.0,Female,Corporate,North,Uttar Pradesh,Furniture,Bookcases,5-Shelf Bookcase,1248.29,4,0.0,401.97
ORD-103953,2022-06-28,2022-06-29,CUST-6688,Manish Kapoor,30.0,Male,Consumer,North,Delhi,Office Supplies,Labels,Shipping Labels,339.78,6,0.0,102.1
ORD-103954,2022-10-22,2022-10-29,CUST-6688,Manish Kapoor,34.0,Male,Consumer,East,Odisha,Technology,Accessories,Webcam HD,4299.84,7,0.4,-654.09
ORD-103955,2024-09-20,2024-09-23,CUST-4808,Ritu Iyer,23.0,Female,Consumer,East,West Bengal,Office Supplies,Labels,Shipping Labels,207.05,4,0.4,1.02
ORD-103956,2024-11-14,2024-11-16,CUST-2736,Isha Patel,18.0,Female,Corporate,Central,Madhya Pradesh,Furniture,Tables,Adjustable Standing Desk,1146.58,3,0.15,276.11
ORD-103957,2023-04-27,2023-05-01,CUST-8166,Ritu Joshi,23.0,Female,Consumer,Central,Chhattisgarh,Office Supplies,Envelopes,Mailing Envelopes,26.06,3,0.15,6.41
ORD-103958,2022-03-12,2022-03-17,CUST-6002,Shreya Iyer,18.0,Female,Corporate,Central,Madhya Pradesh,Furniture,Tables,Round Side Table,1733.2,5,0.0,506.33
ORD-103959,2022-02-25,2022-03-03,CUST-1099,Sneha Joshi,18.0,Female,Corporate,Central,Madhya Pradesh,Furniture,Tables,Round Side Table,2400.77,7,0.1,503.81
ORD-103960,2023-10-31,2023-11-01,CUST-8981,Vivek Joshi,45.0,Male,Corporate,Central,Chhattisgarh,Technology,Copiers,Office Copier 200,4270.51,6,0.3,193.3
ORD-103961,2023-03-24,2023-03-30,CUST-2012,Manish Mehta,29.0,Male,Corporate,West,Rajasthan,Office Supplies,Storage,File Cabinet,179.28,6,0.0,53.4
ORD-103962,2022-02-09,2022-02-13,CUST-8166,Ritu Joshi,22.0,Female,Corporate,North,Haryana,Office Supplies,Binders,Clip Binder,40.82,2,0.4,-1.68
ORD-103963,2023-11-07,2023-11-10,CUST-8166,Ritu Joshi,21.0,Female,Home Office,East,Bihar,Furniture,Bookcases,5-Shelf Bookcase,1143.09,4,0.4,46.46
ORD-103964,2022-01-16,2022-01-22,CUST-8286,Aditya Sharma,37.0,Male,Corporate,East,Bihar,Technology,Machines,Label Maker,3210.75,4,0.4,147.99
ORD-103965,2024-06-08,2024-06-10,CUST-3981,Nikhil Singh,36.0,Male,Corporate,South,Tamil Nadu,Furniture,Furnishings,Curtain Set,723.99,5,0.0,296.68
ORD-103966,2022-12-15,2022-12-18,CUST-3981,Nikhil Singh,35.0,Male,Home Office,North,Haryana,Furniture,Chairs,Executive Leather Chair,174.29,1,0.0,72.45
ORD-103967,2022-02-26,2022-03-02,CUST-4958,Isha Reddy,46.0,Female,Home Office,East,Odisha,Office Supplies,Storage,Storage Box Set,216.01,6,0.1,29.95
ORD-103968,2023-11-11,2023-11-17,CUST-8867,Anjali Iyer,37.0,Female,Corporate,Central,Chhattisgarh,Technology,Machines,3D Printer Mini,2949.15,4,0.0,1071.48
ORD-103969,2023-03-30,2023-04-06,CUST-6913,Anjali Mehta,40.0,Female,Consumer,West,Rajasthan,Office Supplies,Envelopes,Window Envelopes,344.4,6,0.0,124.41
ORD-103970,2024-12-16,2024-12-17,CUST-3072,Sneha Joshi,33.0,Female,Corporate,East,Bihar,Technology,Phones,Budget Smartphone S5,3180.81,5,0.0,1035.42
ORD-103971,2023-10-01,2023-10-07,CUST-1665,Amit Iyer,36.0,Male,Corporate,East,Odisha,Technology,Phones,Budget Smartphone S5,438.54,6,0.15,77.09
ORD-103972,2022-11-25,2022-12-02,CUST-1099,Sneha Joshi,18.0,Female,Consumer,North,Haryana,Office Supplies,Envelopes,Window Envelopes,123.54,4,0.0,41.39
ORD-103973,2024-03-02,2024-03-09,CUST-1665,Amit Iyer,35.0,Male,Consumer,East,Odisha,Technology,Machines,Label Maker,5394.67,7,0.0,2147.62
ORD-103974,2022-11-23,2022-11-29,CUST-6528,Divya Rao,46.0,Female,Consumer,South,Telangana,Office Supplies,Envelopes,Mailing Envelopes,134.58,6,0.0,53.49
ORD-103975,2024-10-28,2024-11-02,CUST-1656,Isha Iyer,39.0,Female,Corporate,Central,Chhattisgarh,Office Supplies,Paper,Notebook Set,32.29,1,0.1,4.25
ORD-103976,2023-02-28,2023-03-06,CUST-7967,Vivek Patel,36.0,Male,Consumer,South,Telangana,Office Supplies,Art,Sketch Pad,87.82,5,0.0,21.71
ORD-103977,2023-10-07,2023-10-11,CUST-1656,Isha Iyer,37.0,Female,Corporate,North,Punjab,Technology,Accessories,Mechanical Keyboard,1373.05,2,0.1,406.06
ORD-103978,2022-03-12,2022-03-19,CUST-4004,Anita Patel,27.0,Female,Corporate,East,Odisha,Technology,Copiers,Compact Copier,974.28,3,0.0,326.29
ORD-103979,2023-05-05,2023-05-06,CUST-6913,Anjali Mehta,43.0,Female,Home Office,North,Uttar Pradesh,Office Supplies,Envelopes,Mailing Envelopes,32.36,4,0.1,9.79
ORD-103980,2024-08-07,2024-08-11,CUST-2823,Aditya Sharma,42.0,Male,Corporate,Central,Madhya Pradesh,Technology,Copiers,Office Copier 200,2369.54,3,0.0,967.02
ORD-103981,2024-07-02,2024-07-04,CUST-2762,Priya Reddy,41.0,Female,Home Office,South,Kerala,Office Supplies,Envelopes,Window Envelopes,75.47,2,0.1,16.73
ORD-103982,2022-10-15,2022-10-18,CUST-1691,Rohan Reddy,47.0,Male,Home Office,East,Bihar,Office Supplies,Storage,Desk Organizer,38.53,1,0.1,11.59
ORD-103983,2022-10-16,2022-10-22,CUST-1656,Isha Iyer,39.0,Female,Consumer,East,Odisha,Technology,Copiers,Compact Copier,2011.14,3,0.3,-4.45
ORD-103984,2024-07-18,2024-07-23,CUST-1656,Isha Iyer,39.0,Female,Corporate,Central,Madhya Pradesh,Office Supplies,Paper,Notebook Set,278.05,6,0.15,82.32
ORD-103985,2024-11-17,2024-11-18,CUST-3896,Rahul Verma,29.0,Male,Consumer,West,Gujarat,Furniture,Tables,Round Side Table,1075.33,7,0.3,150.47
ORD-103986,2022-05-08,2022-05-13,CUST-7529,Aditya Singh,18.0,Male,Consumer,South,Kerala,Furniture,Furnishings,Curtain Set,1003.02,4,0.1,106.28
ORD-103987,2023-06-04,2023-06-09,CUST-2001,Shreya Iyer,43.0,Female,Consumer,West,Gujarat,Office Supplies,Art,Colored Pencils,114.88,7,0.4,-7.61
ORD-103988,2023-01-06,2023-01-11,CUST-9335,Anita Iyer,31.0,Female,Consumer,West,Gujarat,Office Supplies,Art,Colored Pencils,74.78,2,0.15,12.44
ORD-103989,2024-09-23,2024-09-29,CUST-1691,Rohan Reddy,46.0,Male,Home Office,West,Rajasthan,Office Supplies,Binders,Clip Binder,15.43,1,0.15,2.07
ORD-103990,2022-04-23,2022-04-24,CUST-2127,Anjali Joshi,65.0,Female,Consumer,East,Odisha,Technology,Phones,Budget Smartphone S5,1615.8,2,0.1,474.08
ORD-103991,2022-10-01,2022-10-02,CUST-3321,Vivek Mehta,50.0,Male,Corporate,North,Delhi,Office Supplies,Storage,File Cabinet,29.73,1,0.1,3.12
ORD-103992,2024-04-26,2024-05-03,CUST-6218,Manish Kapoor,33.0,Male,Consumer,East,West Bengal,Technology,Machines,Laser Printer,1934.06,3,0.3,-174.64
ORD-103993,2022-03-13,2022-03-18,CUST-6313,Rahul Verma,48.0,Male,Consumer,West,Rajasthan,Office Supplies,Paper,Notebook Set,313.12,4,0.15,55.57
ORD-103994,2023-07-30,2023-08-06,CUST-8710,Shreya Singh,33.0,Female,Home Office,West,Maharashtra,Furniture,Chairs,Executive Leather Chair,933.25,5,0.0,205.96
ORD-103995,2023-05-25,2023-06-01,CUST-4004,Anita Patel,29.0,Female,Consumer,West,Gujarat,Office Supplies,Storage,Desk Organizer,127.19,2,0.3,0.3
ORD-103996,2023-01-02,2023-01-05,CUST-6313,Rahul Verma,49.0,Male,Corporate,West,Gujarat,Office Supplies,Storage,Storage Box Set,157.44,2,0.3,-10.65
ORD-103997,2023-03-26,2023-04-01,CUST-3648,Divya Patel,34.0,Female,Consumer,Central,Madhya Pradesh,Furniture,Furnishings,Curtain Set,2043.08,5,0.0,511.92
ORD-103998,2023-09-15,2023-09-21,CUST-3940,Sneha Kapoor,30.0,Female,Consumer,South,Telangana,Furniture,Furnishings,Wall Clock,1164.68,4,0.15,
ORD-103999,2022-08-02,2022-08-06,CUST-8208,Pooja Verma,48.0,Female,Corporate,East,Odisha,Furniture,Tables,Glass Coffee Table,225.47,2,0.15,41.51
ORD-104000,2023-10-29,2023-11-05,CUST-7321,Anjali Patel,34.0,Female,Corporate,North,Delhi,Office Supplies,Paper,A4 Copy Paper Ream,321.4,6,0.1,90.53
ORD-104001,2024-07-02,2024-07-08,CUST-3896,Rahul Verma,28.0,Male,Corporate,South,Telangana,Furniture,Chairs,Executive Leather Chair,2313.9,6,0.15,638.06
ORD-104002,2024-05-06,2024-05-11,CUST-4172,Vikram Reddy,32.0,Male,Consumer,Central,Chhattisgarh,Furniture,Bookcases,Ladder Bookshelf,2430.81,5,0.3,145.8
ORD-104003,2022-07-23,2022-07-25,CUST-4559,Vivek Kapoor,33.0,Male,Consumer,East,Odisha,Office Supplies,Art,Sketch Pad,138.83,4,0.0,39.5
ORD-104004,2022-07-16,2022-07-21,CUST-2264,Isha Nair,32.0,Female,Consumer,East,West Bengal,Furniture,Bookcases,Ladder Bookshelf,1026.79,2,0.4,-109.96
ORD-104005,2022-11-20,2022-11-21,CUST-2264,Isha Nair,33.0,Female,Home Office,East,Odisha,Technology,Accessories,USB-C Hub,2947.84,4,0.0,1297.58
ORD-104006,2023-02-08,2023-02-14,CUST-2001,Shreya Iyer,42.0,Female,Corporate,West,Gujarat,Office Supplies,Labels,Address Labels,160.33,4,0.2,3.38
ORD-104007,2023-04-13,2023-04-19,CUST-3321,Vivek Mehta,52.0,Male,Home Office,East,West Bengal,Office Supplies,Paper,Sticky Notes Pack,201.66,6,0.0,86.43
ORD-104008,2024-01-19,2024-01-23,CUST-4184,Anjali Joshi,29.0,Female,Corporate,South,Tamil Nadu,Furniture,Bookcases,Ladder Bookshelf,2356.12,4,0.0,572.31
ORD-104009,2022-03-20,2022-03-27,CUST-2823,Aditya Sharma,42.0,Male,Consumer,North,Haryana,Office Supplies,Storage,Storage Box Set,196.18,3,0.0,81.82
ORD-104010,2022-02-18,2022-02-20,CUST-3896,Rahul Verma,27.0,Male,Home Office,South,Karnataka,Furniture,Tables,Adjustable Standing Desk,1474.58,7,0.2,298.43
ORD-104011,2023-03-23,2023-03-29,CUST-2223,Meera Nair,18.0,Female,Consumer,South,Karnataka,Technology,Copiers,Office Copier 200,2447.81,7,0.0,
ORD-104012,2024-02-13,2024-02-17,CUST-4691,Amit Rao,44.0,Male,Corporate,East,Odisha,Furniture,Bookcases,Corner Bookcase,724.55,5,0.4,19.28
ORD-104013,2022-09-11,2022-09-15,CUST-9298,Kavita Rao,49.0,Female,Home Office,West,Gujarat,Office Supplies,Paper,A4 Copy Paper Ream,185.22,5,0.0,82.13
ORD-104014,2023-12-16,2023-12-18,CUST-1907,Sneha Patel,30.0,Female,Consumer,South,Tamil Nadu,Office Supplies,Paper,A4 Copy Paper Ream,249.7,6,0.0,96.65
ORD-104015,2022-11-14,2022-11-19,CUST-2298,Suresh Kapoor,30.0,Male,Home Office,North,Uttar Pradesh,Office Supplies,Art,Marker Set,102.49,7,,37.21
ORD-104016,2024-10-09,2024-10-14,CUST-1907,Sneha Patel,31.0,Female,Corporate,Central,Chhattisgarh,Office Supplies,Paper,Notebook Set,147.76,6,0.2,29.96
ORD-104017,2024-10-19,2024-10-24,CUST-8609,Vivek Joshi,40.0,Male,Home Office,Central,Chhattisgarh,Furniture,Bookcases,5-Shelf Bookcase,1154.86,5,0.0,294.82
ORD-104018,2022-12-10,2022-12-13,CUST-9802,Priya Joshi,34.0,Female,Consumer,South,Telangana,Office Supplies,Binders,3-Ring Binder,97.8,2,0.0,43.38
ORD-104019,2022-10-20,2022-10-27,CUST-1656,Isha Iyer,38.0,Female,Home Office,West,Gujarat,Technology,Accessories,USB-C Hub,746.98,2,0.0,307.13
ORD-104020,2023-04-17,2023-04-24,CUST-2495,Rahul Singh,29.0,Male,Home Office,West,Gujarat,Furniture,Furnishings,Table Lamp,1348.99,3,0.3,134.05
ORD-104021,2022-10-31,2022-11-05,CUST-2001,Shreya Iyer,40.0,Female,Home Office,South,Tamil Nadu,Office Supplies,Labels,Address Labels,89.61,3,0.4,-11.63
ORD-104022,2024-01-09,2024-01-11,CUST-9802,Priya Joshi,32.0,Female,Home Office,South,Kerala,Office Supplies,Envelopes,Mailing Envelopes,30.38,4,0.0,9.46
ORD-104023,2024-07-30,2024-08-02,CUST-2298,Suresh Kapoor,34.0,Male,Consumer,East,West Bengal,Furniture,Bookcases,5-Shelf Bookcase,1517.61,3,0.15,315.41
ORD-104024,2024-01-10,2024-01-17,CUST-8257,Aditya Patel,31.0,Male,Consumer,Central,Madhya Pradesh,Office Supplies,Envelopes,Window Envelopes,338.62,6,0.2,67.45
ORD-104025,2024-07-28,2024-08-02,CUST-8257,Aditya Patel,34.0,Male,Consumer,North,Delhi,Furniture,Tables,Adjustable Standing Desk,4098.49,7,0.1,990.46
ORD-104026,2023-03-29,2023-04-01,CUST-3496,Kavita Sharma,20.0,Female,Consumer,North,Haryana,Office Supplies,Paper,A4 Copy Paper Ream,192.1,4,0.1,30.13
ORD-104027,2022-07-26,2022-07-28,CUST-3929,Karan Nair,35.0,Male,Consumer,North,Punjab,Technology,Copiers,Office Copier 200,330.83,2,0.1,73.02
ORD-104028,2024-04-07,2024-04-12,CUST-6313,Rahul Verma,47.0,Male,Consumer,South,Tamil Nadu,Technology,Copiers,Compact Copier,2398.3,4,0.0,501.02
ORD-104029,2023-02-07,2023-02-08,CUST-2603,Meera Iyer,30.0,Female,Corporate,East,West Bengal,Office Supplies,Labels,Shipping Labels,155.31,5,0.1,19.8
ORD-104030,2024-01-07,2024-01-13,CUST-7070,Arjun Singh,23.0,Male,Corporate,North,Haryana,Technology,Copiers,Office Copier 200,265.89,4,0.15,24.59
ORD-104031,2022-11-22,2022-11-24,CUST-9101,Arjun Verma,49.0,Male,Home Office,North,Uttar Pradesh,Office Supplies,Binders,View Binder,45.86,5,0.1,11.7
ORD-104032,2022-04-21,2022-04-25,CUST-3674,Aditya Verma,18.0,Male,Corporate,Central,Chhattisgarh,Office Supplies,Binders,View Binder,354.87,7,0.0,93.77
ORD-104033,2024-12-27,2024-12-31,CUST-3376,Amit Reddy,25.0,Male,Consumer,East,Odisha,Furniture,Furnishings,Area Rug,3182.86,6,0.1,
ORD-104034,2022-07-26,2022-07-28,CUST-6293,Isha Patel,37.0,Female,Corporate,Central,Chhattisgarh,Furniture,Chairs,Ergo Mesh Office Chair,1473.37,7,0.15,368.23
ORD-104035,2024-12-24,2024-12-28,CUST-6317,Ritu Reddy,45.0,Female,Consumer,North,Punjab,Office Supplies,Paper,A4 Copy Paper Ream,218.89,3,0.15,21.41
ORD-104036,2024-12-18,2024-12-25,CUST-4184,Anjali Joshi,27.0,Female,Consumer,West,Rajasthan,Technology,Copiers,Office Copier 200,242.41,1,0.0,58.31
ORD-104037,2024-06-17,2024-06-19,CUST-3929,Karan Nair,37.0,Male,Consumer,Central,Madhya Pradesh,Office Supplies,Storage,Desk Organizer,190.94,4,0.3,-17.45
ORD-104038,2023-12-27,2023-12-28,CUST-3376,Amit Reddy,,Male,Consumer,South,Kerala,Office Supplies,Art,Marker Set,20.8,1,0.0,6.18
ORD-104039,2023-11-03,2023-11-05,CUST-2001,Shreya Iyer,44.0,Female,Corporate,West,Rajasthan,Furniture,Tables,Glass Coffee Table,1100.05,2,0.3,-52.13
ORD-104040,2024-09-18,2024-09-23,CUST-2259,Aditya Rao,28.0,Male,Consumer,South,Karnataka,Furniture,Tables,Oak Dining Table,1072.83,3,0.4,-8.63
ORD-104041,2022-12-05,2022-12-10,CUST-1570,Ritu Nair,25.0,Female,Consumer,East,Bihar,Furniture,Furnishings,Curtain Set,443.84,1,0.0,160.56
ORD-104042,2023-06-27,2023-06-30,CUST-2259,Aditya Rao,29.0,Male,Home Office,East,West Bengal,Office Supplies,Labels,Address Labels,158.15,5,0.0,59.31
ORD-104043,2023-12-03,2023-12-07,CUST-2744,Vikram Singh,20.0,Male,Consumer,South,Telangana,Furniture,Chairs,Ergo Mesh Office Chair,503.8,6,0.15,91.14
ORD-104044,2023-04-16,2023-04-22,CUST-6317,Ritu Reddy,47.0,Female,Corporate,South,Telangana,Technology,Machines,3D Printer Mini,1133.74,3,0.2,43.83
ORD-104045,2023-05-07,2023-05-11,CUST-2223,Meera Nair,18.0,Female,Home Office,South,Karnataka,Furniture,Tables,Round Side Table,1150.1,2,0.15,173.77
ORD-104046,2022-12-30,2023-01-06,CUST-2603,Meera Iyer,34.0,Female,Consumer,West,Maharashtra,Furniture,Bookcases,Ladder Bookshelf,925.83,4,0.1,251.85
ORD-104047,2023-10-21,2023-10-23,CUST-5785,Suresh Nair,29.0,Male,Consumer,North,Delhi,Furniture,Bookcases,Corner Bookcase,2110.76,5,0.15,201.52
ORD-104048,2024-08-31,2024-09-06,CUST-2789,Pooja Joshi,19.0,Female,Corporate,Central,Madhya Pradesh,Office Supplies,Paper,A4 Copy Paper Ream,54.62,7,0.3,-5.44
ORD-104049,2022-09-20,2022-09-26,CUST-3984,Karan Reddy,24.0,Male,Corporate,East,Bihar,Office Supplies,Binders,View Binder,130.08,2,0.1,20.62
ORD-104050,2024-11-20,2024-11-24,CUST-4513,Ritu Iyer,39.0,Female,Corporate,North,Punjab,Office Supplies,Envelopes,Window Envelopes,239.96,3,0.2,32.89
ORD-104051,2024-02-01,2024-02-07,CUST-2603,Meera Iyer,32.0,Female,Home Office,South,Kerala,Furniture,Chairs,Ergo Mesh Office Chair,1517.91,3,0.1,456.59
ORD-104052,2024-07-26,2024-08-01,CUST-3929,Karan Nair,38.0,Male,Home Office,North,Haryana,Technology,Machines,Label Maker,1448.22,4,0.1,242.65
ORD-104053,2023-10-13,2023-10-18,CUST-5615,Anjali Singh,44.0,Female,Home Office,East,West Bengal,Furniture,Furnishings,Curtain Set,895.17,2,0.1,129.27
ORD-104054,2024-05-29,2024-05-30,CUST-6317,Ritu Reddy,46.0,Female,Consumer,South,Karnataka,Office Supplies,Storage,Storage Box Set,46.11,5,0.1,12.68
ORD-104055,2022-01-23,2022-01-25,CUST-4513,Ritu Iyer,37.0,Female,Consumer,Central,Chhattisgarh,Office Supplies,Storage,Storage Box Set,70.99,3,0.15,11.61
ORD-104056,2024-07-20,2024-07-24,CUST-6317,Ritu Reddy,49.0,Female,Home Office,East,West Bengal,Technology,Phones,Budget Smartphone S5,1207.1,2,0.0,367.76
ORD-104057,2022-02-26,2022-03-03,CUST-8257,Aditya Patel,30.0,Male,Consumer,West,Rajasthan,Office Supplies,Binders,3-Ring Binder,44.19,6,0.0,18.47
ORD-104058,2024-10-13,2024-10-20,CUST-6062,Rahul Sharma,32.0,Male,Corporate,Central,Madhya Pradesh,Office Supplies,Binders,Clip Binder,144.41,2,0.0,39.78
ORD-104059,2024-12-27,2025-01-03,CUST-4513,Ritu Iyer,37.0,Female,Consumer,North,Punjab,Office Supplies,Art,Colored Pencils,66.35,2,0.0,29.18
ORD-104060,2022-12-08,2022-12-11,CUST-1570,Ritu Nair,28.0,Female,Consumer,South,Telangana,Office Supplies,Storage,Desk Organizer,267.89,6,0.0,54.77
ORD-104061,2022-10-01,2022-10-07,CUST-5666,Aditya Joshi,27.0,Male,Home Office,North,Delhi,Office Supplies,Labels,Address Labels,57.1,6,0.15,8.02
ORD-104062,2024-05-12,2024-05-18,CUST-9101,Arjun Verma,46.0,Male,Consumer,South,Telangana,Technology,Machines,3D Printer Mini,2449.19,5,0.15,385.04
ORD-104063,2022-11-09,2022-11-13,CUST-8609,Vivek Joshi,42.0,Male,Consumer,North,Delhi,Technology,Accessories,USB-C Hub,4164.39,6,0.0,1046.64
ORD-104064,2024-09-17,2024-09-18,CUST-2328,Sneha Reddy,36.0,Female,Consumer,West,Rajasthan,Office Supplies,Labels,Address Labels,23.53,3,0.0,9.23
ORD-104065,2022-05-17,2022-05-18,CUST-1530,Rahul Mehta,37.0,Male,Consumer,North,Uttar Pradesh,Furniture,Chairs,Ergo Mesh Office Chair,350.68,4,0.0,81.54
ORD-104066,2022-06-15,2022-06-19,CUST-3924,Sneha Sharma,34.0,Female,Home Office,West,Gujarat,Office Supplies,Art,Colored Pencils,232.83,7,0.2,17.61
ORD-104067,2024-12-19,2024-12-23,CUST-3496,Kavita Sharma,22.0,Female,Consumer,Central,Chhattisgarh,Office Supplies,Paper,A4 Copy Paper Ream,63.93,4,0.0,20.65
ORD-104068,2024-01-11,2024-01-16,CUST-9951,Nikhil Nair,30.0,Male,Consumer,South,Kerala,Furniture,Chairs,Executive Leather Chair,457.68,2,0.3,11.71
ORD-104069,2024-08-26,2024-09-02,CUST-4570,Rohan Nair,34.0,Male,Corporate,North,Delhi,Office Supplies,Paper,Notebook Set,160.8,7,0.1,46.15
ORD-104070,2022-12-26,2022-12-30,CUST-7712,Neha Sharma,31.0,Female,Consumer,West,Gujarat,Office Supplies,Labels,Address Labels,66.84,2,0.0,21.61
ORD-104071,2024-01-15,2024-01-22,CUST-1530,Rahul Mehta,38.0,Male,Corporate,North,Uttar Pradesh,Technology,Copiers,Office Copier 200,418.86,3,0.0,100.97
ORD-104072,2023-11-15,2023-11-18,CUST-7919,Kavita Singh,48.0,Female,Consumer,South,Telangana,Office Supplies,Labels,Shipping Labels,29.27,3,0.1,5.39
ORD-104073,2023-11-22,2023-11-29,CUST-5249,Amit Nair,41.0,Male,Consumer,Central,Chhattisgarh,Technology,Copiers,Office Copier 200,146.68,1,0.4,-27.7
ORD-104074,2024-01-23,2024-01-28,CUST-9332,Nikhil Rao,40.0,Male,Consumer,North,Delhi,Office Supplies,Art,Sketch Pad,212.45,3,0.0,64.18
ORD-104075,2023-11-01,2023-11-07,CUST-5448,Rahul Gupta,39.0,Male,Consumer,East,Bihar,Technology,Phones,Cordless Landline,5943.29,7,0.0,2032.61
ORD-104076,2023-05-09,2023-05-15,CUST-5673,Manish Joshi,23.0,Male,Corporate,South,Telangana,Office Supplies,Envelopes,Window Envelopes,64.24,1,0.2,3.69
ORD-104077,2022-11-26,2022-12-03,CUST-1123,Sanjay Reddy,34.0,Male,Consumer,South,Tamil Nadu,Technology,Copiers,Office Copier 200,820.14,4,0.3,86.11
ORD-104078,2024-05-16,2024-05-22,CUST-8200,Arjun Patel,30.0,Male,Consumer,North,Uttar Pradesh,Technology,Copiers,Compact Copier,495.44,1,0.3,67.96
ORD-104079,2022-10-17,2022-10-23,CUST-9332,Nikhil Rao,40.0,Male,Home Office,South,Karnataka,Furniture,Bookcases,Ladder Bookshelf,719.69,3,0.0,186.99
ORD-104080,2024-02-06,2024-02-08,CUST-9028,Suresh Verma,21.0,Male,Home Office,North,Delhi,Technology,Copiers,Office Copier 200,824.22,5,0.0,301.61
ORD-104081,2022-10-24,2022-10-27,CUST-8200,Arjun Patel,31.0,Male,Consumer,East,Bihar,Furniture,Chairs,Ergo Mesh Office Chair,505.27,1,0.15,43.54
ORD-104082,2023-12-07,2023-12-12,CUST-7712,Neha Sharma,30.0,Female,Corporate,Central,Madhya Pradesh,Technology,Accessories,Webcam HD,2014.6,4,0.1,304.19
ORD-104083,2024-04-19,2024-04-24,CUST-6000,Arjun Rao,33.0,Male,Consumer,Central,Madhya Pradesh,Technology,Machines,Laser Printer,3186.46,4,0.15,223.17
ORD-104084,2022-10-09,2022-10-15,CUST-5763,Pooja Nair,36.0,Female,Consumer,East,Odisha,Technology,Copiers,Office Copier 200,454.0,4,0.1,127.58
ORD-104085,2022-03-24,2022-03-25,CUST-7988,Aditya Joshi,51.0,Male,Consumer,West,Rajasthan,Technology,Machines,3D Printer Mini,4630.15,7,0.0,1062.11
ORD-104086,2022-06-22,2022-06-27,CUST-3496,Kavita Sharma,24.0,Female,Consumer,West,Rajasthan,Office Supplies,Paper,Notebook Set,28.34,3,0.3,1.11
ORD-104087,2023-11-24,2023-11-27,CUST-8320,Rahul Rao,26.0,Male,Consumer,South,Tamil Nadu,Office Supplies,Paper,A4 Copy Paper Ream,220.9,5,0.1,62.16
ORD-104088,2024-08-29,2024-09-02,CUST-1018,Meera Mehta,18.0,Female,Consumer,North,Uttar Pradesh,Office Supplies,Labels,Address Labels,67.31,3,0.3,5.78
ORD-104089,2022-03-05,2022-03-08,CUST-9332,Nikhil Rao,40.0,Male,Corporate,West,Gujarat,Office Supplies,Envelopes,Mailing Envelopes,126.92,4,0.15,23.69
ORD-104090,2024-04-02,2024-04-08,CUST-6000,Arjun Rao,32.0,Male,Home Office,West,Maharashtra,Office Supplies,Binders,Clip Binder,29.06,2,0.0,10.28
ORD-104091,2023-01-12,2023-01-18,CUST-3496,Kavita Sharma,21.0,Female,Consumer,East,West Bengal,Office Supplies,Paper,A4 Copy Paper Ream,123.95,2,0.1,21.51
ORD-104092,2023-07-11,2023-07-13,CUST-7919,Kavita Singh,48.0,Female,Home Office,West,Rajasthan,Office Supplies,Paper,A4 Copy Paper Ream,63.58,3,0.0,17.39
ORD-104093,2024-11-16,2024-11-23,CUST-3380,Divya Verma,57.0,Female,Consumer,Central,Madhya Pradesh,Office Supplies,Storage,File Cabinet,227.15,4,0.0,49.3
ORD-104094,2022-12-31,2023-01-05,CUST-6932,Ritu Sharma,37.0,Female,Consumer,West,Maharashtra,Office Supplies,Paper,Sticky Notes Pack,17.32,2,0.1,5.69
ORD-104095,2023-06-24,2023-07-01,CUST-5448,Rahul Gupta,35.0,Male,Consumer,East,West Bengal,Office Supplies,Storage,Desk Organizer,206.14,5,0.0,87.41
ORD-104096,2022-01-19,2022-01-26,CUST-6878,Aditya Joshi,39.0,Male,Consumer,West,Rajasthan,Office Supplies,Envelopes,Window Envelopes,86.9,2,0.2,20.44
ORD-104097,2022-04-21,2022-04-26,CUST-4638,Arjun Patel,45.0,Male,Home Office,North,Punjab,Technology,Phones,Cordless Landline,1103.52,2,0.1,207.58
ORD-104098,2022-11-13,2022-11-18,CUST-5615,Anjali Singh,,Female,Home Office,Central,Chhattisgarh,Furniture,Bookcases,Corner Bookcase,2269.9,6,0.15,615.06
ORD-104099,2022-02-08,2022-02-14,CUST-8453,Shreya Kapoor,30.0,Female,Consumer,East,Odisha,Technology,Copiers,Compact Copier,1987.16,5,0.0,778.25
ORD-104100,2023-12-10,2023-12-15,CUST-3677,Sanjay Kapoor,18.0,Male,Consumer,East,West Bengal,Furniture,Tables,Adjustable Standing Desk,832.38,2,0.3,111.81
ORD-104101,2023-05-06,2023-05-07,CUST-8409,Isha Gupta,40.0,Female,Corporate,West,Maharashtra,Furniture,Tables,Oak Dining Table,1566.64,3,0.0,
ORD-104102,2023-10-05,2023-10-06,CUST-5167,Anita Sharma,43.0,Female,Consumer,West,Maharashtra,Office Supplies,Storage,Desk Organizer,113.53,6,0.0,25.52
ORD-104103,2022-08-19,2022-08-23,CUST-7423,Divya Nair,18.0,Female,Consumer,West,Maharashtra,Office Supplies,Labels,Address Labels,128.3,5,0.4,-16.28
ORD-104104,2022-12-09,2022-12-14,CUST-8255,Karan Kapoor,31.0,Male,Corporate,East,Odisha,Office Supplies,Art,Colored Pencils,126.35,2,0.3,-5.18
ORD-104105,2023-12-30,2024-01-01,CUST-9774,Manish Singh,39.0,Male,Consumer,West,Gujarat,Technology,Machines,Laser Printer,403.74,1,0.4,16.05
ORD-104106,2024-12-10,2024-12-14,CUST-6894,Sneha Rao,19.0,Female,Corporate,East,Odisha,Technology,Copiers,Office Copier 200,1861.96,6,0.0,
ORD-104107,2022-03-12,2022-03-18,CUST-3233,Suresh Mehta,38.0,Male,Consumer,East,Odisha,Furniture,Tables,Adjustable Standing Desk,2715.93,5,0.2,331.51
ORD-104108,2024-10-14,2024-10-19,CUST-9321,Pooja Joshi,35.0,Female,Consumer,Central,Chhattisgarh,Office Supplies,Labels,Address Labels,252.48,4,0.2,36.27
ORD-104109,2023-11-02,2023-11-03,CUST-5324,Meera Singh,49.0,Female,Consumer,North,Delhi,Office Supplies,Storage,Storage Box Set,159.3,6,0.0,35.57
ORD-104110,2023-10-21,2023-10-23,CUST-4207,Ritu Joshi,36.0,Female,Consumer,West,Gujarat,Office Supplies,Art,Marker Set,55.87,3,0.1,9.31
ORD-104111,2023-08-09,2023-08-13,CUST-4538,Priya Patel,29.0,Female,Corporate,Central,Chhattisgarh,Technology,Phones,Cordless Landline,2861.71,6,0.15,710.24
ORD-104112,2022-04-05,2022-04-07,CUST-3233,Suresh Mehta,39.0,Male,Consumer,North,Uttar Pradesh,Office Supplies,Labels,Address Labels,215.78,3,0.3,13.55
ORD-104113,2022-05-02,2022-05-07,CUST-3614,Anita Reddy,31.0,Female,Home Office,North,Delhi,Technology,Copiers,Compact Copier,1142.24,2,0.0,230.17
ORD-104114,2023-11-20,2023-11-23,CUST-1277,Shreya Kapoor,24.0,Female,Home Office,West,Maharashtra,Furniture,Tables,Glass Coffee Table,1086.39,5,0.2,176.15
ORD-104115,2023-01-11,2023-01-13,CUST-8652,Sneha Kapoor,36.0,Female,Consumer,Central,Madhya Pradesh,Furniture,Furnishings,Curtain Set,2406.54,6,0.0,923.23
ORD-104116,2024-11-07,2024-11-09,CUST-3076,Anita Verma,18.0,Female,Consumer,North,Uttar Pradesh,Furniture,Bookcases,5-Shelf Bookcase,2029.35,6,0.15,135.79
ORD-104117,2023-04-11,2023-04-17,CUST-3614,Anita Reddy,34.0,Female,Consumer,North,Uttar Pradesh,Office Supplies,Paper,A4 Copy Paper Ream,225.31,7,0.0,90.82
ORD-104118,2022-07-08,2022-07-09,CUST-3233,Suresh Mehta,39.0,Male,Corporate,Central,Chhattisgarh,Furniture,Chairs,Recliner Lounge Chair,2207.54,7,0.0,561.31
ORD-104119,2024-03-08,2024-03-13,CUST-8320,Rahul Rao,25.0,Male,Home Office,West,Maharashtra,Furniture,Tables,Adjustable Standing Desk,3416.59,6,0.0,1380.25
ORD-104120,2022-12-07,2022-12-09,CUST-4158,Nikhil Reddy,40.0,Male,Home Office,West,Gujarat,Furniture,Furnishings,Area Rug,547.94,3,0.0,133.36
ORD-104121,2023-09-10,2023-09-15,CUST-8153,Isha Kapoor,18.0,Female,Corporate,East,West Bengal,Furniture,Furnishings,Wall Clock,225.64,1,0.1,26.8
ORD-104122,2024-02-14,2024-02-15,CUST-1415,Divya Joshi,28.0,Female,Corporate,West,Gujarat,Technology,Phones,Smartphone X12,509.14,4,0.2,7.67
ORD-104123,2024-10-24,2024-10-30,CUST-8209,Anjali Reddy,30.0,Female,Consumer,South,Karnataka,Furniture,Bookcases,Corner Bookcase,4151.68,7,0.4,-398.9
ORD-104124,2024-06-15,2024-06-20,CUST-4847,Sanjay Joshi,25.0,Male,Home Office,North,Delhi,Technology,Copiers,Office Copier 200,489.95,3,0.15,87.64
ORD-104125,2024-01-14,2024-01-21,CUST-1702,Divya Iyer,25.0,Female,Consumer,South,Karnataka,Furniture,Bookcases,Corner Bookcase,2113.52,6,0.0,569.7
ORD-104126,2024-01-19,2024-01-20,CUST-5380,Arjun Kapoor,35.0,Male,Corporate,South,Telangana,Office Supplies,Binders,Clip Binder,42.51,5,0.2,1.31
ORD-104127,2024-11-28,2024-11-29,CUST-4158,Nikhil Reddy,41.0,Male,Home Office,East,Bihar,Office Supplies,Art,Colored Pencils,136.74,3,0.0,
ORD-104128,2022-12-09,2022-12-13,CUST-8255,Karan Kapoor,30.0,Male,Corporate,West,Rajasthan,Office Supplies,Envelopes,Window Envelopes,294.34,4,0.0,111.89
ORD-104129,2022-01-02,2022-01-08,CUST-1427,Priya Reddy,34.0,Female,Consumer,West,Maharashtra,Technology,Phones,Cordless Landline,2928.14,7,0.0,737.51
ORD-104130,2022-11-23,2022-11-29,CUST-8255,Karan Kapoor,34.0,Male,Consumer,South,Kerala,Furniture,Chairs,Recliner Lounge Chair,1318.64,6,0.0,382.72
ORD-104131,2022-10-08,2022-10-15,CUST-8955,Divya Kapoor,18.0,Female,Consumer,North,Uttar Pradesh,Furniture,Bookcases,5-Shelf Bookcase,1458.85,5,0.15,78.39
ORD-104132,2023-12-29,2024-01-03,CUST-9278,Ritu Nair,31.0,Female,Home Office,West,Gujarat,Furniture,Chairs,Foldable Study Chair,687.88,2,0.3,-14.11
ORD-104133,2023-12-12,2023-12-15,CUST-5859,Amit Gupta,35.0,Male,Home Office,North,Uttar Pradesh,Technology,Machines,Label Maker,762.46,6,0.0,265.12
ORD-104134,2023-11-14,2023-11-21,CUST-3850,Vikram Singh,24.0,Male,Corporate,South,Tamil Nadu,Office Supplies,Binders,3-Ring Binder,233.15,4,0.0,76.62
ORD-104135,2022-01-23,2022-01-27,CUST-2964,Vivek Kapoor,29.0,Male,Consumer,East,West Bengal,Furniture,Furnishings,Area Rug,1546.0,3,0.2,304.23
ORD-104136,2024-03-27,2024-04-02,CUST-7988,Aditya Joshi,50.0,Male,Consumer,North,Delhi,Technology,Copiers,Office Copier 200,473.33,7,0.2,56.72
ORD-104137,2022-12-26,2022-12-27,CUST-7859,Arjun Nair,43.0,Male,Consumer,West,Gujarat,Technology,Copiers,Compact Copier,2805.99,7,0.1,949.27
ORD-104138,2023-12-31,2024-01-06,CUST-7076,Rahul Verma,60.0,Male,Consumer,North,Uttar Pradesh,Office Supplies,Art,Sketch Pad,87.16,3,0.3,11.9
ORD-104139,2023-10-14,2023-10-21,CUST-6322,Priya Iyer,18.0,Female,Consumer,South,Karnataka,Furniture,Chairs,Foldable Study Chair,1632.39,6,0.15,304.58
ORD-104140,2023-01-14,2023-01-17,CUST-1277,Shreya Kapoor,21.0,Female,Consumer,North,Delhi,Technology,Copiers,Compact Copier,879.29,7,0.2,17.39
ORD-104141,2022-06-27,2022-06-29,CUST-6322,Priya Iyer,18.0,Female,Consumer,North,Delhi,Furniture,Furnishings,Wall Clock,1022.1,2,0.0,222.2
ORD-104142,2022-05-07,2022-05-09,CUST-1921,Kavita Nair,18.0,Female,Home Office,East,Bihar,Furniture,Furnishings,Table Lamp,217.39,1,0.0,80.81
ORD-104143,2024-08-06,2024-08-12,CUST-2207,Ritu Joshi,36.0,Female,Corporate,East,West Bengal,Office Supplies,Paper,Notebook Set,290.25,4,0.2,15.43
ORD-104144,2024-11-08,2024-11-14,CUST-1921,Kavita Nair,,Female,Consumer,North,Delhi,Furniture,Chairs,Foldable Study Chair,747.32,5,0.3,-13.56
ORD-104145,2023-12-21,2023-12-25,CUST-2543,Karan Rao,32.0,Male,Corporate,South,Kerala,Office Supplies,Art,Marker Set,9.37,1,0.4,-1.85
ORD-104146,2022-05-18,2022-05-24,CUST-6820,Rohan Rao,28.0,Male,Corporate,North,Uttar Pradesh,Furniture,Chairs,Executive Leather Chair,1320.26,4,0.1,367.68
ORD-104147,2023-04-05,2023-04-08,CUST-3962,Sneha Iyer,29.0,Female,Home Office,West,Maharashtra,Office Supplies,Art,Colored Pencils,256.98,5,0.0,107.75
ORD-104148,2024-03-27,2024-04-02,CUST-3677,Sanjay Kapoor,18.0,Male,Corporate,South,Kerala,Furniture,Furnishings,Table Lamp,865.39,3,0.0,294.61
ORD-104149,2024-05-30,2024-06-04,CUST-4255,Anjali Joshi,37.0,Female,Consumer,North,Delhi,Technology,Phones,Budget Smartphone S5,887.3,2,0.0,294.46
ORD-104150,2022-06-05,2022-06-12,CUST-6820,Rohan Rao,27.0,Male,Home Office,Central,Chhattisgarh,Office Supplies,Labels,Shipping Labels,123.89,2,0.1,36.95
ORD-104151,2022-01-01,2022-01-04,CUST-9155,Amit Nair,47.0,Male,Consumer,South,Telangana,Office Supplies,Labels,Shipping Labels,13.53,2,0.1,2.3
ORD-104152,2024-03-05,2024-03-09,CUST-2762,Kavita Patel,18.0,Female,Consumer,West,Gujarat,Technology,Accessories,Mechanical Keyboard,1789.05,2,0.0,656.42
ORD-104153,2023-02-02,2023-02-07,CUST-4255,Anjali Joshi,39.0,Female,Corporate,South,Karnataka,Technology,Machines,Label Maker,122.05,2,0.2,6.83
ORD-104154,2022-11-10,2022-11-15,CUST-5324,Meera Singh,47.0,Female,Consumer,South,Kerala,Technology,Phones,Budget Smartphone S5,2585.55,3,0.0,984.01
ORD-104155,2022-01-18,2022-01-25,CUST-5167,Anita Sharma,43.0,Female,Consumer,Central,Chhattisgarh,Furniture,Bookcases,Ladder Bookshelf,1442.22,4,0.0,637.23
ORD-104156,2023-09-27,2023-09-29,CUST-3560,Anita Sharma,36.0,Female,Consumer,South,Telangana,Office Supplies,Labels,Address Labels,305.71,4,0.0,111.09
ORD-104157,2024-09-01,2024-09-04,CUST-4882,Karan Singh,28.0,Male,Consumer,West,Rajasthan,Furniture,Tables,Adjustable Standing Desk,245.31,1,0.15,18.78
ORD-104158,2024-12-06,2024-12-13,CUST-7444,Anjali Nair,36.0,Female,Corporate,East,Bihar,Furniture,Chairs,Foldable Study Chair,4145.0,7,0.2,707.47
ORD-104159,2023-10-23,2023-10-28,CUST-2543,Karan Rao,31.0,Male,Consumer,West,Gujarat,Furniture,Chairs,Executive Leather Chair,355.07,2,0.1,40.54
ORD-104160,2023-08-28,2023-09-01,CUST-7444,Anjali Nair,38.0,Female,Consumer,South,Tamil Nadu,Office Supplies,Labels,Address Labels,293.59,7,0.1,98.86
ORD-104161,2022-04-25,2022-05-02,CUST-6924,Rohan Rao,37.0,Male,Home Office,West,Gujarat,Office Supplies,Storage,File Cabinet,76.79,4,0.2,15.78
ORD-104162,2023-10-06,2023-10-08,CUST-9469,Anjali Mehta,41.0,Female,Home Office,North,Uttar Pradesh,Technology,Machines,Laser Printer,596.24,1,0.0,219.29
ORD-104163,2023-03-07,2023-03-12,CUST-8144,Ritu Singh,47.0,Female,Home Office,North,Haryana,Technology,Machines,Label Maker,156.39,2,0.2,22.51
ORD-104164,2023-11-24,2023-12-01,CUST-1564,Vivek Verma,26.0,Male,Consumer,East,Odisha,Office Supplies,Envelopes,Mailing Envelopes,61.28,5,0.2,6.35
ORD-104165,2023-03-18,2023-03-21,CUST-1277,Shreya Kapoor,20.0,Female,Consumer,East,West Bengal,Office Supplies,Storage,Storage Box Set,22.15,2,0.3,0.34
ORD-104166,2022-10-31,2022-11-02,CUST-1277,Shreya Kapoor,21.0,Female,Consumer,East,Odisha,Furniture,Furnishings,Curtain Set,1636.27,4,0.3,42.6
ORD-104167,2022-05-08,2022-05-11,CUST-1387,Sanjay Mehta,40.0,Male,Consumer,East,West Bengal,Office Supplies,Paper,Notebook Set,475.32,7,0.0,152.62
ORD-104168,2022-12-20,2022-12-23,CUST-9395,Divya Verma,35.0,Female,Consumer,North,Punjab,Office Supplies,Art,Sketch Pad,59.17,4,0.15,17.22
ORD-104169,2022-05-10,2022-05-13,CUST-3155,Rahul Nair,20.0,Male,Consumer,North,Punjab,Office Supplies,Paper,A4 Copy Paper Ream,118.34,2,0.0,30.97
ORD-104170,2022-08-22,2022-08-29,CUST-4075,Anita Singh,44.0,Female,Corporate,West,Rajasthan,Office Supplies,Envelopes,Window Envelopes,13.71,2,0.1,3.56
ORD-104171,2024-12-24,2024-12-26,CUST-9377,Ritu Verma,34.0,Female,Corporate,West,Maharashtra,Furniture,Furnishings,Area Rug,253.9,3,0.0,52.45
ORD-104172,2023-05-27,2023-06-03,CUST-7342,Aditya Verma,25.0,Male,Corporate,West,Maharashtra,Furniture,Tables,Glass Coffee Table,1800.4,7,0.0,444.3
ORD-104173,2023-09-17,2023-09-24,CUST-9395,Divya Verma,39.0,Female,Home Office,South,Karnataka,Office Supplies,Labels,Address Labels,276.92,7,0.1,88.03
ORD-104174,2024-09-26,2024-10-03,CUST-9155,Amit Nair,48.0,Male,Corporate,West,Gujarat,Technology,Accessories,Webcam HD,412.48,2,0.1,110.88
ORD-104175,2024-12-29,2025-01-03,CUST-4901,Isha Singh,36.0,Female,Consumer,East,Bihar,Office Supplies,Envelopes,Mailing Envelopes,43.82,3,0.0,9.47
ORD-104176,2023-11-07,2023-11-13,CUST-9317,Anjali Kapoor,32.0,Female,Corporate,East,West Bengal,Technology,Accessories,Wireless Mouse,143.43,1,0.0,58.32
ORD-104177,2024-07-11,2024-07-12,CUST-5077,Sneha Mehta,48.0,Female,Corporate,South,Telangana,Furniture,Bookcases,5-Shelf Bookcase,2091.83,5,0.2,292.07
ORD-104178,2022-12-28,2023-01-02,CUST-4901,Isha Singh,39.0,Female,Corporate,Central,Chhattisgarh,Office Supplies,Paper,Notebook Set,32.91,2,0.0,13.41
ORD-104179,2022-12-15,2022-12-17,CUST-3677,Sanjay Kapoor,18.0,Male,Consumer,South,Tamil Nadu,Furniture,Chairs,Foldable Study Chair,2540.62,7,0.1,697.43
ORD-104180,2023-04-05,2023-04-06,CUST-5536,Isha Singh,31.0,Female,Consumer,Central,Chhattisgarh,Furniture,Tables,Glass Coffee Table,565.97,2,0.3,-32.71
ORD-104181,2024-01-09,2024-01-10,CUST-5367,Manish Rao,28.0,Male,Consumer,North,Uttar Pradesh,Technology,Machines,Label Maker,1070.61,6,0.1,183.18
ORD-104182,2024-01-22,2024-01-23,CUST-7988,Aditya Joshi,53.0,Male,Consumer,East,West Bengal,Technology,Phones,Smartphone X12,1490.46,3,0.15,95.56
ORD-104183,2022-12-21,2022-12-27,CUST-2543,Karan Rao,30.0,Male,Home Office,West,Rajasthan,Furniture,Tables,Adjustable Standing Desk,1888.75,4,0.0,807.51
ORD-104184,2022-06-25,2022-07-02,CUST-6399,Sanjay Joshi,42.0,Male,Consumer,South,Tamil Nadu,Office Supplies,Storage,Desk Organizer,57.1,3,0.2,5.85
ORD-104185,2023-12-11,2023-12-15,CUST-2012,Isha Joshi,41.0,Female,Consumer,East,West Bengal,Office Supplies,Envelopes,Mailing Envelopes,133.58,6,0.0,39.31
ORD-104186,2022-06-18,2022-06-20,CUST-2012,Isha Joshi,40.0,Female,Consumer,East,West Bengal,Technology,Phones,Budget Smartphone S5,299.05,1,0.0,133.73
ORD-104187,2023-11-04,2023-11-10,CUST-1523,Vikram Reddy,30.0,Male,Corporate,East,West Bengal,Furniture,Tables,Round Side Table,392.51,2,0.1,56.81
ORD-104188,2024-02-07,2024-02-13,CUST-4901,Isha Singh,37.0,Female,Corporate,South,Karnataka,Furniture,Furnishings,Curtain Set,329.74,2,0.15,35.35
ORD-104189,2024-02-18,2024-02-22,CUST-5582,Aditya Verma,30.0,Male,Home Office,East,West Bengal,Technology,Machines,3D Printer Mini,2503.34,7,0.1,489.32
ORD-104190,2024-04-27,2024-04-28,CUST-5582,Aditya Verma,34.0,Male,Home Office,North,Uttar Pradesh,Technology,Machines,Label Maker,197.7,3,0.2,37.93
ORD-104191,2024-09-26,2024-10-03,CUST-8172,Rahul Iyer,19.0,Male,Consumer,North,Punjab,Furniture,Bookcases,Corner Bookcase,2372.11,6,0.2,289.08
ORD-104192,2023-08-09,2023-08-13,CUST-9155,Amit Nair,49.0,Male,Home Office,North,Delhi,Office Supplies,Envelopes,Mailing Envelopes,188.97,6,0.15,14.04
ORD-104193,2024-03-28,2024-04-01,CUST-9680,Anjali Patel,55.0,Female,Corporate,South,Telangana,Furniture,Furnishings,Curtain Set,2000.28,5,0.0,869.42
ORD-104194,2023-12-03,2023-12-09,CUST-8682,Karan Rao,40.0,Male,Home Office,South,Telangana,Office Supplies,Labels,Address Labels,107.43,3,0.1,22.37
ORD-104195,2022-09-03,2022-09-05,CUST-5536,Isha Singh,32.0,Female,Consumer,South,Telangana,Technology,Accessories,Webcam HD,2652.4,4,0.3,11.33
ORD-104196,2022-02-05,2022-02-08,CUST-4973,Amit Reddy,25.0,Male,Corporate,North,Delhi,Office Supplies,Binders,View Binder,46.8,2,0.0,13.7
ORD-104197,2022-12-02,2022-12-09,CUST-9131,Sneha Mehta,33.0,Female,Consumer,South,Tamil Nadu,Technology,Machines,Label Maker,1349.16,4,0.0,400.19
ORD-104198,2023-05-26,2023-05-30,CUST-9719,Vivek Sharma,29.0,Male,Corporate,East,West Bengal,Technology,Copiers,Compact Copier,1804.46,5,0.2,369.56
ORD-104199,2023-12-02,2023-12-09,CUST-9131,Sneha Mehta,30.0,Female,Consumer,North,Punjab,Technology,Accessories,Wireless Mouse,282.85,2,0.4,-8.31
ORD-104200,2024-08-30,2024-09-03,CUST-5077,Sneha Mehta,45.0,Female,Consumer,North,Haryana,Furniture,Tables,Oak Dining Table,350.01,1,0.2,7.03
ORD-104201,2022-09-14,2022-09-15,CUST-5115,Arjun Reddy,29.0,Male,Home Office,Central,Chhattisgarh,Technology,Phones,Smartphone X12,771.73,1,0.15,99.83
ORD-104202,2022-06-15,2022-06-22,CUST-8698,Meera Sharma,30.0,Female,Home Office,South,Kerala,Office Supplies,Storage,Desk Organizer,94.94,4,0.0,21.62
ORD-104203,2024-12-09,2024-12-10,CUST-1209,Sneha Patel,56.0,Female,Consumer,North,Haryana,Technology,Accessories,Wireless Mouse,794.93,1,0.15,46.79
ORD-104204,2022-05-24,2022-05-30,CUST-3000,Suresh Reddy,59.0,Male,Consumer,Central,Madhya Pradesh,Office Supplies,Binders,Clip Binder,305.45,4,0.2,47.85
ORD-104205,2023-07-11,2023-07-12,CUST-3969,Arjun Rao,44.0,Male,Consumer,Central,Madhya Pradesh,Office Supplies,Binders,3-Ring Binder,401.42,6,0.15,97.12
ORD-104206,2023-11-09,2023-11-16,CUST-1161,Shreya Joshi,54.0,Female,Corporate,East,Bihar,Technology,Phones,Smartphone X12,1955.37,3,0.0,479.87
ORD-104207,2023-09-28,2023-10-03,CUST-4355,Sanjay Rao,41.0,Male,Home Office,North,Punjab,Technology,Accessories,Wireless Mouse,580.04,7,0.2,92.84
ORD-104208,2022-04-27,2022-05-04,CUST-2085,Rohan Mehta,43.0,Male,Corporate,Central,Madhya Pradesh,Office Supplies,Labels,Address Labels,103.24,5,0.0,26.32
ORD-104209,2022-03-20,2022-03-24,CUST-3690,Karan Singh,22.0,Male,Consumer,North,Delhi,Furniture,Chairs,Recliner Lounge Chair,353.92,1,0.0,126.72
ORD-104210,2022-05-21,2022-05-22,CUST-5047,Ritu Mehta,22.0,Female,Consumer,South,Kerala,Office Supplies,Labels,Address Labels,40.25,4,0.15,4.45
ORD-104211,2023-11-09,2023-11-11,CUST-7910,Karan Nair,20.0,Male,Consumer,North,Haryana,Office Supplies,Paper,A4 Copy Paper Ream,104.57,3,0.4,-2.11
ORD-104212,2023-10-02,2023-10-07,CUST-5582,Aditya Verma,34.0,Male,Home Office,West,Gujarat,Furniture,Bookcases,Corner Bookcase,347.94,4,0.0,130.48
ORD-104213,2022-10-24,2022-10-30,CUST-1161,Shreya Joshi,51.0,Female,Corporate,Central,Chhattisgarh,Office Supplies,Art,Colored Pencils,102.65,3,0.2,1.66
ORD-104214,2023-12-14,2023-12-17,CUST-8172,Rahul Iyer,18.0,Male,Corporate,South,Telangana,Technology,Copiers,Compact Copier,593.94,5,0.1,84.35
ORD-104215,2024-07-22,2024-07-26,CUST-9155,Amit Nair,46.0,Male,Consumer,Central,Chhattisgarh,Furniture,Tables,Oak Dining Table,272.31,2,0.1,61.16
ORD-104216,2022-02-28,2022-03-04,CUST-3962,Sneha Iyer,29.0,Female,Consumer,Central,Chhattisgarh,Furniture,Furnishings,Table Lamp,2951.9,6,0.0,594.0
ORD-104217,2023-08-07,2023-08-09,CUST-2012,Isha Joshi,42.0,Female,Corporate,West,Gujarat,Office Supplies,Binders,3-Ring Binder,163.78,4,0.2,38.44
ORD-104218,2024-02-01,2024-02-04,CUST-2012,Isha Joshi,44.0,Female,Home Office,East,Bihar,Technology,Machines,Laser Printer,343.15,1,0.2,36.82
ORD-104219,2022-11-09,2022-11-12,CUST-6924,Rohan Rao,38.0,Male,Corporate,West,Maharashtra,Office Supplies,Art,Sketch Pad,208.82,3,0.0,49.15
ORD-104220,2022-12-16,2022-12-22,CUST-1285,Rahul Iyer,37.0,Male,Corporate,North,Uttar Pradesh,Furniture,Tables,Glass Coffee Table,1042.46,5,0.2,70.3
ORD-104221,2023-11-29,2023-12-05,CUST-2085,Rohan Mehta,40.0,Male,Consumer,West,Gujarat,Technology,Machines,3D Printer Mini,3082.62,6,0.0,1028.3
ORD-104222,2024-10-21,2024-10-26,CUST-9155,Amit Nair,45.0,Male,Corporate,North,Delhi,Furniture,Bookcases,5-Shelf Bookcase,289.67,1,0.3,-19.03
ORD-104223,2024-07-08,2024-07-12,CUST-5115,Arjun Reddy,26.0,Male,Consumer,Central,Madhya Pradesh,Office Supplies,Labels,Shipping Labels,127.55,6,0.0,40.36
ORD-104224,2023-11-07,2023-11-08,CUST-8514,Neha Singh,45.0,Female,Consumer,North,Haryana,Office Supplies,Paper,Notebook Set,164.39,5,0.15,34.16
ORD-104225,2024-03-28,2024-04-03,CUST-3846,Suresh Verma,35.0,Male,Consumer,Central,Chhattisgarh,Technology,Accessories,Webcam HD,420.8,7,0.0,142.76
ORD-104226,2023-02-14,2023-02-16,CUST-4996,Arjun Iyer,35.0,Male,Home Office,North,Haryana,Technology,Machines,Label Maker,1669.41,3,0.2,157.85
ORD-104227,2023-12-16,2023-12-18,CUST-7941,Anjali Mehta,31.0,Female,Corporate,North,Punjab,Office Supplies,Binders,Clip Binder,43.96,3,0.0,15.3
ORD-104228,2023-06-25,2023-06-27,CUST-4901,Isha Singh,38.0,Female,Consumer,North,Punjab,Office Supplies,Art,Sketch Pad,520.76,7,0.4,-40.4
ORD-104229,2022-09-07,2022-09-14,CUST-4901,Isha Singh,37.0,Female,Home Office,North,Punjab,Office Supplies,Storage,Storage Box Set,23.39,1,0.3,0.91
ORD-104230,2024-02-19,2024-02-25,CUST-2012,Isha Joshi,43.0,Female,Consumer,Central,Chhattisgarh,Office Supplies,Binders,View Binder,55.99,1,0.1,11.28
ORD-104231,2023-10-14,2023-10-20,CUST-4747,Nikhil Patel,27.0,Male,Corporate,East,West Bengal,Technology,Machines,3D Printer Mini,1764.3,4,0.1,368.52
ORD-104232,2023-02-05,2023-02-07,CUST-9314,Sneha Iyer,36.0,Female,Home Office,East,Bihar,Technology,Phones,Budget Smartphone S5,3536.56,7,0.2,224.01
ORD-104233,2024-11-03,2024-11-09,CUST-1161,Shreya Joshi,50.0,Female,Home Office,North,Uttar Pradesh,Furniture,Chairs,Ergo Mesh Office Chair,655.63,3,0.0,271.04
ORD-104234,2022-01-29,2022-02-05,CUST-1283,Karan Singh,47.0,Male,Home Office,North,Haryana,Office Supplies,Art,Colored Pencils,48.97,3,0.2,10.91
ORD-104235,2022-12-21,2022-12-22,CUST-2085,Rohan Mehta,41.0,Male,Corporate,Central,Madhya Pradesh,Technology,Machines,Laser Printer,60.29,1,0.0,24.41
ORD-104236,2022-03-20,2022-03-21,CUST-7713,Amit Verma,33.0,Male,Consumer,South,Karnataka,Furniture,Tables,Adjustable Standing Desk,1894.94,4,0.3,-122.77
ORD-104237,2024-05-14,2024-05-19,CUST-2085,Rohan Mehta,41.0,Male,Home Office,West,Gujarat,Office Supplies,Labels,Shipping Labels,356.77,5,0.0,75.66
ORD-104238,2024-02-20,2024-02-24,CUST-2099,Ritu Verma,46.0,Female,Consumer,East,Bihar,Furniture,Bookcases,Ladder Bookshelf,2682.41,6,0.0,998.49
ORD-104239,2022-12-30,2022-12-31,CUST-1269,Nikhil Nair,38.0,Male,Consumer,East,Odisha,Technology,Accessories,Wireless Mouse,690.52,1,0.0,166.66
ORD-104240,2024-01-13,2024-01-18,CUST-9293,Meera Sharma,21.0,Female,Consumer,Central,Chhattisgarh,Technology,Accessories,USB-C Hub,905.53,3,0.2,24.94
ORD-104241,2023-03-28,2023-03-31,CUST-7280,Rahul Patel,41.0,Male,Corporate,East,Bihar,Furniture,Bookcases,Corner Bookcase,308.65,1,0.0,106.49
ORD-104242,2024-05-01,2024-05-05,CUST-7713,Amit Verma,31.0,Male,Home Office,North,Uttar Pradesh,Technology,Copiers,Compact Copier,2287.76,5,0.1,283.23
ORD-104243,2023-06-09,2023-06-10,CUST-2099,Ritu Verma,47.0,Female,Consumer,West,Gujarat,Office Supplies,Storage,Desk Organizer,85.09,2,0.2,21.04
ORD-104244,2023-04-18,2023-04-25,CUST-8348,Nikhil Mehta,18.0,Male,Home Office,North,Uttar Pradesh,Furniture,Chairs,Executive Leather Chair,708.48,6,0.2,133.41
ORD-104245,2024-11-20,2024-11-23,CUST-4645,Karan Kapoor,32.0,Male,Corporate,North,Punjab,Technology,Machines,Label Maker,778.25,1,0.0,185.35
ORD-104246,2022-11-08,2022-11-13,CUST-6828,Nikhil Singh,28.0,Male,Consumer,North,Haryana,Office Supplies,Storage,File Cabinet,319.15,6,0.0,123.65
ORD-104247,2022-06-08,2022-06-09,CUST-3962,Sneha Iyer,27.0,Female,Consumer,Central,Madhya Pradesh,Furniture,Tables,Adjustable Standing Desk,883.39,2,0.15,70.37
ORD-104248,2023-11-08,2023-11-09,CUST-9314,Sneha Iyer,37.0,Female,Consumer,Central,Madhya Pradesh,Office Supplies,Envelopes,Window Envelopes,41.63,2,0.0,11.94
ORD-104249,2024-12-13,2024-12-19,CUST-7280,Rahul Patel,44.0,Male,Consumer,North,Uttar Pradesh,Office Supplies,Labels,Address Labels,174.99,3,0.0,39.91
ORD-104250,2023-03-04,2023-03-07,CUST-1283,Karan Singh,47.0,Male,Consumer,North,Uttar Pradesh,Technology,Copiers,Office Copier 200,436.74,4,0.4,-65.72
ORD-104251,2022-03-27,2022-03-28,CUST-9314,Sneha Iyer,37.0,Female,Consumer,East,Odisha,Office Supplies,Labels,Shipping Labels,301.17,7,0.0,90.8
ORD-104252,2023-01-09,2023-01-11,CUST-3170,Pooja Rao,26.0,Female,Consumer,West,Maharashtra,Office Supplies,Paper,Notebook Set,132.59,3,0.4,-21.45
ORD-104253,2023-08-17,2023-08-24,CUST-6828,Nikhil Singh,29.0,Male,Corporate,East,Bihar,Furniture,Bookcases,5-Shelf Bookcase,851.22,4,0.1,198.68
ORD-104254,2022-08-03,2022-08-09,CUST-6828,Nikhil Singh,26.0,Male,Consumer,West,Gujarat,Technology,Machines,Laser Printer,459.54,1,,3.58
ORD-104255,2023-12-27,2024-01-02,CUST-4673,Ritu Mehta,39.0,Female,Consumer,East,Odisha,Technology,Copiers,Office Copier 200,2612.05,5,,870.77
ORD-104256,2024-12-30,2024-12-31,CUST-7280,Rahul Patel,41.0,Male,Consumer,South,Karnataka,Office Supplies,Storage,Desk Organizer,55.94,1,0.1,10.33
ORD-104257,2023-06-06,2023-06-13,CUST-7871,Karan Nair,36.0,Male,Consumer,North,Haryana,Furniture,Chairs,Ergo Mesh Office Chair,2694.44,6,0.1,687.59
ORD-104258,2023-01-30,2023-02-05,CUST-2762,Kavita Patel,18.0,Female,Corporate,West,Rajasthan,Technology,Machines,Label Maker,2172.09,4,0.1,432.08
ORD-104259,2023-04-03,2023-04-07,CUST-6828,Nikhil Singh,28.0,Male,Consumer,North,Uttar Pradesh,Office Supplies,Paper,Notebook Set,71.18,1,0.15,19.34
ORD-104260,2022-06-01,2022-06-04,CUST-4645,Karan Kapoor,30.0,Male,Corporate,North,Delhi,Office Supplies,Binders,3-Ring Binder,127.01,3,0.0,35.0
ORD-104261,2024-10-07,2024-10-11,CUST-7268,Rahul Sharma,48.0,Male,Corporate,South,Tamil Nadu,Technology,Accessories,Mechanical Keyboard,4892.91,7,0.2,70.69
ORD-104262,2023-04-21,2023-04-26,CUST-5116,Divya Patel,19.0,Female,Corporate,East,Odisha,Office Supplies,Binders,3-Ring Binder,315.35,5,0.0,130.57
ORD-104263,2023-03-17,2023-03-21,CUST-2012,Isha Joshi,43.0,Female,Consumer,South,Karnataka,Office Supplies,Storage,Desk Organizer,72.0,6,0.2,0.22
ORD-104264,2023-12-28,2024-01-04,CUST-7941,Anjali Mehta,30.0,Female,Corporate,Central,Madhya Pradesh,Office Supplies,Paper,Notebook Set,18.03,1,0.0,7.43
ORD-104265,2023-05-25,2023-05-27,CUST-1303,Ritu Singh,29.0,Female,Corporate,West,Maharashtra,Furniture,Bookcases,Ladder Bookshelf,3332.83,6,0.2,615.06
ORD-104266,2023-12-21,2023-12-27,CUST-9196,Anjali Rao,18.0,Female,Corporate,South,Tamil Nadu,Office Supplies,Art,Colored Pencils,223.54,4,0.2,26.33
ORD-104267,2022-03-26,2022-04-02,CUST-7513,Arjun Verma,38.0,Male,Home Office,West,Gujarat,Office Supplies,Paper,Notebook Set,56.2,2,0.1,16.34
ORD-104268,2024-07-13,2024-07-19,CUST-4453,Vivek Singh,24.0,Male,Consumer,East,Odisha,Furniture,Tables,Adjustable Standing Desk,694.35,3,0.2,55.31
ORD-104269,2024-11-24,2024-11-26,CUST-8666,Divya Iyer,18.0,Female,Consumer,Central,Madhya Pradesh,Furniture,Chairs,Executive Leather Chair,3980.07,7,,1144.93
ORD-104270,2023-12-21,2023-12-27,CUST-4645,Karan Kapoor,33.0,Male,Corporate,South,Telangana,Furniture,Bookcases,5-Shelf Bookcase,558.75,5,0.4,-89.78
ORD-104271,2024-12-04,2024-12-08,CUST-6458,Manish Kapoor,35.0,Male,Corporate,North,Haryana,Office Supplies,Storage,File Cabinet,120.48,3,0.1,25.22
ORD-104272,2022-07-19,2022-07-24,CUST-5142,Meera Rao,49.0,Female,Corporate,Central,Chhattisgarh,Office Supplies,Storage,File Cabinet,5.23,1,0.2,1.21
ORD-104273,2023-07-10,2023-07-11,CUST-6947,Amit Sharma,25.0,Male,Corporate,East,Bihar,Office Supplies,Art,Sketch Pad,74.59,1,0.2,16.37
ORD-104274,2023-11-21,2023-11-23,CUST-6286,Nikhil Sharma,23.0,Male,Consumer,Central,Chhattisgarh,Technology,Phones,Cordless Landline,2196.56,7,0.1,677.37
ORD-104275,2023-11-06,2023-11-10,CUST-9909,Rahul Rao,45.0,Male,Home Office,East,West Bengal,Office Supplies,Art,Colored Pencils,281.78,7,0.0,65.56
ORD-104276,2023-04-04,2023-04-11,CUST-2527,Anjali Reddy,28.0,Female,Consumer,East,Odisha,Furniture,Chairs,Executive Leather Chair,4088.66,7,0.0,
ORD-104277,2023-01-07,2023-01-11,CUST-4645,Karan Kapoor,32.0,Male,Home Office,North,Haryana,Furniture,Chairs,Ergo Mesh Office Chair,1711.34,3,0.1,241.58
ORD-104278,2022-06-17,2022-06-21,CUST-5514,Manish Kapoor,21.0,Male,Consumer,South,Karnataka,Technology,Phones,Budget Smartphone S5,311.76,1,0.0,129.0
ORD-104279,2023-03-22,2023-03-23,CUST-5142,Meera Rao,47.0,Female,Consumer,South,Tamil Nadu,Office Supplies,Binders,Clip Binder,226.62,3,0.4,-31.25
ORD-104280,2022-08-04,2022-08-07,CUST-3002,Kavita Verma,27.0,Female,Corporate,West,Gujarat,Furniture,Tables,Glass Coffee Table,713.03,2,0.15,124.86
ORD-104281,2024-04-03,2024-04-09,CUST-5147,Karan Iyer,27.0,Male,Consumer,Central,Chhattisgarh,Furniture,Bookcases,Corner Bookcase,845.87,2,0.1,171.06
ORD-104282,2022-09-29,2022-10-05,CUST-4009,Rahul Rao,34.0,Male,Consumer,South,Karnataka,Furniture,Furnishings,Table Lamp,2623.93,5,0.2,326.48
ORD-104283,2022-03-22,2022-03-29,CUST-9622,Arjun Patel,55.0,Male,Home Office,East,Bihar,Office Supplies,Paper,Notebook Set,74.37,4,0.1,17.89
ORD-104284,2023-10-10,2023-10-15,CUST-9264,Pooja Patel,36.0,Female,Home Office,North,Uttar Pradesh,Furniture,Tables,Glass Coffee Table,1478.81,6,0.3,31.83
ORD-104285,2023-11-16,2023-11-23,CUST-2608,Sanjay Singh,29.0,Male,Consumer,South,Kerala,Office Supplies,Art,Sketch Pad,362.45,5,0.3,23.22
ORD-104286,2024-09-25,2024-09-28,CUST-6148,Suresh Rao,45.0,Male,Home Office,West,Gujarat,Furniture,Bookcases,Corner Bookcase,2070.16,6,0.1,697.3
ORD-104287,2023-11-02,2023-11-08,CUST-1358,Manish Gupta,39.0,Male,Home Office,West,Rajasthan,Office Supplies,Envelopes,Window Envelopes,64.91,1,0.0,13.9
ORD-104288,2023-01-17,2023-01-22,CUST-2012,Isha Joshi,41.0,Female,Consumer,West,Gujarat,Office Supplies,Art,Colored Pencils,213.21,7,0.0,60.59
ORD-104289,2024-06-29,2024-07-06,CUST-2332,Ritu Kapoor,23.0,Female,Home Office,North,Punjab,Office Supplies,Envelopes,Window Envelopes,365.52,5,0.1,46.8
ORD-104290,2023-09-27,2023-10-02,CUST-3002,Kavita Verma,28.0,Female,Home Office,West,Maharashtra,Technology,Phones,Smartphone X12,5918.42,7,0.1,629.44
ORD-104291,2022-04-18,2022-04-22,CUST-1358,Manish Gupta,35.0,Male,Consumer,South,Karnataka,Office Supplies,Storage,File Cabinet,111.9,5,0.2,3.64
ORD-104292,2023-10-23,2023-10-25,CUST-2152,Arjun Joshi,30.0,Male,Consumer,Central,Chhattisgarh,Office Supplies,Storage,Storage Box Set,31.47,6,0.3,3.96
ORD-104293,2024-10-31,2024-11-04,CUST-2200,Sneha Kapoor,35.0,Female,Corporate,West,Rajasthan,Technology,Accessories,Mechanical Keyboard,1390.19,5,0.1,379.49
ORD-104294,2023-03-28,2023-03-29,CUST-8348,Nikhil Mehta,19.0,Male,Corporate,East,Bihar,Furniture,Chairs,Foldable Study Chair,353.22,1,0.2,6.94
ORD-104295,2022-12-09,2022-12-15,CUST-4779,Sanjay Mehta,39.0,Male,Corporate,East,Odisha,Office Supplies,Paper,Notebook Set,134.43,2,0.15,35.18
ORD-104296,2022-07-09,2022-07-14,CUST-2200,Sneha Kapoor,36.0,Female,Corporate,South,Kerala,Technology,Accessories,USB-C Hub,699.73,1,0.3,59.89
ORD-104297,2022-07-19,2022-07-26,CUST-7806,Neha Gupta,23.0,Female,Consumer,West,Maharashtra,Technology,Accessories,Wireless Mouse,91.83,1,0.1,26.87
ORD-104298,2023-05-14,2023-05-16,CUST-5569,Pooja Nair,20.0,Female,Consumer,East,West Bengal,Furniture,Bookcases,Ladder Bookshelf,663.52,7,0.1,113.08
ORD-104299,2023-11-16,2023-11-23,CUST-5514,Manish Kapoor,23.0,Male,Corporate,Central,Madhya Pradesh,Furniture,Bookcases,Corner Bookcase,722.44,2,0.3,65.04
ORD-104300,2022-04-20,2022-04-26,CUST-7702,Suresh Verma,33.0,Male,Consumer,West,Maharashtra,Furniture,Bookcases,Ladder Bookshelf,1739.49,6,0.2,211.59
ORD-104301,2024-11-23,2024-11-28,CUST-4779,Sanjay Mehta,37.0,Male,Consumer,East,West Bengal,Technology,Machines,3D Printer Mini,777.16,1,0.1,178.47
ORD-104302,2024-04-30,2024-05-05,CUST-6367,Kavita Kapoor,33.0,Female,Consumer,East,West Bengal,Office Supplies,Paper,Notebook Set,210.72,3,0.2,4.6
ORD-104303,2023-11-09,2023-11-13,CUST-3810,Meera Mehta,34.0,Female,Consumer,West,Gujarat,Furniture,Chairs,Recliner Lounge Chair,747.78,6,0.2,155.45
ORD-104304,2024-08-02,2024-08-04,CUST-8797,Aditya Iyer,,Male,Consumer,North,Haryana,Office Supplies,Art,Sketch Pad,227.73,3,0.0,74.35
ORD-104305,2022-04-19,2022-04-21,CUST-2012,Isha Joshi,42.0,Female,Home Office,East,Odisha,Technology,Accessories,Mechanical Keyboard,1118.52,2,0.0,317.2
ORD-104306,2023-07-09,2023-07-15,CUST-6042,Ritu Nair,47.0,Female,Corporate,Central,Madhya Pradesh,Office Supplies,Envelopes,Window Envelopes,556.21,7,0.2,
ORD-104307,2023-12-09,2023-12-14,CUST-3176,Vikram Gupta,30.0,Male,Consumer,East,Odisha,Office Supplies,Binders,3-Ring Binder,243.93,7,0.15,21.32
ORD-104308,2024-08-02,2024-08-04,CUST-4554,Vivek Joshi,41.0,Male,Consumer,North,Delhi,Furniture,Furnishings,Area Rug,173.19,2,0.1,36.4
ORD-104309,2024-06-03,2024-06-05,CUST-7107,Amit Rao,40.0,Male,Home Office,North,Delhi,Office Supplies,Art,Marker Set,223.17,3,0.15,44.11
ORD-104310,2022-11-27,2022-12-04,CUST-7652,Rahul Iyer,35.0,Male,Home Office,West,Gujarat,Furniture,Furnishings,Curtain Set,379.2,1,0.15,19.92
ORD-104311,2024-11-24,2024-11-30,CUST-3311,Rahul Joshi,38.0,Male,Corporate,North,Uttar Pradesh,Office Supplies,Binders,Clip Binder,264.92,4,0.1,54.39
ORD-104312,2022-06-13,2022-06-17,CUST-8363,Suresh Joshi,30.0,Male,Consumer,South,Kerala,Furniture,Bookcases,Corner Bookcase,724.21,3,0.15,214.59
ORD-104313,2024-09-28,2024-10-05,CUST-2051,Nikhil Verma,,Male,Consumer,South,Tamil Nadu,Technology,Machines,Laser Printer,996.32,2,0.0,268.15
ORD-104314,2024-12-14,2024-12-21,CUST-3736,Vikram Verma,,Male,Consumer,Central,Chhattisgarh,Furniture,Chairs,Executive Leather Chair,2882.77,6,0.2,46.65
ORD-104315,2022-08-22,2022-08-25,CUST-4752,Suresh Joshi,29.0,Male,Consumer,East,West Bengal,Office Supplies,Labels,Address Labels,193.85,3,0.2,
ORD-104316,2024-03-18,2024-03-19,CUST-5094,Pooja Reddy,25.0,Female,Consumer,East,West Bengal,Furniture,Bookcases,Corner Bookcase,429.69,1,0.4,-48.01
ORD-104317,2022-02-26,2022-03-01,CUST-8666,Divya Iyer,18.0,Female,Home Office,South,Telangana,Office Supplies,Labels,Address Labels,16.83,2,0.2,3.42
ORD-104318,2023-04-09,2023-04-11,CUST-6977,Vivek Singh,49.0,Male,Corporate,South,Telangana,Office Supplies,Art,Sketch Pad,10.53,1,0.15,
ORD-104319,2023-08-30,2023-09-04,CUST-8348,Nikhil Mehta,18.0,Male,Home Office,North,Delhi,Office Supplies,Paper,Sticky Notes Pack,48.41,4,0.0,12.66
ORD-104320,2023-11-05,2023-11-06,CUST-4752,Suresh Joshi,27.0,Male,Corporate,East,Bihar,Office Supplies,Binders,View Binder,132.67,2,0.0,28.66
ORD-104321,2024-11-21,2024-11-22,CUST-1209,Sneha Patel,57.0,Female,Corporate,West,Rajasthan,Furniture,Tables,Glass Coffee Table,932.13,3,0.1,157.09
ORD-104322,2024-01-09,2024-01-14,CUST-3275,Isha Joshi,35.0,Female,Home Office,North,Delhi,Technology,Machines,Label Maker,368.44,2,0.1,74.54
ORD-104323,2023-07-15,2023-07-16,CUST-6042,Ritu Nair,48.0,Female,Home Office,West,Maharashtra,Furniture,Tables,Round Side Table,141.64,1,0.15,23.47
ORD-104324,2024-07-08,2024-07-13,CUST-8348,Nikhil Mehta,18.0,Male,Consumer,Central,Chhattisgarh,Furniture,Chairs,Ergo Mesh Office Chair,754.71,5,0.0,206.1
ORD-104325,2024-12-01,2024-12-02,CUST-5094,Pooja Reddy,26.0,Female,Consumer,Central,Chhattisgarh,Office Supplies,Storage,Storage Box Set,49.55,2,0.15,9.29
ORD-104326,2022-01-31,2022-02-07,CUST-3498,Shreya Reddy,27.0,Female,Consumer,East,West Bengal,Technology,Copiers,Compact Copier,755.2,1,0.0,264.35
ORD-104327,2024-12-21,2024-12-27,CUST-2012,Isha Joshi,44.0,Female,Corporate,Central,Chhattisgarh,Technology,Phones,Budget Smartphone S5,977.97,4,0.1,316.28
ORD-104328,2022-04-27,2022-05-03,CUST-7371,Priya Gupta,31.0,Female,Home Office,East,Odisha,Furniture,Bookcases,5-Shelf Bookcase,877.3,2,0.0,270.58
ORD-104329,2024-07-14,2024-07-17,CUST-8450,Suresh Gupta,47.0,Male,Corporate,South,Karnataka,Office Supplies,Binders,Clip Binder,140.23,7,0.2,29.26
ORD-104330,2022-11-29,2022-12-06,CUST-5711,Ritu Singh,38.0,Female,Consumer,South,Telangana,Furniture,Bookcases,Ladder Bookshelf,282.54,2,0.1,33.0
ORD-104331,2022-06-23,2022-06-24,CUST-7371,Priya Gupta,30.0,Female,Corporate,North,Punjab,Office Supplies,Binders,3-Ring Binder,29.0,1,0.3,-0.11
ORD-104332,2023-05-22,2023-05-26,CUST-2340,Manish Nair,44.0,Male,Consumer,North,Uttar Pradesh,Office Supplies,Paper,Sticky Notes Pack,204.08,4,0.1,61.15
ORD-104333,2023-12-18,2023-12-23,CUST-7988,Aditya Joshi,52.0,Male,Consumer,South,Telangana,Furniture,Bookcases,5-Shelf Bookcase,1361.65,4,0.0,372.94
ORD-104334,2023-03-08,2023-03-15,CUST-3096,Karan Sharma,36.0,Male,Home Office,South,Telangana,Office Supplies,Storage,Desk Organizer,13.39,1,0.2,2.36
ORD-104335,2022-03-17,2022-03-18,CUST-3404,Pooja Patel,33.0,Female,Consumer,Central,Chhattisgarh,Furniture,Furnishings,Table Lamp,528.61,3,0.3,-50.2
ORD-104336,2023-11-19,2023-11-25,CUST-7600,Aditya Verma,29.0,Male,Home Office,East,West Bengal,Furniture,Bookcases,Corner Bookcase,299.3,1,0.2,55.91
ORD-104337,2024-10-26,2024-11-01,CUST-4147,Amit Singh,18.0,Male,Corporate,South,Telangana,Office Supplies,Labels,Shipping Labels,330.68,5,0.15,56.91
ORD-104338,2023-03-11,2023-03-16,CUST-3096,Karan Sharma,38.0,Male,Corporate,East,West Bengal,Office Supplies,Envelopes,Mailing Envelopes,89.76,6,0.4,-8.37
ORD-104339,2022-10-07,2022-10-11,CUST-1626,Isha Iyer,61.0,Female,Corporate,West,Rajasthan,Office Supplies,Labels,Shipping Labels,6.47,1,0.1,2.23
ORD-104340,2023-05-26,2023-05-27,CUST-4961,Priya Verma,38.0,Female,Home Office,West,Rajasthan,Technology,Phones,Budget Smartphone S5,737.22,4,0.0,187.03
ORD-104341,2022-03-09,2022-03-10,CUST-4902,Ritu Joshi,28.0,Female,Consumer,South,Karnataka,Office Supplies,Labels,Shipping Labels,89.25,2,0.15,13.74
ORD-104342,2024-07-22,2024-07-26,CUST-1161,Shreya Joshi,52.0,Female,Corporate,East,Odisha,Office Supplies,Binders,Clip Binder,331.41,6,0.1,94.87
ORD-104343,2024-07-30,2024-08-03,CUST-1597,Neha Verma,32.0,Female,Home Office,East,Odisha,Furniture,Furnishings,Table Lamp,355.41,3,0.1,109.56
ORD-104344,2023-11-10,2023-11-14,CUST-4692,Aditya Reddy,31.0,Male,Consumer,North,Haryana,Technology,Copiers,Compact Copier,403.54,1,0.3,12.29
ORD-104345,2023-01-28,2023-02-03,CUST-8276,Sanjay Kapoor,35.0,Male,Corporate,Central,Chhattisgarh,Technology,Copiers,Office Copier 200,3102.43,6,0.0,1231.26
ORD-104346,2024-06-24,2024-06-29,CUST-9661,Rohan Rao,56.0,Male,Home Office,South,Tamil Nadu,Office Supplies,Binders,3-Ring Binder,310.45,4,0.1,33.26
ORD-104347,2023-10-12,2023-10-19,CUST-4692,Aditya Reddy,31.0,Male,Consumer,West,Gujarat,Office Supplies,Paper,Sticky Notes Pack,154.83,6,0.1,52.22
ORD-104348,2024-07-30,2024-08-03,CUST-2633,Manish Iyer,46.0,Male,Consumer,Central,Chhattisgarh,Office Supplies,Storage,File Cabinet,208.94,6,0.0,45.86
ORD-104349,2023-12-10,2023-12-15,CUST-6782,Karan Kapoor,22.0,Male,Consumer,North,Uttar Pradesh,Furniture,Tables,Round Side Table,1600.68,7,0.1,551.51
ORD-104350,2024-06-05,2024-06-08,CUST-7087,Rohan Gupta,23.0,Male,Home Office,Central,Chhattisgarh,Office Supplies,Storage,Desk Organizer,375.06,6,0.1,48.51
ORD-104351,2023-11-18,2023-11-19,CUST-2340,Manish Nair,44.0,Male,Corporate,Central,Chhattisgarh,Office Supplies,Labels,Address Labels,237.85,4,0.0,92.18
ORD-104352,2023-04-20,2023-04-21,CUST-3533,Vivek Iyer,26.0,Male,Consumer,West,Maharashtra,Technology,Copiers,Office Copier 200,1203.41,2,0.1,240.95
ORD-104353,2024-12-06,2024-12-08,CUST-3435,Arjun Reddy,36.0,Male,Consumer,South,Karnataka,Office Supplies,Labels,Shipping Labels,187.26,4,0.2,35.01
ORD-104354,2023-09-28,2023-10-01,CUST-8366,Vikram Gupta,36.0,Male,Consumer,East,Odisha,Office Supplies,Binders,View Binder,355.54,6,0.2,75.71
ORD-104355,2023-11-23,2023-11-30,CUST-8457,Aditya Singh,25.0,Male,Consumer,Central,Madhya Pradesh,Office Supplies,Art,Colored Pencils,448.72,6,0.15,
ORD-104356,2022-10-11,2022-10-15,CUST-1303,Arjun Kapoor,42.0,Male,Home Office,South,Kerala,Furniture,Furnishings,Wall Clock,385.99,3,0.15,63.67
ORD-104357,2023-12-07,2023-12-11,CUST-1303,Arjun Kapoor,44.0,Male,Consumer,West,Rajasthan,Office Supplies,Storage,Desk Organizer,62.9,4,0.0,17.34
ORD-104358,2023-10-29,2023-11-05,CUST-4147,Amit Singh,18.0,Male,Home Office,West,Maharashtra,Office Supplies,Envelopes,Window Envelopes,47.02,6,0.15,8.23
ORD-104359,2022-09-01,2022-09-07,CUST-4692,Aditya Reddy,33.0,Male,Consumer,Central,Madhya Pradesh,Office Supplies,Labels,Shipping Labels,149.09,5,0.15,14.1
ORD-104360,2022-03-24,2022-03-27,CUST-4692,Aditya Reddy,32.0,Male,Consumer,North,Uttar Pradesh,Technology,Machines,3D Printer Mini,128.72,1,0.15,25.5
ORD-104361,2023-11-22,2023-11-26,CUST-2195,Manish Mehta,44.0,Male,Home Office,East,Bihar,Office Supplies,Labels,Shipping Labels,239.84,4,0.15,22.3
ORD-104362,2024-05-10,2024-05-12,CUST-8366,Vikram Gupta,36.0,Male,Corporate,South,Telangana,Technology,Machines,Laser Printer,4640.02,6,0.15,767.16
ORD-104363,2023-09-08,2023-09-13,CUST-8811,Ritu Kapoor,36.0,Female,Consumer,South,Kerala,Office Supplies,Storage,Storage Box Set,343.15,5,0.15,101.24
ORD-104364,2022-10-17,2022-10-18,CUST-3851,Nikhil Mehta,44.0,Male,Corporate,East,Odisha,Office Supplies,Storage,Storage Box Set,261.57,4,0.1,31.06
ORD-104365,2024-01-01,2024-01-04,CUST-6718,Isha Reddy,29.0,Female,Corporate,North,Punjab,Furniture,Chairs,Ergo Mesh Office Chair,2912.48,7,0.15,330.56
ORD-104366,2022-04-19,2022-04-20,CUST-3653,Divya Patel,44.0,Female,Consumer,Central,Madhya Pradesh,Office Supplies,Binders,3-Ring Binder,380.41,5,0.15,61.51
ORD-104367,2023-05-25,2023-05-30,CUST-8759,Divya Mehta,42.0,Female,Consumer,South,Tamil Nadu,Technology,Copiers,Office Copier 200,2074.93,4,0.0,696.86
ORD-104368,2022-08-05,2022-08-08,CUST-7871,Amit Patel,31.0,Male,Consumer,North,Haryana,Furniture,Bookcases,Ladder Bookshelf,394.09,3,0.3,44.29
ORD-104369,2022-09-01,2022-09-06,CUST-8457,Aditya Singh,28.0,Male,Consumer,Central,Madhya Pradesh,Office Supplies,Envelopes,Mailing Envelopes,212.09,3,0.1,27.97
ORD-104370,2022-09-21,2022-09-25,CUST-7871,Amit Patel,30.0,Male,Corporate,East,Odisha,Technology,Phones,Cordless Landline,2017.85,5,0.1,371.3
ORD-104371,2023-03-16,2023-03-23,CUST-6573,Priya Joshi,37.0,Female,Corporate,North,Delhi,Furniture,Tables,Round Side Table,1616.23,6,0.15,206.23
ORD-104372,2022-03-13,2022-03-17,CUST-8759,Divya Mehta,42.0,Female,Consumer,South,Telangana,Furniture,Bookcases,Corner Bookcase,259.32,1,0.3,34.45
ORD-104373,2023-03-30,2023-04-06,CUST-3851,Nikhil Mehta,44.0,Male,Home Office,South,Karnataka,Furniture,Furnishings,Table Lamp,1763.76,3,0.3,28.06
ORD-104374,2023-08-24,2023-08-28,CUST-7988,Aditya Joshi,51.0,Male,Consumer,North,Uttar Pradesh,Office Supplies,Envelopes,Mailing Envelopes,69.88,3,0.2,3.14
ORD-104375,2023-07-18,2023-07-23,CUST-6974,Sanjay Gupta,29.0,Male,Consumer,South,Kerala,Office Supplies,Labels,Shipping Labels,13.37,2,0.0,3.43
ORD-104376,2023-03-11,2023-03-16,CUST-9463,Isha Iyer,18.0,Female,Corporate,East,West Bengal,Office Supplies,Storage,Desk Organizer,47.09,4,0.15,13.42
ORD-104377,2024-08-16,2024-08-21,CUST-5569,Pooja Nair,21.0,Female,Corporate,South,Karnataka,Office Supplies,Envelopes,Mailing Envelopes,28.62,1,0.1,5.29
ORD-104378,2022-07-11,2022-07-12,CUST-4586,Rahul Singh,38.0,Male,Consumer,North,Uttar Pradesh,Technology,Machines,Laser Printer,2890.11,6,0.2,302.18
ORD-104379,2023-08-16,2023-08-21,CUST-7988,Aditya Joshi,50.0,Male,Consumer,South,Kerala,Furniture,Chairs,Ergo Mesh Office Chair,1631.18,7,0.0,486.06
ORD-104380,2022-03-27,2022-03-31,CUST-2800,Arjun Kapoor,30.0,Male,Consumer,West,Gujarat,Office Supplies,Labels,Address Labels,148.51,3,0.2,19.93
ORD-104381,2022-04-07,2022-04-09,CUST-7087,Rohan Gupta,24.0,Male,Corporate,North,Delhi,Technology,Machines,3D Printer Mini,804.08,1,0.15,164.07
ORD-104382,2023-10-31,2023-11-05,CUST-5718,Aditya Kapoor,24.0,Male,Home Office,South,Kerala,Furniture,Furnishings,Area Rug,953.73,3,0.2,133.58
ORD-104383,2023-10-23,2023-10-25,CUST-9463,Isha Iyer,18.0,Female,Corporate,North,Haryana,Office Supplies,Envelopes,Window Envelopes,261.2,5,0.2,1.87
ORD-104384,2024-10-01,2024-10-08,CUST-4652,Sanjay Sharma,21.0,Male,Consumer,Central,Chhattisgarh,Office Supplies,Storage,Desk Organizer,46.22,1,0.1,14.74
ORD-104385,2023-10-15,2023-10-19,CUST-2800,Arjun Kapoor,30.0,Male,Consumer,West,Rajasthan,Furniture,Tables,Adjustable Standing Desk,96.93,1,0.3,2.63
ORD-104386,2024-12-07,2024-12-12,CUST-3036,Priya Kapoor,41.0,Female,Corporate,North,Punjab,Office Supplies,Envelopes,Mailing Envelopes,36.76,1,0.1,4.24
ORD-104387,2022-03-09,2022-03-10,CUST-6455,Sneha Reddy,27.0,Female,Consumer,West,Maharashtra,Technology,Copiers,Compact Copier,3119.91,4,0.2,424.47
ORD-104388,2022-05-12,2022-05-13,CUST-8700,Neha Kapoor,31.0,Female,Corporate,North,Punjab,Technology,Copiers,Office Copier 200,4863.67,7,0.4,-765.77
ORD-104389,2022-03-04,2022-03-11,CUST-8700,Neha Kapoor,31.0,Female,Consumer,East,Odisha,Office Supplies,Labels,Shipping Labels,271.93,5,0.3,37.79
ORD-104390,2022-09-02,2022-09-04,CUST-4586,Rahul Singh,36.0,Male,Home Office,West,Rajasthan,Office Supplies,Binders,3-Ring Binder,223.01,5,0.3,2.55
ORD-104391,2023-09-28,2023-10-04,CUST-4652,Sanjay Sharma,22.0,Male,Consumer,Central,Chhattisgarh,Technology,Machines,Label Maker,262.36,1,0.15,60.63
ORD-104392,2023-12-19,2023-12-20,CUST-4147,Amit Singh,19.0,Male,Corporate,South,Kerala,Furniture,Furnishings,Table Lamp,550.96,6,0.1,177.54
ORD-104393,2022-03-05,2022-03-06,CUST-6893,Aditya Sharma,25.0,Male,Consumer,North,Uttar Pradesh,Office Supplies,Labels,Shipping Labels,197.97,4,0.0,84.7
ORD-104394,2024-11-28,2024-11-29,CUST-4586,Rahul Singh,37.0,Male,Home Office,East,West Bengal,Office Supplies,Envelopes,Window Envelopes,285.13,5,0.0,114.79
ORD-104395,2024-08-20,2024-08-24,CUST-6490,Suresh Rao,,Male,Consumer,East,Odisha,Office Supplies,Paper,Notebook Set,50.28,5,0.2,5.45
ORD-104396,2022-12-09,2022-12-10,CUST-4055,Anjali Verma,42.0,Female,Home Office,South,Telangana,Office Supplies,Binders,3-Ring Binder,119.84,7,0.3,13.23
ORD-104397,2022-04-15,2022-04-18,CUST-7945,Suresh Iyer,31.0,Male,Home Office,East,West Bengal,Office Supplies,Paper,Sticky Notes Pack,278.61,5,0.0,62.91
ORD-104398,2022-08-13,2022-08-18,CUST-3851,Nikhil Mehta,40.0,Male,Consumer,West,Gujarat,Office Supplies,Labels,Shipping Labels,467.23,7,0.0,178.16
ORD-104399,2022-06-17,2022-06-24,CUST-2069,Karan Reddy,,Male,Corporate,East,Odisha,Office Supplies,Binders,3-Ring Binder,62.22,2,0.15,11.73
ORD-104400,2022-06-12,2022-06-13,CUST-9463,Isha Iyer,18.0,Female,Consumer,West,Gujarat,Office Supplies,Binders,3-Ring Binder,260.31,5,0.3,32.72
ORD-104401,2023-09-02,2023-09-08,CUST-5767,Anita Mehta,32.0,Female,Corporate,North,Haryana,Office Supplies,Art,Sketch Pad,294.49,7,0.1,102.64
ORD-104402,2022-11-04,2022-11-10,CUST-6490,Suresh Rao,23.0,Male,Consumer,South,Kerala,Furniture,Furnishings,Table Lamp,1750.4,6,0.1,575.14
ORD-104403,2023-02-04,2023-02-05,CUST-6490,Suresh Rao,23.0,Male,Consumer,South,Telangana,Office Supplies,Paper,Sticky Notes Pack,380.17,5,0.2,20.6
ORD-104404,2024-12-25,2024-12-26,CUST-2633,Manish Iyer,46.0,Male,Consumer,West,Maharashtra,Furniture,Tables,Oak Dining Table,559.17,2,0.15,102.94
ORD-104405,2024-01-25,2024-01-28,CUST-6042,Ritu Nair,49.0,Female,Consumer,South,Tamil Nadu,Office Supplies,Storage,Storage Box Set,92.49,5,0.0,34.1
ORD-104406,2024-11-30,2024-12-01,CUST-6455,Sneha Reddy,27.0,Female,Home Office,East,Odisha,Technology,Machines,Label Maker,2774.35,7,0.1,456.43
ORD-104407,2022-07-07,2022-07-08,CUST-9942,Manish Reddy,31.0,Male,Consumer,East,Odisha,Office Supplies,Envelopes,Window Envelopes,117.91,3,0.3,-0.65
ORD-104408,2023-03-10,2023-03-15,CUST-6490,Suresh Rao,24.0,Male,Corporate,South,Kerala,Office Supplies,Art,Marker Set,125.45,6,0.0,35.08
ORD-104409,2023-10-12,2023-10-18,CUST-2633,Manish Iyer,46.0,Male,Consumer,East,Bihar,Office Supplies,Labels,Shipping Labels,147.71,6,0.3,3.38
ORD-104410,2022-04-15,2022-04-18,CUST-2747,Pooja Iyer,32.0,Female,Corporate,West,Rajasthan,Furniture,Tables,Adjustable Standing Desk,742.9,4,0.2,13.96
ORD-104411,2022-01-06,2022-01-12,CUST-6042,Ritu Nair,45.0,Female,Consumer,South,Telangana,Technology,Phones,Budget Smartphone S5,384.95,2,0.15,108.53
ORD-104412,2024-01-06,2024-01-09,CUST-9942,Manish Reddy,30.0,Male,Consumer,South,Karnataka,Furniture,Bookcases,Ladder Bookshelf,1017.55,2,0.2,248.5
ORD-104413,2023-12-17,2023-12-23,CUST-7988,Aditya Joshi,50.0,Male,Consumer,West,Gujarat,Technology,Phones,Cordless Landline,558.23,4,0.0,134.95
ORD-104414,2023-04-16,2023-04-17,CUST-6880,Aditya Patel,32.0,Male,Home Office,North,Delhi,Furniture,Furnishings,Curtain Set,1412.07,6,0.0,526.25
ORD-104415,2023-07-26,2023-08-01,CUST-2993,Manish Reddy,33.0,Male,Corporate,East,Odisha,Office Supplies,Labels,Address Labels,37.17,3,0.0,9.54
ORD-104416,2023-04-22,2023-04-28,CUST-5569,Pooja Nair,,Female,Consumer,Central,Madhya Pradesh,Office Supplies,Envelopes,Window Envelopes,101.17,2,0.0,
ORD-104417,2022-02-03,2022-02-06,CUST-1898,Kavita Kapoor,,Female,Consumer,North,Uttar Pradesh,Furniture,Tables,Round Side Table,752.3,5,0.15,125.38
ORD-104418,2023-01-04,2023-01-11,CUST-6455,Sneha Reddy,29.0,Female,Corporate,South,Telangana,Office Supplies,Paper,Sticky Notes Pack,175.8,3,0.0,39.05
ORD-104419,2022-08-22,2022-08-24,CUST-1209,Sneha Patel,56.0,Female,Corporate,North,Delhi,Furniture,Bookcases,Ladder Bookshelf,2333.28,4,0.0,534.76
ORD-104420,2022-05-12,2022-05-15,CUST-2993,Manish Reddy,34.0,Male,Consumer,South,Karnataka,Technology,Machines,Label Maker,316.35,6,0.0,137.68
ORD-104421,2024-12-05,2024-12-08,CUST-2294,Nikhil Joshi,44.0,Male,Corporate,West,Rajasthan,Furniture,Tables,Glass Coffee Table,519.56,4,0.15,140.63
ORD-104422,2023-11-19,2023-11-22,CUST-3677,Arjun Iyer,22.0,Male,Corporate,West,Maharashtra,Technology,Copiers,Office Copier 200,6291.01,7,0.15,427.0
ORD-104423,2024-03-26,2024-03-30,CUST-1587,Anita Gupta,36.0,Female,Corporate,West,Rajasthan,Office Supplies,Binders,3-Ring Binder,161.89,5,0.15,29.37
ORD-104424,2022-12-21,2022-12-28,CUST-5745,Meera Singh,18.0,Female,Home Office,East,Bihar,Office Supplies,Binders,View Binder,57.1,1,0.2,10.33
ORD-104425,2023-03-24,2023-03-28,CUST-7934,Vikram Verma,30.0,Male,Home Office,West,Maharashtra,Office Supplies,Binders,View Binder,19.87,3,0.0,5.63
ORD-104426,2022-10-27,2022-10-31,CUST-2633,Manish Iyer,47.0,Male,Home Office,West,Gujarat,Furniture,Bookcases,5-Shelf Bookcase,2153.29,7,0.1,414.54
ORD-104427,2022-05-10,2022-05-13,CUST-8115,Nikhil Kapoor,18.0,Male,Home Office,Central,Chhattisgarh,Office Supplies,Binders,View Binder,282.13,6,0.2,30.77
ORD-104428,2022-08-25,2022-08-27,CUST-6042,Neha Verma,37.0,Female,Consumer,East,Odisha,Technology,Copiers,Compact Copier,446.38,1,0.0,171.38
ORD-104429,2024-06-21,2024-06-24,CUST-1340,Divya Singh,23.0,Female,Consumer,Central,Chhattisgarh,Furniture,Chairs,Recliner Lounge Chair,1565.57,3,0.15,91.31
ORD-104430,2024-01-16,2024-01-17,CUST-2127,Anjali Joshi,69.0,Female,Corporate,South,Kerala,Office Supplies,Binders,Clip Binder,56.37,2,0.3,-0.7
ORD-104431,2023-10-04,2023-10-06,CUST-2633,Manish Iyer,46.0,Male,Consumer,Central,Madhya Pradesh,Office Supplies,Binders,3-Ring Binder,74.21,2,0.0,31.99
ORD-104432,2023-07-06,2023-07-10,CUST-2069,Karan Reddy,27.0,Male,Consumer,North,Delhi,Office Supplies,Labels,Shipping Labels,370.05,7,0.0,122.42
ORD-104433,2024-11-11,2024-11-17,CUST-8115,Nikhil Kapoor,18.0,Male,Corporate,Central,Madhya Pradesh,Technology,Accessories,Webcam HD,956.92,4,0.0,427.69
ORD-104434,2022-04-10,2022-04-16,CUST-7076,Rahul Verma,63.0,Male,Consumer,Central,Chhattisgarh,Furniture,Tables,Round Side Table,249.79,2,0.0,51.52
ORD-104435,2022-11-29,2022-12-06,CUST-9985,Amit Joshi,32.0,Male,Consumer,East,Bihar,Furniture,Bookcases,Ladder Bookshelf,3195.51,6,0.2,740.79
ORD-104436,2023-01-24,2023-01-29,CUST-1010,Ritu Iyer,18.0,Female,Home Office,East,West Bengal,Office Supplies,Art,Sketch Pad,366.17,5,0.0,103.57
ORD-104437,2024-06-02,2024-06-09,CUST-7891,Neha Joshi,18.0,Female,Consumer,West,Gujarat,Technology,Copiers,Compact Copier,1538.19,7,0.2,28.96
ORD-104438,2024-12-27,2024-12-29,CUST-4861,Rahul Joshi,48.0,Male,Corporate,West,Maharashtra,Office Supplies,Binders,3-Ring Binder,183.63,5,0.3,-8.62
ORD-104439,2022-10-31,2022-11-04,CUST-4055,Anjali Verma,43.0,Female,Home Office,North,Punjab,Office Supplies,Envelopes,Window Envelopes,97.01,5,0.0,40.45
ORD-104440,2024-09-27,2024-09-29,CUST-1626,Ritu Iyer,30.0,Female,Consumer,South,Telangana,Furniture,Chairs,Executive Leather Chair,434.56,1,0.1,59.14
ORD-104441,2024-08-05,2024-08-07,CUST-3630,Meera Iyer,27.0,Female,Consumer,East,West Bengal,Furniture,Tables,Oak Dining Table,1097.33,2,0.15,59.37
ORD-104442,2022-10-15,2022-10-21,CUST-5663,Rohan Verma,29.0,Male,Consumer,East,Odisha,Office Supplies,Envelopes,Mailing Envelopes,50.35,6,0.0,16.24
ORD-104443,2023-04-01,2023-04-04,CUST-7895,Shreya Verma,42.0,Female,Corporate,South,Telangana,Furniture,Tables,Adjustable Standing Desk,752.83,2,0.15,132.22
ORD-104444,2023-04-14,2023-04-15,CUST-4444,Manish Kapoor,45.0,Male,Corporate,North,Delhi,Office Supplies,Art,Marker Set,12.61,1,0.4,-1.18
ORD-104445,2024-12-18,2024-12-23,CUST-4777,Vikram Nair,26.0,Male,Consumer,East,West Bengal,Technology,Machines,Label Maker,1448.27,2,0.1,345.78
ORD-104446,2022-08-27,2022-08-31,CUST-3629,Isha Sharma,34.0,Female,Corporate,South,Tamil Nadu,Office Supplies,Paper,Notebook Set,118.55,2,0.15,13.07
ORD-104447,2024-06-24,2024-06-26,CUST-3314,Arjun Rao,19.0,Male,Corporate,South,Tamil Nadu,Furniture,Furnishings,Wall Clock,2057.6,7,0.1,625.17
ORD-104448,2023-01-02,2023-01-07,CUST-9432,Meera Joshi,19.0,Female,Corporate,North,Uttar Pradesh,Technology,Accessories,Wireless Mouse,3621.77,7,0.0,1349.06
ORD-104449,2024-03-29,2024-03-31,CUST-5997,Anjali Nair,34.0,Female,Corporate,East,Odisha,Furniture,Bookcases,5-Shelf Bookcase,1282.44,5,,458.24
ORD-104450,2023-04-28,2023-05-04,CUST-6019,Manish Rao,46.0,Male,Home Office,West,Rajasthan,Office Supplies,Envelopes,Window Envelopes,317.78,7,0.0,84.51
ORD-104451,2023-11-03,2023-11-04,CUST-3981,Sneha Kapoor,57.0,Female,Home Office,Central,Madhya Pradesh,Office Supplies,Art,Colored Pencils,109.91,2,0.4,-16.4
ORD-104452,2024-08-08,2024-08-14,CUST-3677,Arjun Iyer,21.0,Male,Consumer,East,Odisha,Office Supplies,Labels,Address Labels,179.22,4,0.0,45.93
ORD-104453,2024-06-30,2024-07-05,CUST-7988,Aditya Joshi,52.0,Male,Consumer,Central,Chhattisgarh,Furniture,Furnishings,Curtain Set,3217.42,7,0.2,649.92
ORD-104454,2024-09-18,2024-09-22,CUST-2245,Arjun Iyer,18.0,Male,Corporate,East,Odisha,Office Supplies,Art,Sketch Pad,98.71,2,0.15,13.49
ORD-104455,2022-03-24,2022-03-26,CUST-6613,Ritu Patel,42.0,Female,Corporate,East,Bihar,Office Supplies,Paper,Notebook Set,75.51,4,0.2,1.91
ORD-104456,2024-02-05,2024-02-06,CUST-3981,Sneha Kapoor,59.0,Female,Consumer,East,Bihar,Furniture,Bookcases,5-Shelf Bookcase,1713.01,4,0.0,588.15
ORD-104457,2022-07-04,2022-07-10,CUST-6042,Neha Verma,38.0,Female,Home Office,North,Haryana,Office Supplies,Envelopes,Window Envelopes,262.4,5,0.1,74.63
ORD-104458,2023-04-22,2023-04-27,CUST-7988,Aditya Joshi,51.0,Male,Consumer,West,Gujarat,Technology,Accessories,Webcam HD,207.32,4,0.15,61.67
ORD-104459,2023-10-06,2023-10-12,CUST-8757,Priya Verma,24.0,Female,Consumer,South,Tamil Nadu,Office Supplies,Paper,A4 Copy Paper Ream,69.69,4,0.1,20.75
ORD-104460,2023-04-06,2023-04-08,CUST-5541,Nikhil Nair,31.0,Male,Consumer,South,Tamil Nadu,Technology,Copiers,Compact Copier,2149.92,7,0.2,201.47
ORD-104461,2023-09-03,2023-09-05,CUST-5235,Arjun Gupta,31.0,Male,Corporate,Central,Madhya Pradesh,Office Supplies,Paper,Sticky Notes Pack,191.49,6,0.4,3.01
ORD-104462,2024-12-29,2025-01-02,CUST-9912,Manish Patel,50.0,Male,Consumer,West,Rajasthan,Office Supplies,Art,Colored Pencils,39.23,3,0.4,-3.32
ORD-104463,2022-06-27,2022-06-28,CUST-8501,Sneha Singh,21.0,Female,Corporate,West,Maharashtra,Technology,Machines,Label Maker,659.59,6,0.0,282.17
ORD-104464,2024-01-13,2024-01-16,CUST-5997,Anjali Nair,32.0,Female,Home Office,West,Rajasthan,Technology,Machines,Laser Printer,3041.97,6,0.1,451.46
ORD-104465,2023-03-28,2023-04-03,CUST-5235,Arjun Gupta,33.0,Male,Consumer,North,Haryana,Office Supplies,Envelopes,Window Envelopes,54.12,5,0.15,7.06
ORD-104466,2022-06-25,2022-06-27,CUST-2294,Nikhil Joshi,44.0,Male,Consumer,South,Telangana,Office Supplies,Labels,Address Labels,215.86,6,0.15,61.78
ORD-104467,2022-07-29,2022-08-03,CUST-9432,Meera Joshi,18.0,Female,Consumer,South,Tamil Nadu,Office Supplies,Paper,A4 Copy Paper Ream,229.61,3,0.2,13.35
ORD-104468,2024-12-01,2024-12-07,CUST-6042,Ritu Nair,49.0,Female,Consumer,North,Punjab,Technology,Copiers,Compact Copier,1610.72,2,0.1,477.71
ORD-104469,2024-10-03,2024-10-07,CUST-8641,Shreya Mehta,25.0,Female,Consumer,West,Maharashtra,Office Supplies,Envelopes,Window Envelopes,30.97,1,0.15,7.55
ORD-104470,2024-10-30,2024-11-03,CUST-6042,Ritu Nair,46.0,Female,Consumer,North,Uttar Pradesh,Technology,Accessories,Wireless Mouse,5006.05,6,0.3,-410.95
ORD-104471,2024-12-26,2024-12-28,CUST-3412,Kavita Sharma,18.0,Female,Corporate,South,Karnataka,Furniture,Tables,Glass Coffee Table,1118.79,4,0.2,17.3
ORD-104472,2022-09-28,2022-09-30,CUST-3394,Pooja Sharma,26.0,Female,Consumer,West,Maharashtra,Technology,Accessories,USB-C Hub,2416.1,3,0.0,1062.01
ORD-104473,2023-01-31,2023-02-02,CUST-4659,Aditya Sharma,30.0,Male,Home Office,South,Karnataka,Office Supplies,Binders,3-Ring Binder,232.5,4,0.0,65.38
ORD-104474,2024-01-05,2024-01-12,CUST-5997,Anjali Nair,31.0,Female,Home Office,West,Maharashtra,Technology,Phones,Cordless Landline,4292.88,5,0.15,
ORD-104475,2023-07-18,2023-07-21,CUST-4974,Isha Rao,40.0,Female,Corporate,North,Delhi,Furniture,Chairs,Executive Leather Chair,1541.25,5,0.0,356.9
ORD-104476,2023-04-26,2023-04-28,CUST-2536,Rohan Patel,34.0,Male,Consumer,South,Karnataka,Technology,Copiers,Compact Copier,1758.44,5,0.1,388.4
ORD-104477,2023-02-04,2023-02-10,CUST-4777,Vikram Nair,26.0,Male,Corporate,North,Uttar Pradesh,Technology,Accessories,Wireless Mouse,641.82,3,0.2,115.44
ORD-104478,2023-11-15,2023-11-21,CUST-2245,Arjun Iyer,18.0,Male,Consumer,West,Gujarat,Office Supplies,Envelopes,Window Envelopes,443.14,6,0.1,75.13
ORD-104479,2023-11-01,2023-11-08,CUST-6042,Ritu Nair,45.0,Female,Corporate,South,Karnataka,Furniture,Tables,Adjustable Standing Desk,674.26,4,0.15,176.67
ORD-104480,2022-08-02,2022-08-09,CUST-4974,Isha Rao,44.0,Female,Corporate,North,Punjab,Technology,Machines,Laser Printer,1886.08,3,0.15,146.35
ORD-104481,2023-07-02,2023-07-03,CUST-3359,Meera Kapoor,32.0,Female,Consumer,South,Tamil Nadu,Furniture,Furnishings,Curtain Set,839.85,2,0.2,162.71
ORD-104482,2023-10-11,2023-10-16,CUST-5035,Nikhil Iyer,39.0,Male,Consumer,North,Haryana,Furniture,Bookcases,Corner Bookcase,691.97,4,0.2,71.53
ORD-104483,2023-10-27,2023-10-29,CUST-6042,Ritu Nair,45.0,Female,Consumer,South,Telangana,Furniture,Furnishings,Curtain Set,708.67,4,0.2,99.97
ORD-104484,2022-09-30,2022-10-06,CUST-3221,Divya Verma,48.0,Female,Consumer,East,Bihar,Office Supplies,Binders,View Binder,161.17,3,0.15,8.88
ORD-104485,2024-04-13,2024-04-20,CUST-2979,Rohan Verma,49.0,Male,Corporate,North,Uttar Pradesh,Furniture,Furnishings,Curtain Set,1505.87,5,0.2,259.74
ORD-104486,2022-02-04,2022-02-10,CUST-2216,Divya Gupta,23.0,Female,Consumer,West,Maharashtra,Office Supplies,Envelopes,Mailing Envelopes,137.18,7,,30.61
ORD-104487,2023-01-30,2023-02-05,CUST-4504,Meera Mehta,44.0,Female,Consumer,Central,Chhattisgarh,Furniture,Furnishings,Wall Clock,1898.18,4,0.2,389.96
ORD-104488,2024-05-30,2024-06-06,CUST-4926,Anjali Kapoor,18.0,Female,Consumer,North,Punjab,Technology,Accessories,Mechanical Keyboard,3151.71,5,0.0,780.72
ORD-104489,2023-10-21,2023-10-24,CUST-3394,Pooja Sharma,27.0,Female,Corporate,East,West Bengal,Office Supplies,Binders,View Binder,468.61,7,0.2,61.11
ORD-104490,2022-11-15,2022-11-22,CUST-5035,Nikhil Iyer,39.0,Male,Home Office,South,Telangana,Office Supplies,Labels,Address Labels,139.52,2,0.3,16.76
ORD-104491,2024-02-09,2024-02-16,CUST-4756,Aditya Kapoor,54.0,Male,Corporate,South,Karnataka,Furniture,Bookcases,Ladder Bookshelf,2311.76,4,0.1,673.22
ORD-104492,2023-10-25,2023-10-30,CUST-6243,Kavita Sharma,37.0,Female,Consumer,North,Punjab,Furniture,Chairs,Recliner Lounge Chair,283.91,1,0.1,40.77
ORD-104493,2024-06-20,2024-06-27,CUST-5694,Anita Kapoor,18.0,Female,Consumer,North,Uttar Pradesh,Technology,Machines,3D Printer Mini,361.25,2,0.15,49.54
ORD-104494,2024-04-04,2024-04-08,CUST-5035,Nikhil Iyer,35.0,Male,Consumer,North,Uttar Pradesh,Office Supplies,Art,Colored Pencils,196.26,7,0.0,87.67
ORD-104495,2023-11-27,2023-12-04,CUST-3359,Meera Kapoor,32.0,Female,Corporate,Central,Madhya Pradesh,Furniture,Furnishings,Area Rug,1092.87,2,0.0,393.73
ORD-104496,2023-07-24,2023-07-30,CUST-5953,Isha Rao,21.0,Female,Home Office,East,Bihar,Office Supplies,Labels,Shipping Labels,237.32,4,0.15,37.51
ORD-104497,2022-06-25,2022-06-27,CUST-2979,Rohan Verma,45.0,Male,Corporate,South,Karnataka,Office Supplies,Labels,Address Labels,220.96,6,0.2,47.89
ORD-104498,2022-11-15,2022-11-21,CUST-4299,Karan Patel,18.0,Male,Corporate,East,Odisha,Technology,Copiers,Compact Copier,1186.33,6,0.3,-91.31
ORD-104499,2023-04-27,2023-05-02,CUST-2143,Manish Verma,19.0,Male,Consumer,East,Odisha,Office Supplies,Binders,3-Ring Binder,33.63,1,0.2,0.62
ORD-104500,2023-11-19,2023-11-23,CUST-9067,Divya Sharma,34.0,Female,Consumer,Central,Madhya Pradesh,Office Supplies,Envelopes,Mailing Envelopes,43.42,2,0.0,16.67
ORD-104501,2023-08-27,2023-09-03,CUST-1161,Shreya Joshi,51.0,Female,Corporate,Central,Madhya Pradesh,Office Supplies,Binders,Clip Binder,39.83,1,0.0,15.49
ORD-104502,2022-12-04,2022-12-07,CUST-1172,Nikhil Gupta,45.0,Male,Consumer,South,Karnataka,Furniture,Chairs,Foldable Study Chair,2399.72,4,0.1,681.07
ORD-104503,2022-01-09,2022-01-10,CUST-3863,Nikhil Rao,44.0,Male,Corporate,South,Telangana,Technology,Accessories,USB-C Hub,198.53,2,0.2,0.76
ORD-104504,2023-08-04,2023-08-11,CUST-1103,Amit Sharma,36.0,Male,Consumer,South,Kerala,Office Supplies,Binders,Clip Binder,79.84,4,0.15,19.38
ORD-104505,2022-12-03,2022-12-05,CUST-6243,Kavita Sharma,36.0,Female,Consumer,South,Kerala,Technology,Machines,Label Maker,5802.38,7,0.15,649.6
ORD-104506,2024-04-03,2024-04-04,CUST-2536,Rohan Patel,30.0,Male,Consumer,West,Maharashtra,Technology,Copiers,Compact Copier,5319.89,6,0.0,1454.3
ORD-104507,2022-02-02,2022-02-05,CUST-4302,Amit Verma,18.0,Male,Consumer,Central,Madhya Pradesh,Office Supplies,Art,Marker Set,138.01,4,0.4,2.35
ORD-104508,2023-11-08,2023-11-13,CUST-7373,Meera Gupta,39.0,Female,Home Office,Central,Madhya Pradesh,Office Supplies,Storage,Desk Organizer,66.28,2,0.0,13.41
ORD-104509,2024-11-25,2024-11-30,CUST-1161,Shreya Joshi,52.0,Female,Consumer,Central,Madhya Pradesh,Office Supplies,Labels,Shipping Labels,42.75,1,0.4,-1.96
ORD-104510,2022-08-19,2022-08-22,CUST-5953,Isha Rao,20.0,Female,Consumer,East,West Bengal,Office Supplies,Art,Sketch Pad,38.84,1,0.3,5.1
ORD-104511,2023-07-02,2023-07-08,CUST-3221,Divya Verma,48.0,Female,Consumer,West,Maharashtra,Furniture,Chairs,Foldable Study Chair,397.76,1,0.0,93.63
ORD-104512,2022-05-03,2022-05-06,CUST-3394,Pooja Sharma,29.0,Female,Consumer,North,Uttar Pradesh,Technology,Copiers,Office Copier 200,431.1,2,0.15,87.04
ORD-104513,2023-12-07,2023-12-14,CUST-3677,Arjun Iyer,22.0,Male,Home Office,North,Haryana,Technology,Phones,Smartphone X12,3144.01,5,0.15,940.92
ORD-104514,2023-10-08,2023-10-10,CUST-3677,Arjun Iyer,21.0,Male,Consumer,West,Maharashtra,Furniture,Chairs,Executive Leather Chair,2103.6,7,0.1,681.45
ORD-104515,2023-04-12,2023-04-16,CUST-9584,Divya Verma,24.0,Female,Home Office,West,Maharashtra,Office Supplies,Paper,Notebook Set,286.1,7,0.2,7.73
ORD-104516,2023-09-05,2023-09-12,CUST-8154,Priya Singh,37.0,Female,Consumer,West,Maharashtra,Office Supplies,Paper,Sticky Notes Pack,75.56,5,0.0,31.17
ORD-104517,2024-10-20,2024-10-27,CUST-4302,Amit Verma,18.0,Male,Consumer,West,Gujarat,Office Supplies,Paper,Sticky Notes Pack,65.31,1,0.4,-1.92
ORD-104518,2022-09-14,2022-09-21,CUST-3677,Arjun Iyer,20.0,Male,Consumer,Central,Madhya Pradesh,Technology,Copiers,Compact Copier,2041.3,6,0.1,445.76
ORD-104519,2022-01-31,2022-02-01,CUST-9067,Divya Sharma,31.0,Female,Consumer,South,Kerala,Technology,Accessories,Mechanical Keyboard,1841.33,4,0.1,604.91
ORD-104520,2024-09-13,2024-09-14,CUST-4141,Meera Gupta,41.0,Female,Consumer,Central,Madhya Pradesh,Office Supplies,Binders,3-Ring Binder,138.27,2,0.0,38.44
ORD-104521,2023-11-03,2023-11-08,CUST-4940,Pooja Sharma,53.0,Female,Consumer,West,Maharashtra,Office Supplies,Storage,Storage Box Set,10.79,1,0.0,4.46
ORD-104522,2024-10-14,2024-10-21,CUST-3012,Pooja Kapoor,27.0,Female,Home Office,North,Haryana,Technology,Machines,3D Printer Mini,1799.58,3,0.15,290.02
ORD-104523,2023-11-17,2023-11-23,CUST-1345,Kavita Kapoor,48.0,Female,Corporate,West,Gujarat,Technology,Accessories,Mechanical Keyboard,3998.69,6,0.2,736.68
ORD-104524,2024-07-08,2024-07-13,CUST-3863,Nikhil Rao,40.0,Male,Consumer,Central,Madhya Pradesh,Furniture,Bookcases,Corner Bookcase,1098.51,5,0.15,218.91
ORD-104525,2023-05-10,2023-05-12,CUST-9388,Rahul Kapoor,21.0,Male,Corporate,West,Maharashtra,Technology,Accessories,Webcam HD,2532.3,3,0.1,876.79
ORD-104526,2024-04-23,2024-04-26,CUST-3131,Sneha Reddy,58.0,Female,Corporate,West,Gujarat,Office Supplies,Binders,Clip Binder,51.35,2,0.1,15.08
ORD-104527,2024-11-04,2024-11-05,CUST-6023,Manish Gupta,40.0,Male,Consumer,South,Kerala,Office Supplies,Binders,View Binder,131.36,5,0.1,28.03
ORD-104528,2023-10-29,2023-11-05,CUST-6023,Manish Gupta,42.0,Male,Consumer,South,Karnataka,Technology,Phones,Budget Smartphone S5,2327.85,4,0.0,827.65
ORD-104529,2022-08-27,2022-08-29,CUST-4151,Vivek Gupta,18.0,Male,Consumer,East,Odisha,Office Supplies,Storage,File Cabinet,169.52,4,0.0,63.97
ORD-104530,2022-11-21,2022-11-26,CUST-7241,Isha Singh,46.0,Female,Consumer,South,Tamil Nadu,Technology,Machines,3D Printer Mini,585.21,1,0.15,55.56
ORD-104531,2022-09-17,2022-09-22,CUST-2493,Arjun Sharma,42.0,Male,Consumer,West,Gujarat,Technology,Phones,Smartphone X12,4938.39,7,0.0,1488.96
ORD-104532,2022-11-05,2022-11-06,CUST-3012,Pooja Kapoor,29.0,Female,Consumer,South,Telangana,Furniture,Bookcases,Corner Bookcase,970.94,4,0.2,55.85
ORD-104533,2022-12-15,2022-12-20,CUST-2493,Arjun Sharma,42.0,Male,Corporate,East,Bihar,Furniture,Chairs,Foldable Study Chair,808.24,2,0.0,245.35
ORD-104534,2023-10-12,2023-10-18,CUST-6585,Pooja Verma,48.0,Female,Corporate,North,Punjab,Furniture,Furnishings,Table Lamp,343.83,1,0.2,45.75
ORD-104535,2023-11-10,2023-11-15,CUST-9067,Divya Sharma,31.0,Female,Consumer,Central,Madhya Pradesh,Office Supplies,Labels,Address Labels,67.72,3,0.15,5.76
ORD-104536,2023-05-06,2023-05-10,CUST-9220,Divya Mehta,18.0,Female,Consumer,East,West Bengal,Furniture,Bookcases,5-Shelf Bookcase,168.07,1,0.15,9.13
ORD-104537,2023-12-01,2023-12-04,CUST-9388,Rahul Kapoor,20.0,Male,Consumer,South,Kerala,Furniture,Furnishings,Wall Clock,2990.39,5,0.0,1183.36
ORD-104538,2022-04-21,2022-04-26,CUST-8154,Priya Singh,,Female,Home Office,Central,Chhattisgarh,Furniture,Tables,Glass Coffee Table,1242.38,4,0.2,7.45
ORD-104539,2022-04-29,2022-05-03,CUST-9388,Rahul Kapoor,22.0,Male,Corporate,Central,Chhattisgarh,Technology,Machines,Label Maker,4658.99,7,0.15,476.71
ORD-104540,2022-08-15,2022-08-17,CUST-8154,Priya Singh,36.0,Female,Corporate,South,Karnataka,Office Supplies,Art,Colored Pencils,32.09,6,0.2,6.39
ORD-104541,2023-09-01,2023-09-06,CUST-9067,Divya Sharma,32.0,Female,Consumer,North,Haryana,Office Supplies,Art,Colored Pencils,119.85,2,0.0,30.63
ORD-104542,2022-10-04,2022-10-10,CUST-1268,Amit Singh,45.0,Male,Consumer,East,West Bengal,Technology,Machines,Label Maker,228.82,1,0.0,96.84
ORD-104543,2022-12-01,2022-12-03,CUST-2493,Arjun Sharma,40.0,Male,Home Office,South,Telangana,Technology,Phones,Cordless Landline,741.56,1,0.0,268.91
ORD-104544,2023-04-02,2023-04-09,CUST-2536,Rohan Patel,30.0,Male,Consumer,West,Rajasthan,Technology,Phones,Budget Smartphone S5,110.09,1,0.1,31.49
ORD-104545,2024-07-11,2024-07-16,CUST-3357,Anita Singh,24.0,Female,Corporate,South,Kerala,Technology,Copiers,Office Copier 200,2645.69,5,0.0,1122.28
ORD-104546,2022-01-20,2022-01-21,CUST-9538,Rahul Nair,44.0,Male,Corporate,Central,Madhya Pradesh,Furniture,Furnishings,Wall Clock,260.15,1,0.3,12.26
ORD-104547,2023-12-21,2023-12-25,CUST-6585,Pooja Verma,49.0,Female,Consumer,South,Kerala,Office Supplies,Paper,Notebook Set,73.03,1,0.0,30.03
ORD-104548,2024-01-04,2024-01-08,CUST-3357,Anita Singh,23.0,Female,Consumer,South,Telangana,Technology,Phones,Smartphone X12,2647.96,7,0.0,1117.0
ORD-104549,2024-06-23,2024-06-24,CUST-4390,Anjali Gupta,22.0,Female,Consumer,Central,Chhattisgarh,Technology,Accessories,Wireless Mouse,1188.1,4,0.15,340.31
ORD-104550,2024-11-18,2024-11-21,CUST-3109,Rahul Rao,27.0,Male,Consumer,Central,Madhya Pradesh,Technology,Machines,3D Printer Mini,551.17,1,0.2,50.6
ORD-104551,2022-01-28,2022-02-04,CUST-1853,Shreya Iyer,30.0,Female,Consumer,South,Tamil Nadu,Office Supplies,Envelopes,Mailing Envelopes,420.46,6,0.1,120.24
ORD-104552,2022-07-23,2022-07-29,CUST-1933,Suresh Singh,37.0,Male,Corporate,Central,Madhya Pradesh,Office Supplies,Envelopes,Window Envelopes,137.8,2,0.4,1.67
ORD-104553,2024-10-10,2024-10-14,CUST-9139,Rohan Mehta,21.0,Male,Corporate,North,Haryana,Office Supplies,Paper,A4 Copy Paper Ream,176.2,3,0.0,60.36
ORD-104554,2023-06-15,2023-06-17,CUST-6665,Vivek Patel,32.0,Male,Corporate,Central,Madhya Pradesh,Furniture,Chairs,Foldable Study Chair,286.37,2,0.0,62.8
ORD-104555,2023-10-22,2023-10-28,CUST-9607,Ritu Patel,40.0,Female,Home Office,South,Tamil Nadu,Office Supplies,Envelopes,Mailing Envelopes,66.0,5,0.1,10.64
ORD-104556,2023-12-30,2024-01-03,CUST-6436,Arjun Kapoor,45.0,Male,Consumer,Central,Madhya Pradesh,Furniture,Chairs,Executive Leather Chair,459.55,1,0.2,102.9
ORD-104557,2024-01-18,2024-01-25,CUST-1853,Shreya Iyer,31.0,Female,Home Office,North,Punjab,Office Supplies,Binders,3-Ring Binder,32.47,1,0.1,8.77
ORD-104558,2024-11-18,2024-11-21,CUST-3669,Vivek Verma,45.0,Male,Consumer,East,Odisha,Office Supplies,Envelopes,Mailing Envelopes,409.55,6,0.15,117.1
ORD-104559,2024-12-30,2025-01-06,CUST-3109,Rahul Rao,29.0,Male,Consumer,South,Tamil Nadu,Furniture,Chairs,Executive Leather Chair,622.92,3,0.4,-68.82
ORD-104560,2024-03-15,2024-03-17,CUST-1982,Vivek Sharma,21.0,Male,Consumer,West,Rajasthan,Furniture,Furnishings,Wall Clock,1648.15,6,0.0,331.96
ORD-104561,2022-12-04,2022-12-11,CUST-9607,Ritu Patel,41.0,Female,Corporate,North,Punjab,Office Supplies,Storage,File Cabinet,270.37,4,0.15,74.09
ORD-104562,2024-10-03,2024-10-09,CUST-1712,Sanjay Patel,37.0,Male,Consumer,South,Kerala,Office Supplies,Binders,Clip Binder,14.85,2,0.1,2.55
ORD-104563,2022-03-10,2022-03-12,CUST-9329,Aditya Patel,34.0,Male,Consumer,West,Gujarat,Office Supplies,Art,Marker Set,50.01,5,0.15,8.19
ORD-104564,2022-10-21,2022-10-22,CUST-2396,Vikram Rao,51.0,Male,Consumer,West,Maharashtra,Furniture,Bookcases,5-Shelf Bookcase,826.79,6,0.1,148.24
ORD-104565,2024-10-21,2024-10-26,CUST-8603,Rohan Mehta,37.0,Male,Home Office,West,Maharashtra,Furniture,Chairs,Executive Leather Chair,2700.78,5,0.0,563.57
ORD-104566,2022-11-11,2022-11-12,CUST-2693,Vikram Rao,57.0,Male,Consumer,South,Kerala,Office Supplies,Art,Marker Set,107.02,4,0.1,30.1
ORD-104567,2022-10-11,2022-10-17,CUST-6226,Vikram Iyer,46.0,Male,Home Office,North,Delhi,Office Supplies,Storage,Desk Organizer,195.24,3,0.2,
ORD-104568,2022-07-01,2022-07-06,CUST-1925,Rahul Kapoor,49.0,Male,Consumer,North,Punjab,Technology,Copiers,Office Copier 200,770.8,2,0.2,85.16
ORD-104569,2024-09-10,2024-09-11,CUST-8154,Priya Singh,37.0,Female,Consumer,West,Gujarat,Office Supplies,Storage,Storage Box Set,253.64,6,,59.94
ORD-104570,2023-08-09,2023-08-14,CUST-1853,Shreya Iyer,31.0,Female,Consumer,North,Delhi,Technology,Machines,Laser Printer,6024.41,7,0.0,1780.85
ORD-104571,2024-01-12,2024-01-16,CUST-2779,Priya Singh,27.0,Female,Consumer,Central,Madhya Pradesh,Office Supplies,Storage,File Cabinet,131.55,7,0.0,51.43
ORD-104572,2022-10-29,2022-11-05,CUST-2985,Divya Iyer,25.0,Female,Consumer,North,Punjab,Furniture,Chairs,Foldable Study Chair,1155.09,6,0.3,25.44
ORD-104573,2024-05-03,2024-05-05,CUST-2499,Vivek Iyer,51.0,Male,Home Office,Central,Chhattisgarh,Office Supplies,Paper,Sticky Notes Pack,39.33,1,0.1,12.71
ORD-104574,2024-05-06,2024-05-11,CUST-9329,Aditya Patel,33.0,Male,Home Office,Central,Madhya Pradesh,Technology,Copiers,Office Copier 200,1453.87,7,0.2,211.23
ORD-104575,2022-12-19,2022-12-23,CUST-4951,Meera Joshi,26.0,Female,Home Office,North,Haryana,Office Supplies,Binders,Clip Binder,366.49,7,0.0,130.12
ORD-104576,2023-04-16,2023-04-23,CUST-4951,Meera Joshi,27.0,Female,Home Office,North,Delhi,Furniture,Furnishings,Table Lamp,1129.38,3,0.3,
ORD-104577,2022-09-30,2022-10-07,CUST-5199,Manish Nair,18.0,Male,Home Office,South,Tamil Nadu,Office Supplies,Paper,Sticky Notes Pack,352.53,7,0.2,84.83
ORD-104578,2024-12-17,2024-12-20,CUST-5631,Arjun Joshi,48.0,Male,Home Office,Central,Chhattisgarh,Technology,Copiers,Office Copier 200,1390.89,6,0.15,207.06
ORD-104579,2023-12-19,2023-12-20,CUST-4966,Rohan Patel,49.0,Male,Consumer,West,Maharashtra,Office Supplies,Storage,Storage Box Set,223.39,5,0.15,48.74
ORD-104580,2024-11-20,2024-11-23,CUST-8602,Neha Joshi,42.0,Female,Home Office,East,Bihar,Furniture,Tables,Glass Coffee Table,3534.72,6,0.2,803.53
ORD-104581,2022-12-13,2022-12-19,CUST-3819,Nikhil Mehta,35.0,Male,Consumer,East,Odisha,Office Supplies,Storage,Desk Organizer,260.21,6,0.2,30.04
ORD-104582,2024-06-01,2024-06-05,CUST-3819,Nikhil Mehta,39.0,Male,Consumer,East,Bihar,Furniture,Bookcases,Ladder Bookshelf,1617.97,4,0.3,199.67
ORD-104583,2024-05-13,2024-05-16,CUST-9887,Sneha Rao,39.0,Female,Consumer,East,West Bengal,Furniture,Chairs,Foldable Study Chair,1229.78,3,0.0,339.31
ORD-104584,2024-02-05,2024-02-08,CUST-5474,Isha Patel,36.0,Female,Corporate,East,West Bengal,Office Supplies,Envelopes,Window Envelopes,10.65,2,0.2,0.51
ORD-104585,2024-12-11,2024-12-18,CUST-3819,Nikhil Mehta,36.0,Male,Home Office,North,Delhi,Furniture,Bookcases,Ladder Bookshelf,2876.86,7,0.2,272.83
ORD-104586,2023-03-25,2023-03-29,CUST-7749,Shreya Iyer,22.0,Female,Corporate,East,Bihar,Technology,Copiers,Office Copier 200,1140.57,4,0.2,135.49
ORD-104587,2022-06-22,2022-06-29,CUST-9017,Meera Kapoor,30.0,Female,Corporate,East,Odisha,Office Supplies,Binders,Clip Binder,324.55,7,0.4,14.34
ORD-104588,2024-01-08,2024-01-10,CUST-1217,Anjali Rao,51.0,Female,Consumer,West,Gujarat,Technology,Phones,Smartphone X12,890.51,1,0.2,79.19
ORD-104589,2024-03-27,2024-04-01,CUST-8487,Rohan Singh,47.0,Male,Corporate,North,Punjab,Office Supplies,Art,Colored Pencils,393.09,5,0.0,106.11
ORD-104590,2023-11-01,2023-11-07,CUST-9538,Rahul Nair,40.0,Male,Consumer,North,Uttar Pradesh,Office Supplies,Binders,Clip Binder,298.28,5,0.15,26.97
ORD-104591,2022-09-27,2022-10-03,CUST-8602,Neha Joshi,44.0,Female,Consumer,North,Punjab,Office Supplies,Binders,View Binder,75.42,3,0.0,32.05
ORD-104592,2023-08-15,2023-08-16,CUST-5336,Priya Patel,47.0,Female,Consumer,East,West Bengal,Furniture,Tables,Adjustable Standing Desk,524.13,2,0.2,12.48
ORD-104593,2022-12-19,2022-12-26,CUST-7166,Anjali Joshi,40.0,Female,Consumer,North,Delhi,Office Supplies,Paper,Sticky Notes Pack,165.68,3,0.1,48.13
ORD-104594,2023-05-07,2023-05-12,CUST-3646,Meera Patel,29.0,Female,Consumer,East,West Bengal,Office Supplies,Storage,File Cabinet,113.3,4,0.15,19.97
ORD-104595,2023-12-19,2023-12-20,CUST-7936,Vikram Rao,18.0,Male,Consumer,North,Punjab,Technology,Copiers,Office Copier 200,857.76,5,0.0,375.72
ORD-104596,2024-04-17,2024-04-23,CUST-8002,Kavita Gupta,18.0,Female,Consumer,Central,Madhya Pradesh,Furniture,Chairs,Ergo Mesh Office Chair,395.41,1,0.1,101.06
ORD-104597,2022-10-22,2022-10-27,CUST-3646,Meera Patel,28.0,Female,Consumer,West,Rajasthan,Technology,Copiers,Office Copier 200,528.29,1,0.1,110.65
ORD-104598,2023-04-09,2023-04-12,CUST-1588,Arjun Singh,38.0,Male,Consumer,East,Odisha,Technology,Phones,Budget Smartphone S5,2969.05,7,0.0,664.82
ORD-104599,2022-11-21,2022-11-23,CUST-9329,Aditya Patel,33.0,Male,Corporate,East,Bihar,Furniture,Bookcases,Corner Bookcase,722.42,3,0.2,106.82
ORD-104600,2022-09-17,2022-09-20,CUST-5474,Isha Patel,38.0,Female,Consumer,South,Telangana,Technology,Copiers,Office Copier 200,2564.96,6,0.1,841.49
ORD-104601,2024-06-03,2024-06-05,CUST-9329,Aditya Patel,33.0,Male,Consumer,West,Rajasthan,Furniture,Chairs,Ergo Mesh Office Chair,1866.41,6,0.0,837.79
ORD-104602,2024-11-01,2024-11-08,CUST-6620,Nikhil Kapoor,21.0,Male,Consumer,Central,Chhattisgarh,Furniture,Chairs,Ergo Mesh Office Chair,2294.27,5,0.2,401.71
ORD-104603,2023-02-22,2023-02-26,CUST-3506,Anita Iyer,42.0,Female,Consumer,South,Tamil Nadu,Technology,Copiers,Office Copier 200,5262.93,7,0.2,551.13
ORD-104604,2024-04-25,2024-04-26,CUST-9549,Meera Iyer,42.0,Female,Corporate,West,Maharashtra,Furniture,Furnishings,Wall Clock,375.43,2,0.3,8.1
ORD-104605,2024-10-20,2024-10-21,CUST-8566,Pooja Sharma,18.0,Female,Consumer,South,Tamil Nadu,Furniture,Chairs,Recliner Lounge Chair,1318.98,3,0.0,374.3
ORD-104606,2024-08-25,2024-08-29,CUST-5336,Priya Patel,48.0,Female,Consumer,East,Bihar,Furniture,Tables,Adjustable Standing Desk,556.79,2,0.0,162.61
ORD-104607,2022-08-30,2022-09-04,CUST-3109,Rahul Rao,27.0,Male,Consumer,South,Kerala,Office Supplies,Binders,3-Ring Binder,303.53,7,0.0,100.3
ORD-104608,2024-12-05,2024-12-09,CUST-5474,Isha Patel,37.0,Female,Home Office,West,Rajasthan,Furniture,Furnishings,Wall Clock,4105.43,7,0.15,775.92
ORD-104609,2023-03-03,2023-03-10,CUST-9329,Aditya Patel,33.0,Male,Consumer,West,Rajasthan,Furniture,Bookcases,5-Shelf Bookcase,1706.86,5,0.1,452.0
ORD-104610,2023-01-09,2023-01-15,CUST-2354,Aditya Rao,18.0,Male,Corporate,Central,Madhya Pradesh,Technology,Machines,Laser Printer,1042.65,4,0.15,282.4
ORD-104611,2022-03-27,2022-03-31,CUST-9209,Vikram Joshi,39.0,Male,Consumer,West,Maharashtra,Technology,Accessories,Wireless Mouse,671.02,3,0.0,266.73
ORD-104612,2023-07-22,2023-07-24,CUST-7599,Amit Joshi,25.0,Male,Corporate,North,Haryana,Furniture,Chairs,Ergo Mesh Office Chair,3286.45,6,0.1,434.97
ORD-104613,2022-05-25,2022-05-31,CUST-9017,Meera Kapoor,31.0,Female,Corporate,Central,Chhattisgarh,Office Supplies,Envelopes,Mailing Envelopes,236.6,3,0.1,34.37
ORD-104614,2022-11-06,2022-11-10,CUST-5750,Anita Joshi,33.0,Female,Corporate,South,Kerala,Technology,Phones,Smartphone X12,886.14,6,0.2,96.15
ORD-104615,2022-12-22,2022-12-23,CUST-2065,Karan Rao,43.0,Male,Home Office,West,Maharashtra,Office Supplies,Labels,Shipping Labels,237.15,5,0.15,47.75
ORD-104616,2024-07-06,2024-07-09,CUST-7589,Priya Singh,24.0,Female,Home Office,West,Rajasthan,Furniture,Tables,Glass Coffee Table,1186.98,3,0.1,156.43
ORD-104617,2024-09-29,2024-10-01,CUST-1557,Priya Joshi,38.0,Female,Consumer,North,Delhi,Furniture,Bookcases,Corner Bookcase,421.08,4,0.1,63.79
ORD-104618,2022-12-13,2022-12-20,CUST-6522,Aditya Gupta,21.0,Male,Consumer,West,Gujarat,Office Supplies,Labels,Address Labels,91.83,6,0.2,1.9
ORD-104619,2024-09-09,2024-09-11,CUST-3671,Vivek Kapoor,31.0,Male,Consumer,East,Odisha,Office Supplies,Envelopes,Mailing Envelopes,141.01,2,0.2,9.21
ORD-104620,2024-09-08,2024-09-13,CUST-1557,Priya Joshi,38.0,Female,Consumer,North,Haryana,Technology,Machines,Laser Printer,277.03,2,0.0,124.49
ORD-104621,2024-05-11,2024-05-14,CUST-5750,Anita Joshi,33.0,Female,Home Office,South,Telangana,Office Supplies,Envelopes,Window Envelopes,29.53,2,0.0,6.32
ORD-104622,2022-07-13,2022-07-15,CUST-2208,Isha Nair,50.0,Female,Home Office,East,Bihar,Technology,Phones,Budget Smartphone S5,5214.28,7,0.1,613.74
ORD-104623,2024-02-03,2024-02-07,CUST-7599,Amit Joshi,26.0,Male,Home Office,North,Punjab,Office Supplies,Art,Marker Set,121.87,2,0.4,-6.73
ORD-104624,2024-11-27,2024-11-29,CUST-5750,Anita Joshi,33.0,Female,Consumer,North,Haryana,Technology,Accessories,USB-C Hub,1662.49,4,0.0,340.16
ORD-104625,2024-01-23,2024-01-25,CUST-9209,Vikram Joshi,36.0,Male,Corporate,East,Bihar,Office Supplies,Envelopes,Window Envelopes,154.22,3,0.3,16.16
ORD-104626,2022-12-31,2023-01-02,CUST-7162,Sanjay Rao,35.0,Male,Corporate,South,Telangana,Furniture,Bookcases,Ladder Bookshelf,830.15,4,0.15,164.35
ORD-104627,2023-08-10,2023-08-15,CUST-5962,Rahul Sharma,34.0,Male,Consumer,West,Maharashtra,Office Supplies,Envelopes,Mailing Envelopes,40.74,2,0.15,7.26
ORD-104628,2023-12-19,2023-12-21,CUST-4670,Rahul Sharma,20.0,Male,Corporate,Central,Chhattisgarh,Office Supplies,Art,Sketch Pad,34.3,3,0.0,11.17
ORD-104629,2023-08-23,2023-08-25,CUST-4222,Karan Gupta,46.0,Male,Home Office,West,Gujarat,Furniture,Furnishings,Table Lamp,419.83,1,0.1,108.19
ORD-104630,2022-06-08,2022-06-13,CUST-2354,Aditya Rao,19.0,Male,Home Office,East,Odisha,Technology,Accessories,Mechanical Keyboard,1623.39,5,0.2,88.66
ORD-104631,2022-12-19,2022-12-25,CUST-5841,Priya Singh,33.0,Female,Consumer,West,Maharashtra,Furniture,Furnishings,Table Lamp,509.07,3,0.0,196.57
ORD-104632,2024-06-28,2024-07-01,CUST-1788,Nikhil Reddy,35.0,Male,Home Office,East,Bihar,Technology,Phones,Budget Smartphone S5,2549.08,5,0.15,306.06
ORD-104633,2024-09-12,2024-09-19,CUST-2014,Suresh Sharma,30.0,Male,Consumer,East,West Bengal,Office Supplies,Labels,Address Labels,146.18,7,0.2,28.47
ORD-104634,2022-06-30,2022-07-06,CUST-3952,Amit Kapoor,54.0,Male,Consumer,South,Karnataka,Furniture,Chairs,Foldable Study Chair,598.15,1,0.0,259.89
ORD-104635,2024-12-02,2024-12-03,CUST-7471,Manish Rao,28.0,Male,Consumer,South,Telangana,Technology,Accessories,Webcam HD,552.64,5,0.0,190.13
ORD-104636,2022-12-29,2023-01-03,CUST-9549,Meera Iyer,42.0,Female,Corporate,West,Rajasthan,Office Supplies,Labels,Shipping Labels,124.26,3,0.1,26.68
ORD-104637,2023-12-29,2024-01-03,CUST-2258,Priya Kapoor,33.0,Female,Home Office,North,Uttar Pradesh,Office Supplies,Envelopes,Window Envelopes,64.99,1,0.0,17.02
ORD-104638,2024-04-25,2024-04-27,CUST-4824,Karan Joshi,46.0,Male,Consumer,West,Maharashtra,Office Supplies,Storage,Storage Box Set,268.56,4,0.0,56.06
ORD-104639,2024-07-11,2024-07-13,CUST-1626,Isha Iyer,60.0,Female,Consumer,North,Uttar Pradesh,Furniture,Bookcases,5-Shelf Bookcase,1326.41,3,0.0,291.51
ORD-104640,2024-11-28,2024-12-05,CUST-7471,Manish Rao,25.0,Male,Consumer,Central,Madhya Pradesh,Furniture,Bookcases,Corner Bookcase,865.63,4,0.1,94.17
ORD-104641,2022-12-19,2022-12-20,CUST-5336,Priya Patel,45.0,Female,Home Office,West,Maharashtra,Office Supplies,Labels,Shipping Labels,133.81,5,0.3,2.97
ORD-104642,2024-09-09,2024-09-11,CUST-5751,Aditya Iyer,34.0,Male,Corporate,North,Punjab,Furniture,Chairs,Ergo Mesh Office Chair,145.61,1,0.3,11.67
ORD-104643,2022-06-23,2022-06-27,CUST-7588,Amit Sharma,35.0,Male,Consumer,East,West Bengal,Office Supplies,Paper,A4 Copy Paper Ream,465.97,6,0.0,200.3
ORD-104644,2024-02-24,2024-02-26,CUST-8566,Pooja Sharma,18.0,Female,Corporate,East,Odisha,Office Supplies,Labels,Shipping Labels,267.78,6,0.1,38.02
ORD-104645,2024-04-13,2024-04-15,CUST-3976,Manish Kapoor,51.0,Male,Consumer,North,Delhi,Office Supplies,Binders,3-Ring Binder,462.43,7,0.15,45.8
ORD-104646,2024-01-16,2024-01-20,CUST-4670,Rahul Sharma,23.0,Male,Consumer,South,Telangana,Furniture,Bookcases,Corner Bookcase,724.82,5,0.0,212.02
ORD-104647,2022-11-09,2022-11-10,CUST-7589,Priya Singh,21.0,Female,Home Office,South,Karnataka,Office Supplies,Envelopes,Window Envelopes,212.33,6,0.4,-11.18
ORD-104648,2024-09-26,2024-09-30,CUST-7311,Ritu Rao,50.0,Female,Corporate,Central,Chhattisgarh,Office Supplies,Storage,File Cabinet,16.29,1,0.1,3.19
ORD-104649,2022-08-12,2022-08-17,CUST-3216,Anita Iyer,29.0,Female,Corporate,East,Bihar,Office Supplies,Labels,Shipping Labels,61.46,2,0.1,18.66
ORD-104650,2022-03-16,2022-03-20,CUST-5751,Aditya Iyer,31.0,Male,Consumer,South,Tamil Nadu,Office Supplies,Binders,Clip Binder,380.54,7,0.0,152.07
ORD-104651,2024-03-12,2024-03-15,CUST-5336,Priya Patel,45.0,Female,Consumer,North,Uttar Pradesh,Technology,Copiers,Office Copier 200,669.82,3,,-73.19
ORD-104652,2023-07-07,2023-07-12,CUST-2258,Priya Kapoor,31.0,Female,Corporate,South,Tamil Nadu,Office Supplies,Paper,A4 Copy Paper Ream,203.89,5,0.0,65.33
ORD-104653,2024-08-29,2024-08-31,CUST-7718,Karan Nair,44.0,Male,Corporate,West,Gujarat,Furniture,Tables,Round Side Table,2531.6,6,0.1,326.84
ORD-104654,2023-03-12,2023-03-19,CUST-7288,Kavita Patel,40.0,Female,Home Office,North,Delhi,Technology,Phones,Budget Smartphone S5,1961.64,3,0.2,94.1
ORD-104655,2022-08-11,2022-08-16,CUST-3926,Divya Mehta,42.0,Female,Consumer,West,Maharashtra,Office Supplies,Envelopes,Window Envelopes,193.18,4,0.3,9.31
ORD-104656,2024-08-13,2024-08-14,CUST-2004,Meera Joshi,47.0,Female,Corporate,South,Karnataka,Office Supplies,Storage,Desk Organizer,28.4,1,0.0,8.92
ORD-104657,2023-10-06,2023-10-07,CUST-6427,Rohan Rao,18.0,Male,Consumer,South,Tamil Nadu,Furniture,Chairs,Recliner Lounge Chair,1441.07,5,0.2,108.46
ORD-104658,2022-09-06,2022-09-10,CUST-4824,Karan Joshi,45.0,Male,Consumer,Central,Madhya Pradesh,Office Supplies,Binders,Clip Binder,275.51,6,0.0,116.5
ORD-104659,2024-03-16,2024-03-21,CUST-1557,Priya Joshi,39.0,Female,Consumer,West,Gujarat,Furniture,Bookcases,Ladder Bookshelf,2929.71,6,0.1,426.26
ORD-104660,2023-08-23,2023-08-25,CUST-6985,Pooja Mehta,36.0,Female,Consumer,Central,Madhya Pradesh,Office Supplies,Storage,File Cabinet,346.11,6,0.0,108.32
ORD-104661,2023-11-22,2023-11-23,CUST-5751,Aditya Iyer,30.0,Male,Consumer,West,Gujarat,Furniture,Tables,Adjustable Standing Desk,3277.29,6,0.3,-22.76
ORD-104662,2023-06-18,2023-06-24,CUST-6939,Rahul Sharma,30.0,Male,Consumer,Central,Madhya Pradesh,Technology,Accessories,Webcam HD,1748.74,2,0.2,328.92
ORD-104663,2024-08-03,2024-08-05,CUST-3926,Divya Mehta,42.0,Female,Consumer,South,Kerala,Furniture,Chairs,Executive Leather Chair,371.87,1,0.0,156.32
ORD-104664,2024-08-04,2024-08-10,CUST-5216,Karan Iyer,35.0,Male,Corporate,West,Rajasthan,Office Supplies,Envelopes,Mailing Envelopes,50.15,1,0.0,19.02
ORD-104665,2024-03-01,2024-03-04,CUST-8894,Neha Mehta,42.0,Female,Consumer,West,Gujarat,Office Supplies,Paper,Notebook Set,355.42,5,0.15,65.47
ORD-104666,2022-05-21,2022-05-27,CUST-9770,Pooja Sharma,36.0,Female,Consumer,West,Maharashtra,Office Supplies,Art,Marker Set,11.93,1,0.2,1.24
ORD-104667,2024-08-16,2024-08-17,CUST-7589,Priya Singh,22.0,Female,Consumer,Central,Madhya Pradesh,Office Supplies,Paper,Sticky Notes Pack,223.09,3,0.0,50.48
ORD-104668,2024-01-07,2024-01-11,CUST-4295,Kavita Gupta,32.0,Female,Home Office,Central,Chhattisgarh,Technology,Phones,Budget Smartphone S5,765.43,5,0.3,13.79
ORD-104669,2024-02-13,2024-02-16,CUST-5241,Isha Iyer,38.0,Female,Corporate,North,Delhi,Office Supplies,Binders,3-Ring Binder,272.8,4,0.0,110.62
ORD-104670,2023-02-11,2023-02-16,CUST-5413,Anita Nair,21.0,Female,Consumer,South,Tamil Nadu,Office Supplies,Paper,Sticky Notes Pack,300.01,4,0.0,124.39
ORD-104671,2024-10-03,2024-10-05,CUST-2926,Sanjay Singh,43.0,Male,Home Office,West,Gujarat,Furniture,Chairs,Ergo Mesh Office Chair,610.16,6,0.15,165.08
ORD-104672,2024-03-22,2024-03-23,CUST-8894,Neha Mehta,40.0,Female,Consumer,West,Gujarat,Office Supplies,Paper,Sticky Notes Pack,103.75,3,0.1,34.88
ORD-104673,2022-05-29,2022-06-01,CUST-8345,Pooja Rao,26.0,Female,Corporate,East,Odisha,Technology,Phones,Budget Smartphone S5,601.19,4,0.0,249.11
ORD-104674,2023-04-12,2023-04-15,CUST-5018,Priya Sharma,38.0,Female,Corporate,North,Uttar Pradesh,Office Supplies,Binders,Clip Binder,95.14,2,0.15,21.56
ORD-104675,2024-10-10,2024-10-11,CUST-8345,Pooja Rao,28.0,Female,Consumer,South,Tamil Nadu,Technology,Accessories,Mechanical Keyboard,2056.97,6,0.0,742.7
ORD-104676,2022-03-08,2022-03-13,CUST-8523,Amit Iyer,35.0,Male,Consumer,Central,Chhattisgarh,Office Supplies,Envelopes,Window Envelopes,152.78,3,0.3,-2.08
ORD-104677,2024-12-08,2024-12-13,CUST-1634,Anjali Singh,19.0,Female,Consumer,West,Maharashtra,Furniture,Chairs,Foldable Study Chair,2832.34,5,0.0,723.87
ORD-104678,2024-01-18,2024-01-22,CUST-4670,Rahul Sharma,24.0,Male,Consumer,North,Punjab,Furniture,Furnishings,Table Lamp,1112.99,6,0.3,-60.7
ORD-104679,2023-12-10,2023-12-17,CUST-6939,Rahul Sharma,32.0,Male,Consumer,Central,Chhattisgarh,Furniture,Chairs,Foldable Study Chair,160.05,1,0.3,17.51
ORD-104680,2022-11-22,2022-11-28,CUST-5739,Manish Iyer,25.0,Male,Corporate,East,West Bengal,Office Supplies,Storage,Desk Organizer,328.37,6,0.0,132.45
ORD-104681,2022-11-06,2022-11-11,CUST-4606,Karan Joshi,33.0,Male,Consumer,North,Haryana,Office Supplies,Art,Colored Pencils,35.8,3,0.0,14.5
ORD-104682,2024-11-25,2024-11-29,CUST-5739,Manish Iyer,29.0,Male,Consumer,West,Maharashtra,Furniture,Bookcases,5-Shelf Bookcase,520.62,4,0.0,183.4
ORD-104683,2022-12-10,2022-12-16,CUST-5225,Neha Nair,34.0,Female,Consumer,South,Kerala,Office Supplies,Paper,Notebook Set,326.77,5,0.0,79.9
ORD-104684,2024-05-24,2024-05-27,CUST-4606,Karan Joshi,34.0,Male,Consumer,South,Kerala,Office Supplies,Binders,View Binder,63.64,2,0.15,7.71
ORD-104685,2023-03-24,2023-03-25,CUST-8503,Amit Nair,23.0,Male,Consumer,North,Delhi,Technology,Phones,Smartphone X12,1663.61,5,0.2,413.56
ORD-104686,2022-07-03,2022-07-08,CUST-4824,Karan Joshi,46.0,Male,Home Office,West,Maharashtra,Office Supplies,Storage,Storage Box Set,226.21,5,0.1,35.13
ORD-104687,2022-01-15,2022-01-19,CUST-5225,Neha Nair,33.0,Female,Consumer,Central,Madhya Pradesh,Technology,Phones,Budget Smartphone S5,2335.51,4,0.15,126.03
ORD-104688,2023-10-01,2023-10-04,CUST-6427,Rohan Rao,18.0,Male,Consumer,Central,Madhya Pradesh,Office Supplies,Labels,Address Labels,68.81,3,0.15,8.32
ORD-104689,2024-12-17,2024-12-22,CUST-4606,Karan Joshi,30.0,Male,Home Office,West,Gujarat,Furniture,Tables,Glass Coffee Table,639.58,3,0.2,61.0
ORD-104690,2023-02-20,2023-02-22,CUST-1536,Anjali Singh,23.0,Female,Consumer,East,Odisha,Technology,Copiers,Compact Copier,255.55,1,0.1,39.48
ORD-104691,2023-02-03,2023-02-10,CUST-7175,Karan Patel,38.0,Male,Consumer,North,Uttar Pradesh,Furniture,Chairs,Ergo Mesh Office Chair,1018.41,7,0.4,-111.1
ORD-104692,2023-01-16,2023-01-19,CUST-6806,Kavita Gupta,30.0,Female,Consumer,West,Rajasthan,Office Supplies,Labels,Address Labels,186.47,6,0.1,60.72
ORD-104693,2023-09-04,2023-09-09,CUST-5345,Ritu Rao,24.0,Female,Consumer,North,Punjab,Office Supplies,Paper,Notebook Set,109.82,2,0.2,16.43
ORD-104694,2023-05-23,2023-05-26,CUST-9329,Suresh Gupta,25.0,Male,Corporate,North,Delhi,Office Supplies,Labels,Address Labels,69.55,1,0.1,11.44
ORD-104695,2024-10-03,2024-10-04,CUST-2926,Sanjay Singh,43.0,Male,Consumer,East,Bihar,Technology,Accessories,USB-C Hub,1420.2,2,0.3,171.81
ORD-104696,2023-08-16,2023-08-17,CUST-5569,Neha Joshi,26.0,Female,Consumer,South,Karnataka,Office Supplies,Envelopes,Mailing Envelopes,137.52,4,0.0,42.55
ORD-104697,2023-08-19,2023-08-26,CUST-7527,Divya Joshi,38.0,Female,Consumer,South,Kerala,Technology,Accessories,Wireless Mouse,2411.45,3,0.3,233.66
ORD-104698,2022-07-02,2022-07-03,CUST-6587,Neha Verma,52.0,Female,Corporate,South,Telangana,Furniture,Tables,Adjustable Standing Desk,470.2,1,0.2,30.68
ORD-104699,2024-12-21,2024-12-27,CUST-2926,Sanjay Singh,42.0,Male,Consumer,West,Maharashtra,Office Supplies,Binders,3-Ring Binder,73.94,2,0.1,18.99
ORD-104700,2022-11-07,2022-11-09,CUST-9329,Suresh Gupta,26.0,Male,Consumer,Central,Madhya Pradesh,Furniture,Furnishings,Area Rug,3038.88,6,0.0,903.06
ORD-104701,2022-04-10,2022-04-11,CUST-2635,Arjun Mehta,35.0,Male,Consumer,North,Uttar Pradesh,Furniture,Chairs,Executive Leather Chair,321.41,4,0.15,59.68
ORD-104702,2023-12-30,2024-01-01,CUST-1588,Shreya Iyer,47.0,Female,Consumer,South,Telangana,Furniture,Chairs,Foldable Study Chair,243.93,3,0.4,-27.5
ORD-104703,2023-11-16,2023-11-17,CUST-6775,Priya Singh,37.0,Female,Corporate,East,West Bengal,Technology,Phones,Budget Smartphone S5,382.82,1,0.2,22.64
ORD-104704,2023-04-22,2023-04-28,CUST-1833,Aditya Kapoor,29.0,Male,Consumer,South,Karnataka,Furniture,Chairs,Recliner Lounge Chair,203.83,1,0.15,45.41
ORD-104705,2023-05-01,2023-05-04,CUST-8894,Neha Mehta,42.0,Female,Home Office,South,Tamil Nadu,Technology,Machines,Label Maker,2600.61,4,0.2,335.95
ORD-104706,2024-06-05,2024-06-10,CUST-4606,Karan Joshi,31.0,Male,Corporate,Central,Chhattisgarh,Technology,Accessories,Mechanical Keyboard,1720.17,3,0.1,563.76
ORD-104707,2022-09-14,2022-09-19,CUST-2635,Arjun Mehta,37.0,Male,Corporate,West,Maharashtra,Office Supplies,Art,Marker Set,57.54,2,0.1,15.94
ORD-104708,2024-07-22,2024-07-23,CUST-4606,Karan Joshi,33.0,Male,Home Office,South,Karnataka,Furniture,Tables,Glass Coffee Table,474.83,1,0.15,107.57
ORD-104709,2023-12-21,2023-12-26,CUST-2926,Sanjay Singh,42.0,Male,Home Office,North,Punjab,Office Supplies,Paper,Notebook Set,231.5,4,0.0,78.97
ORD-104710,2023-04-26,2023-04-27,CUST-1739,Manish Kapoor,29.0,Male,Home Office,East,West Bengal,Office Supplies,Paper,A4 Copy Paper Ream,43.63,4,0.15,5.77
ORD-104711,2023-06-14,2023-06-15,CUST-7987,Aditya Sharma,19.0,Male,Consumer,North,Delhi,Technology,Machines,Label Maker,837.92,1,0.1,278.02
ORD-104712,2022-11-12,2022-11-19,CUST-1634,Anjali Singh,18.0,Female,Consumer,Central,Madhya Pradesh,Office Supplies,Paper,Notebook Set,283.09,4,0.0,76.17
ORD-104713,2024-04-26,2024-04-30,CUST-1739,Manish Kapoor,27.0,Male,Consumer,West,Maharashtra,Furniture,Furnishings,Wall Clock,261.89,1,0.2,55.53
ORD-104714,2023-08-26,2023-08-30,CUST-6004,Rohan Gupta,38.0,Male,Corporate,East,Bihar,Technology,Copiers,Office Copier 200,1784.26,6,0.0,741.55
ORD-104715,2022-12-24,2022-12-31,CUST-4757,Divya Gupta,57.0,Female,Corporate,Central,Chhattisgarh,Technology,Accessories,USB-C Hub,217.62,2,0.0,94.71
ORD-104716,2023-11-16,2023-11-20,CUST-7987,Aditya Sharma,19.0,Male,Consumer,East,West Bengal,Furniture,Bookcases,5-Shelf Bookcase,689.56,3,,238.9
ORD-104717,2024-12-29,2024-12-31,CUST-4606,Karan Joshi,34.0,Male,Corporate,South,Karnataka,Office Supplies,Paper,Notebook Set,96.92,5,0.1,30.14
ORD-104718,2023-05-17,2023-05-21,CUST-4895,Kavita Rao,43.0,Female,Corporate,South,Kerala,Office Supplies,Labels,Shipping Labels,433.28,6,0.1,44.78
ORD-104719,2024-11-10,2024-11-11,CUST-5569,Neha Joshi,29.0,Female,Consumer,North,Uttar Pradesh,Furniture,Bookcases,5-Shelf Bookcase,788.33,2,0.1,188.7
ORD-104720,2023-01-17,2023-01-23,CUST-8569,Amit Kapoor,56.0,Male,Corporate,Central,Madhya Pradesh,Technology,Copiers,Compact Copier,2875.37,7,0.15,770.83
ORD-104721,2022-03-17,2022-03-23,CUST-5345,Ritu Rao,22.0,Female,Consumer,West,Maharashtra,Office Supplies,Art,Colored Pencils,250.58,4,0.2,55.72
ORD-104722,2022-09-24,2022-09-27,CUST-7519,Priya Patel,48.0,Female,Consumer,North,Delhi,Technology,Phones,Smartphone X12,2320.01,3,,675.76
ORD-104723,2023-04-26,2023-04-30,CUST-4606,Karan Joshi,30.0,Male,Corporate,North,Delhi,Technology,Phones,Smartphone X12,4862.31,6,0.3,509.77
ORD-104724,2022-10-10,2022-10-16,CUST-6775,Priya Singh,35.0,Female,Consumer,South,Karnataka,Office Supplies,Art,Marker Set,345.03,5,0.4,-28.66
ORD-104725,2022-01-01,2022-01-05,CUST-3550,Kavita Singh,50.0,Female,Corporate,South,Kerala,Office Supplies,Art,Colored Pencils,53.21,1,0.0,17.33
ORD-104726,2024-11-06,2024-11-09,CUST-7519,Priya Patel,45.0,Female,Consumer,West,Gujarat,Technology,Phones,Smartphone X12,1133.45,3,0.15,214.68
ORD-104727,2024-08-22,2024-08-28,CUST-2926,Sanjay Singh,44.0,Male,Corporate,North,Delhi,Office Supplies,Paper,Sticky Notes Pack,56.5,1,0.0,12.3
ORD-104728,2024-04-13,2024-04-14,CUST-6371,Nikhil Nair,28.0,Male,Corporate,South,Tamil Nadu,Technology,Accessories,Mechanical Keyboard,191.3,2,0.0,86.04
ORD-104729,2022-08-10,2022-08-12,CUST-3976,Manish Kapoor,54.0,Male,Corporate,North,Uttar Pradesh,Office Supplies,Paper,Sticky Notes Pack,222.0,3,0.0,62.3
ORD-104730,2022-06-08,2022-06-15,CUST-9553,Isha Sharma,22.0,Female,Consumer,East,Bihar,Technology,Accessories,Wireless Mouse,3733.58,6,0.0,859.0
ORD-104731,2022-04-03,2022-04-10,CUST-5088,Sanjay Rao,45.0,Male,Consumer,South,Tamil Nadu,Technology,Accessories,Wireless Mouse,1166.84,5,0.15,272.77
ORD-104732,2024-03-20,2024-03-27,CUST-3349,Shreya Nair,40.0,Female,Home Office,South,Karnataka,Furniture,Furnishings,Wall Clock,1261.73,6,0.0,252.81
ORD-104733,2024-11-16,2024-11-20,CUST-3976,Manish Kapoor,50.0,Male,Home Office,North,Haryana,Furniture,Bookcases,Ladder Bookshelf,814.9,3,0.1,136.96
ORD-104734,2023-05-11,2023-05-17,CUST-6808,Anita Singh,32.0,Female,Consumer,East,Odisha,Furniture,Bookcases,Ladder Bookshelf,1140.38,6,0.2,58.4
ORD-104735,2022-06-07,2022-06-13,CUST-7519,Priya Patel,49.0,Female,Corporate,South,Telangana,Office Supplies,Art,Colored Pencils,164.37,4,0.0,56.56
ORD-104736,2023-08-25,2023-08-28,CUST-6060,Suresh Verma,44.0,Male,Home Office,South,Karnataka,Furniture,Bookcases,Corner Bookcase,2891.43,5,0.15,600.06
ORD-104737,2023-01-22,2023-01-23,CUST-5797,Anjali Singh,36.0,Female,Corporate,North,Delhi,Technology,Machines,Label Maker,1950.04,5,0.2,1.16
ORD-104738,2023-02-28,2023-03-05,CUST-5797,Anjali Singh,38.0,Female,Home Office,East,Bihar,Office Supplies,Labels,Shipping Labels,34.2,1,0.2,2.32
ORD-104739,2023-12-04,2023-12-10,CUST-3550,Kavita Singh,50.0,Female,Consumer,South,Telangana,Furniture,Furnishings,Area Rug,1184.03,6,0.0,407.1
ORD-104740,2024-03-14,2024-03-16,CUST-3912,Pooja Reddy,51.0,Female,Consumer,Central,Chhattisgarh,Furniture,Tables,Adjustable Standing Desk,730.59,4,0.0,319.03
ORD-104741,2022-05-27,2022-05-30,CUST-5797,Anjali Singh,36.0,Female,Home Office,Central,Chhattisgarh,Technology,Machines,Laser Printer,3387.85,4,0.0,1001.72
ORD-104742,2022-02-20,2022-02-26,CUST-9170,Divya Nair,37.0,Female,Consumer,North,Delhi,Office Supplies,Paper,Notebook Set,284.9,7,0.1,61.92
ORD-104743,2024-12-28,2025-01-03,CUST-4606,Karan Joshi,33.0,Male,Home Office,South,Telangana,Furniture,Bookcases,Ladder Bookshelf,395.84,1,0.3,-1.01
ORD-104744,2022-10-23,2022-10-26,CUST-7775,Aditya Gupta,64.0,Male,Consumer,East,Odisha,Furniture,Furnishings,Table Lamp,1083.37,4,0.15,258.54
ORD-104745,2022-03-16,2022-03-19,CUST-6972,Anjali Patel,35.0,Female,Home Office,East,Odisha,Office Supplies,Labels,Address Labels,90.75,5,0.1,28.73
ORD-104746,2022-09-07,2022-09-11,CUST-9746,Manish Mehta,38.0,Male,Consumer,Central,Madhya Pradesh,Office Supplies,Binders,3-Ring Binder,79.1,2,0.2,7.1
ORD-104747,2022-02-24,2022-03-02,CUST-9746,Manish Mehta,36.0,Male,Home Office,South,Karnataka,Technology,Phones,Cordless Landline,2382.07,3,0.15,264.88
ORD-104748,2023-03-22,2023-03-27,CUST-4986,Shreya Rao,38.0,Female,Consumer,North,Delhi,Office Supplies,Storage,File Cabinet,151.1,2,0.3,6.08
ORD-104749,2024-06-28,2024-06-30,CUST-1634,Anjali Singh,19.0,Female,Consumer,West,Rajasthan,Office Supplies,Labels,Address Labels,142.6,2,0.15,19.79
ORD-104750,2023-01-12,2023-01-13,CUST-4606,Karan Joshi,30.0,Male,Consumer,Central,Madhya Pradesh,Furniture,Furnishings,Table Lamp,1244.39,3,0.3,139.79
ORD-104751,2023-05-27,2023-05-28,CUST-9003,Sanjay Iyer,22.0,Male,Consumer,South,Karnataka,Office Supplies,Labels,Address Labels,77.66,1,0.3,-5.53
ORD-104752,2024-01-13,2024-01-18,CUST-4986,Shreya Rao,35.0,Female,Consumer,North,Uttar Pradesh,Office Supplies,Binders,View Binder,88.58,5,0.1,28.33
ORD-104753,2023-08-21,2023-08-24,CUST-5817,Shreya Patel,18.0,Female,Home Office,West,Gujarat,Furniture,Bookcases,Ladder Bookshelf,267.0,1,0.1,46.85
ORD-104754,2024-09-12,2024-09-15,CUST-9753,Rahul Sharma,26.0,Male,Corporate,North,Haryana,Office Supplies,Storage,Storage Box Set,173.12,3,0.2,35.41
ORD-104755,2024-09-18,2024-09-21,CUST-1261,Vikram Reddy,42.0,Male,Corporate,West,Gujarat,Technology,Accessories,Wireless Mouse,2522.23,6,0.2,291.84
ORD-104756,2022-01-14,2022-01-20,CUST-1870,Divya Nair,31.0,Female,Home Office,West,Gujarat,Office Supplies,Paper,Notebook Set,262.24,6,0.2,15.28
ORD-104757,2024-05-28,2024-05-31,CUST-7987,Aditya Sharma,18.0,Male,Consumer,Central,Madhya Pradesh,Office Supplies,Art,Marker Set,161.42,7,0.2,8.17
ORD-104758,2023-06-18,2023-06-21,CUST-8256,Kavita Sharma,21.0,Female,Home Office,South,Karnataka,Office Supplies,Storage,File Cabinet,15.84,2,0.1,1.7
ORD-104759,2024-12-25,2024-12-31,CUST-3551,Sneha Gupta,28.0,Female,Home Office,Central,Madhya Pradesh,Office Supplies,Storage,File Cabinet,474.94,7,0.1,80.32
ORD-104760,2023-07-18,2023-07-24,CUST-9746,Manish Mehta,39.0,Male,Home Office,South,Karnataka,Office Supplies,Envelopes,Mailing Envelopes,334.83,6,0.0,126.82
ORD-104761,2024-12-24,2024-12-29,CUST-9746,Manish Mehta,37.0,Male,Corporate,South,Karnataka,Office Supplies,Binders,View Binder,14.08,1,0.15,2.0
ORD-104762,2024-04-29,2024-05-03,CUST-4582,Arjun Mehta,42.0,Male,Corporate,East,Bihar,Furniture,Tables,Round Side Table,1090.99,4,0.15,227.39
ORD-104763,2022-11-06,2022-11-12,CUST-1625,Anjali Patel,30.0,Female,Home Office,West,Maharashtra,Furniture,Furnishings,Wall Clock,1276.47,6,0.15,263.69
ORD-104764,2023-09-25,2023-09-27,CUST-3349,Shreya Nair,44.0,Female,Consumer,South,Kerala,Furniture,Tables,Oak Dining Table,1915.63,6,0.2,158.36
ORD-104765,2024-12-27,2024-12-30,CUST-3349,Shreya Nair,40.0,Female,Consumer,West,Rajasthan,Furniture,Tables,Glass Coffee Table,969.39,6,0.3,11.0
ORD-104766,2024-09-08,2024-09-12,CUST-2765,Neha Reddy,24.0,Female,Home Office,West,Gujarat,Furniture,Chairs,Foldable Study Chair,1322.78,3,0.3,-60.42
ORD-104767,2022-05-11,2022-05-12,CUST-7301,Suresh Singh,21.0,Male,Corporate,Central,Chhattisgarh,Office Supplies,Binders,3-Ring Binder,173.62,4,0.15,36.48
ORD-104768,2024-02-26,2024-03-02,CUST-3349,Shreya Nair,43.0,Female,Consumer,South,Tamil Nadu,Office Supplies,Storage,Storage Box Set,153.35,2,0.15,9.56
ORD-104769,2023-01-18,2023-01-22,CUST-4757,Divya Gupta,56.0,Female,Consumer,East,Bihar,Office Supplies,Storage,Storage Box Set,177.67,4,0.1,34.89
ORD-104770,2022-01-10,2022-01-16,CUST-9746,Manish Mehta,36.0,Male,Home Office,East,Odisha,Technology,Phones,Cordless Landline,5583.51,7,0.0,2420.99
ORD-104771,2023-04-06,2023-04-09,CUST-4606,Karan Joshi,31.0,Male,Consumer,East,Bihar,Furniture,Chairs,Foldable Study Chair,1410.3,6,0.0,441.32
ORD-104772,2022-10-25,2022-10-28,CUST-7417,Rahul Verma,28.0,Male,Consumer,North,Punjab,Technology,Machines,3D Printer Mini,708.94,5,0.0,241.29
ORD-104773,2024-07-20,2024-07-23,CUST-1172,Karan Reddy,34.0,Male,Corporate,South,Kerala,Office Supplies,Labels,Shipping Labels,6.32,1,0.15,0.33
ORD-104774,2023-01-06,2023-01-10,CUST-7519,Priya Patel,,Female,Consumer,Central,Chhattisgarh,Furniture,Tables,Adjustable Standing Desk,2624.3,6,0.1,624.91
ORD-104775,2024-08-01,2024-08-04,CUST-8932,Divya Iyer,23.0,Female,Consumer,East,Bihar,Furniture,Furnishings,Wall Clock,370.65,4,0.15,84.99
ORD-104776,2022-01-01,2022-01-07,CUST-9668,Rahul Reddy,44.0,Male,Consumer,Central,Madhya Pradesh,Office Supplies,Envelopes,Window Envelopes,152.62,3,0.0,49.26
ORD-104777,2022-12-16,2022-12-20,CUST-1591,Isha Patel,18.0,Female,Consumer,North,Delhi,Furniture,Furnishings,Table Lamp,1158.03,7,0.0,477.86
ORD-104778,2022-10-31,2022-11-03,CUST-1777,Meera Patel,36.0,Female,Consumer,North,Haryana,Technology,Accessories,Wireless Mouse,747.12,3,0.2,162.86
ORD-104779,2022-10-24,2022-10-25,CUST-6616,Neha Singh,51.0,Female,Consumer,West,Gujarat,Technology,Machines,3D Printer Mini,5010.49,6,0.0,2062.28
ORD-104780,2022-04-04,2022-04-05,CUST-1030,Arjun Joshi,33.0,Male,Corporate,West,Rajasthan,Technology,Copiers,Office Copier 200,286.86,4,0.0,
ORD-104781,2022-09-04,2022-09-06,CUST-7301,Suresh Singh,22.0,Male,Corporate,Central,Madhya Pradesh,Technology,Machines,3D Printer Mini,3897.08,6,0.1,1172.74
ORD-104782,2023-10-13,2023-10-16,CUST-8932,Divya Iyer,24.0,Female,Corporate,South,Tamil Nadu,Technology,Copiers,Office Copier 200,2794.4,4,0.1,574.15
ORD-104783,2022-12-06,2022-12-09,CUST-7293,Vivek Joshi,28.0,Male,Corporate,North,Delhi,Office Supplies,Storage,Desk Organizer,61.4,1,0.2,5.35
ORD-104784,2023-04-24,2023-04-28,CUST-2395,Sanjay Joshi,35.0,Male,Consumer,Central,Madhya Pradesh,Furniture,Furnishings,Area Rug,3319.13,6,0.2,57.45
ORD-104785,2023-03-03,2023-03-07,CUST-6429,Sanjay Sharma,38.0,Male,Corporate,Central,Madhya Pradesh,Technology,Copiers,Compact Copier,374.52,3,0.3,9.24
ORD-104786,2024-09-29,2024-10-06,CUST-1777,Meera Patel,35.0,Female,Consumer,East,Bihar,Furniture,Bookcases,Ladder Bookshelf,796.63,2,0.0,270.52
ORD-104787,2024-10-29,2024-11-01,CUST-6429,Sanjay Sharma,38.0,Male,Corporate,North,Punjab,Office Supplies,Art,Marker Set,161.7,3,0.3,23.31
ORD-104788,2023-07-31,2023-08-02,CUST-1591,Isha Patel,18.0,Female,Consumer,South,Kerala,Furniture,Chairs,Executive Leather Chair,2092.51,4,0.0,837.2
ORD-104789,2022-12-30,2023-01-02,CUST-3778,Suresh Gupta,30.0,Male,Consumer,West,Gujarat,Office Supplies,Storage,Desk Organizer,130.38,2,0.0,40.09
ORD-104790,2022-05-22,2022-05-28,CUST-1459,Pooja Patel,46.0,Female,Consumer,North,Haryana,Furniture,Furnishings,Curtain Set,545.17,1,0.1,126.3
ORD-104791,2024-12-03,2024-12-07,CUST-2684,Pooja Gupta,24.0,Female,Corporate,South,Kerala,Office Supplies,Envelopes,Mailing Envelopes,102.73,4,0.0,40.14
ORD-104792,2022-03-24,2022-03-27,CUST-8669,Amit Sharma,44.0,Male,Consumer,West,Maharashtra,Office Supplies,Binders,3-Ring Binder,46.89,1,0.3,1.79
ORD-104793,2022-12-10,2022-12-14,CUST-7263,Nikhil Patel,51.0,Male,Consumer,South,Telangana,Technology,Machines,Label Maker,698.37,2,0.0,309.78
ORD-104794,2022-12-10,2022-12-13,CUST-3063,Aditya Reddy,38.0,Male,Consumer,East,Bihar,Furniture,Tables,Round Side Table,320.5,1,0.0,70.3
ORD-104795,2022-12-24,2022-12-29,CUST-9102,Isha Patel,23.0,Female,Corporate,West,Gujarat,Technology,Machines,3D Printer Mini,955.26,3,0.1,108.39
ORD-104796,2022-08-06,2022-08-10,CUST-1591,Isha Patel,18.0,Female,Consumer,East,Odisha,Office Supplies,Art,Colored Pencils,29.03,1,0.0,7.33
ORD-104797,2024-06-03,2024-06-05,CUST-1777,Meera Patel,35.0,Female,Home Office,South,Karnataka,Technology,Copiers,Compact Copier,902.66,6,0.0,329.58
ORD-104798,2022-06-11,2022-06-16,CUST-8200,Meera Rao,32.0,Female,Corporate,West,Rajasthan,Office Supplies,Envelopes,Mailing Envelopes,120.41,3,0.1,39.69
ORD-104799,2023-12-12,2023-12-18,CUST-2373,Suresh Joshi,22.0,Male,Consumer,West,Rajasthan,Furniture,Furnishings,Area Rug,1637.01,6,0.2,299.5
ORD-104800,2022-06-13,2022-06-16,CUST-3302,Sneha Sharma,52.0,Female,Consumer,Central,Chhattisgarh,Office Supplies,Labels,Shipping Labels,131.99,6,0.0,28.53
ORD-104801,2022-04-07,2022-04-14,CUST-5873,Amit Gupta,30.0,Male,Corporate,East,Bihar,Technology,Machines,3D Printer Mini,4111.88,6,0.2,346.41
ORD-104802,2024-11-01,2024-11-07,CUST-1591,Isha Patel,18.0,Female,Corporate,North,Uttar Pradesh,Office Supplies,Storage,File Cabinet,84.1,4,0.15,12.54
ORD-104803,2022-09-07,2022-09-11,CUST-5748,Karan Patel,46.0,Male,Consumer,East,Odisha,Furniture,Furnishings,Area Rug,296.49,2,0.0,66.56
ORD-104804,2024-07-23,2024-07-28,CUST-8669,Amit Sharma,44.0,Male,Consumer,West,Gujarat,Office Supplies,Binders,Clip Binder,90.09,2,0.0,19.66
ORD-104805,2023-10-02,2023-10-08,CUST-1484,Neha Gupta,29.0,Female,Corporate,South,Tamil Nadu,Technology,Phones,Budget Smartphone S5,1794.3,2,0.0,776.84
ORD-104806,2022-04-16,2022-04-18,CUST-8669,Amit Sharma,42.0,Male,Consumer,West,Rajasthan,Office Supplies,Art,Sketch Pad,86.74,2,0.0,28.01
ORD-104807,2024-12-04,2024-12-11,CUST-2508,Anjali Gupta,18.0,Female,Home Office,East,Odisha,Office Supplies,Binders,3-Ring Binder,297.72,4,0.0,95.54
ORD-104808,2022-11-05,2022-11-09,CUST-5995,Priya Verma,22.0,Female,Corporate,East,Bihar,Office Supplies,Envelopes,Mailing Envelopes,101.82,7,0.1,11.27
ORD-104809,2024-09-10,2024-09-15,CUST-8097,Vivek Nair,46.0,Male,Corporate,West,Gujarat,Office Supplies,Art,Colored Pencils,23.38,1,,1.24
ORD-104810,2022-08-12,2022-08-18,CUST-8097,Vivek Nair,45.0,Male,Consumer,South,Telangana,Office Supplies,Paper,Notebook Set,74.71,5,0.1,13.27
ORD-104811,2024-09-04,2024-09-09,CUST-5610,Sneha Sharma,18.0,Female,Home Office,Central,Chhattisgarh,Technology,Machines,3D Printer Mini,695.42,4,0.1,137.32
ORD-104812,2022-01-19,2022-01-24,CUST-2313,Isha Singh,,Female,Consumer,Central,Madhya Pradesh,Technology,Phones,Budget Smartphone S5,1037.66,4,0.0,367.77
ORD-104813,2023-08-24,2023-08-30,CUST-1484,Neha Gupta,25.0,Female,Corporate,West,Rajasthan,Office Supplies,Labels,Shipping Labels,62.61,3,0.3,2.38
ORD-104814,2024-05-17,2024-05-18,CUST-2313,Isha Singh,18.0,Female,Corporate,South,Tamil Nadu,Technology,Machines,Laser Printer,251.89,5,0.0,71.22
ORD-104815,2024-11-20,2024-11-23,CUST-3063,Aditya Reddy,35.0,Male,Consumer,East,West Bengal,Furniture,Tables,Adjustable Standing Desk,1030.57,7,0.1,165.8
ORD-104816,2024-11-01,2024-11-05,CUST-4421,Karan Rao,38.0,Male,Consumer,Central,Chhattisgarh,Office Supplies,Binders,View Binder,24.5,2,0.0,10.09
ORD-104817,2024-07-21,2024-07-25,CUST-4542,Karan Sharma,47.0,Male,Corporate,South,Karnataka,Office Supplies,Art,Marker Set,202.36,5,0.0,43.57
ORD-104818,2024-10-12,2024-10-19,CUST-3743,Vikram Nair,33.0,Male,Consumer,West,Gujarat,Office Supplies,Storage,Desk Organizer,197.72,4,0.0,82.73
ORD-104819,2022-09-18,2022-09-25,CUST-7293,Vivek Joshi,25.0,Male,Corporate,Central,Chhattisgarh,Office Supplies,Labels,Address Labels,188.49,5,0.2,18.12
ORD-104820,2022-12-02,2022-12-09,CUST-7293,Vivek Joshi,29.0,Male,Home Office,Central,Madhya Pradesh,Furniture,Bookcases,Ladder Bookshelf,738.1,2,0.4,
ORD-104821,2022-12-05,2022-12-09,CUST-8860,Kavita Sharma,23.0,Female,Consumer,South,Karnataka,Technology,Accessories,Wireless Mouse,4793.95,7,0.0,
ORD-104822,2023-03-03,2023-03-08,CUST-1777,Meera Patel,39.0,Female,Corporate,South,Karnataka,Technology,Copiers,Compact Copier,6115.41,7,0.15,757.22
ORD-104823,2023-03-24,2023-03-31,CUST-3082,Amit Verma,24.0,Male,Corporate,East,Odisha,Office Supplies,Storage,Desk Organizer,101.46,7,0.2,15.69
ORD-104824,2023-10-02,2023-10-08,CUST-4421,Karan Rao,36.0,Male,Consumer,East,West Bengal,Furniture,Bookcases,Ladder Bookshelf,575.61,1,0.2,2.18
ORD-104825,2022-07-31,2022-08-03,CUST-3302,Sneha Sharma,50.0,Female,Home Office,South,Kerala,Office Supplies,Binders,View Binder,144.55,4,0.0,64.35
ORD-104826,2024-02-04,2024-02-06,CUST-1484,Neha Gupta,28.0,Female,Corporate,East,West Bengal,Office Supplies,Paper,Notebook Set,71.03,1,0.0,31.92
ORD-104827,2022-08-10,2022-08-14,CUST-8429,Sneha Mehta,36.0,Female,Consumer,West,Rajasthan,Furniture,Chairs,Foldable Study Chair,567.58,1,0.3,-36.29
ORD-104828,2022-12-18,2022-12-24,CUST-8429,Sneha Mehta,36.0,Female,Consumer,East,West Bengal,Furniture,Bookcases,Corner Bookcase,3555.32,7,0.0,1015.06
ORD-104829,2023-08-13,2023-08-16,CUST-4679,Vivek Mehta,18.0,Male,Consumer,East,Bihar,Furniture,Chairs,Executive Leather Chair,3252.26,6,0.0,1205.85
ORD-104830,2024-06-20,2024-06-23,CUST-8203,Meera Verma,37.0,Female,Corporate,Central,Chhattisgarh,Technology,Accessories,Webcam HD,425.38,2,0.0,177.53
ORD-104831,2024-04-09,2024-04-10,CUST-5237,Ritu Reddy,57.0,Female,Consumer,South,Tamil Nadu,Furniture,Tables,Round Side Table,2688.56,6,0.1,561.79
ORD-104832,2023-12-19,2023-12-25,CUST-8669,Amit Sharma,41.0,Male,Consumer,North,Uttar Pradesh,Technology,Machines,Laser Printer,3554.59,5,0.15,410.67
ORD-104833,2022-07-25,2022-07-29,CUST-9911,Karan Rao,51.0,Male,Corporate,South,Karnataka,Office Supplies,Paper,Notebook Set,49.59,2,0.1,8.95
ORD-104834,2023-10-04,2023-10-11,CUST-4655,Aditya Reddy,33.0,Male,Consumer,South,Telangana,Technology,Accessories,Webcam HD,388.85,4,,152.4
ORD-104835,2022-04-29,2022-05-04,CUST-8592,Isha Sharma,45.0,Female,Consumer,East,Bihar,Office Supplies,Envelopes,Window Envelopes,49.81,3,0.0,19.67
ORD-104836,2023-03-04,2023-03-11,CUST-8203,Meera Verma,35.0,Female,Corporate,East,Odisha,Office Supplies,Art,Colored Pencils,89.16,2,0.3,-7.74
ORD-104837,2023-04-19,2023-04-22,CUST-8669,Amit Sharma,42.0,Male,Consumer,West,Maharashtra,Furniture,Furnishings,Table Lamp,1543.97,6,0.3,27.46
ORD-104838,2022-02-26,2022-03-01,CUST-2900,Suresh Kapoor,29.0,Male,Consumer,Central,Chhattisgarh,Office Supplies,Envelopes,Window Envelopes,14.37,2,0.0,3.0
ORD-104839,2022-11-24,2022-11-26,CUST-6524,Priya Rao,34.0,Female,Corporate,Central,Madhya Pradesh,Office Supplies,Art,Marker Set,353.1,7,0.15,77.1
ORD-104840,2024-12-04,2024-12-11,CUST-9298,Suresh Sharma,28.0,Male,Consumer,North,Punjab,Office Supplies,Art,Marker Set,30.5,6,0.2,6.09
ORD-104841,2024-12-03,2024-12-04,CUST-3887,Manish Iyer,35.0,Male,Corporate,South,Tamil Nadu,Furniture,Tables,Glass Coffee Table,2643.96,5,0.15,259.44
ORD-104842,2023-01-27,2023-01-30,CUST-2251,Vivek Reddy,18.0,Male,Consumer,North,Haryana,Technology,Accessories,Webcam HD,697.18,2,0.2,34.34
ORD-104843,2022-03-02,2022-03-05,CUST-8569,Amit Kapoor,55.0,Male,Consumer,North,Haryana,Furniture,Tables,Glass Coffee Table,2753.69,5,0.1,437.91
ORD-104844,2022-08-25,2022-08-30,CUST-3936,Neha Mehta,45.0,Female,Consumer,North,Punjab,Furniture,Tables,Round Side Table,329.44,4,0.4,14.94
ORD-104845,2023-03-23,2023-03-28,CUST-2251,Vivek Reddy,18.0,Male,Home Office,Central,Chhattisgarh,Office Supplies,Binders,3-Ring Binder,135.1,3,0.4,-15.14
ORD-104846,2024-11-29,2024-12-01,CUST-3520,Anita Nair,43.0,Female,Home Office,Central,Chhattisgarh,Office Supplies,Storage,Storage Box Set,201.39,3,0.15,39.44
ORD-104847,2022-07-05,2022-07-11,CUST-6397,Rohan Gupta,40.0,Male,Home Office,North,Punjab,Technology,Accessories,Webcam HD,1236.93,2,0.0,363.07
ORD-104848,2024-05-10,2024-05-12,CUST-2864,Amit Reddy,34.0,Male,Consumer,East,Odisha,Furniture,Chairs,Recliner Lounge Chair,949.38,7,0.15,74.05
ORD-104849,2022-05-25,2022-05-27,CUST-3887,Manish Iyer,35.0,Male,Corporate,North,Delhi,Technology,Machines,3D Printer Mini,4930.96,7,0.0,2148.34
ORD-104850,2024-12-20,2024-12-25,CUST-4629,Amit Mehta,37.0,Male,Home Office,East,Bihar,Office Supplies,Envelopes,Mailing Envelopes,131.95,2,0.0,44.17
ORD-104851,2023-03-09,2023-03-16,CUST-2864,Amit Reddy,33.0,Male,Home Office,West,Rajasthan,Office Supplies,Storage,Storage Box Set,81.82,4,0.0,35.22
ORD-104852,2024-05-24,2024-05-31,CUST-2102,Sanjay Sharma,56.0,Male,Consumer,North,Punjab,Office Supplies,Binders,Clip Binder,66.04,1,0.1,17.49
ORD-104853,2023-01-14,2023-01-21,CUST-4542,Karan Sharma,48.0,Male,Consumer,East,Bihar,Office Supplies,Binders,Clip Binder,80.87,7,0.3,-4.69
ORD-104854,2023-12-08,2023-12-14,CUST-8860,Kavita Sharma,24.0,Female,Home Office,South,Telangana,Office Supplies,Binders,Clip Binder,187.17,4,0.0,67.78
ORD-104855,2022-09-09,2022-09-14,CUST-7643,Kavita Kapoor,65.0,Female,Home Office,East,Bihar,Office Supplies,Binders,3-Ring Binder,433.69,6,0.3,8.71
ORD-104856,2022-07-12,2022-07-13,CUST-6145,Sanjay Verma,27.0,Male,Consumer,South,Telangana,Furniture,Bookcases,Ladder Bookshelf,712.85,3,0.0,273.5
ORD-104857,2024-11-22,2024-11-26,CUST-6253,Shreya Rao,26.0,Female,Home Office,South,Telangana,Office Supplies,Labels,Shipping Labels,85.89,2,0.15,15.99
ORD-104858,2024-11-07,2024-11-11,CUST-8261,Divya Patel,29.0,Female,Consumer,East,West Bengal,Office Supplies,Art,Colored Pencils,41.16,2,0.3,2.56
ORD-104859,2024-10-11,2024-10-12,CUST-2237,Pooja Patel,45.0,Female,Corporate,East,West Bengal,Furniture,Chairs,Recliner Lounge Chair,1824.05,5,0.0,448.28
ORD-104860,2023-12-07,2023-12-14,CUST-9644,Isha Rao,45.0,Female,Corporate,Central,Madhya Pradesh,Technology,Accessories,Mechanical Keyboard,3792.39,5,0.0,1620.28
ORD-104861,2024-07-06,2024-07-10,CUST-2678,Ritu Verma,35.0,Female,Consumer,East,Odisha,Technology,Accessories,Wireless Mouse,2405.12,7,0.2,215.53
ORD-104862,2022-04-05,2022-04-11,CUST-9700,Karan Singh,35.0,Male,Corporate,South,Telangana,Technology,Machines,3D Printer Mini,463.22,4,0.0,179.93
ORD-104863,2023-01-03,2023-01-08,CUST-8261,Divya Patel,28.0,Female,Corporate,East,Odisha,Office Supplies,Envelopes,Mailing Envelopes,215.12,5,0.0,77.86
ORD-104864,2022-12-20,2022-12-24,CUST-2864,Amit Reddy,30.0,Male,Home Office,East,West Bengal,Office Supplies,Storage,Desk Organizer,461.8,6,0.0,145.8
ORD-104865,2023-12-13,2023-12-19,CUST-2864,Amit Reddy,33.0,Male,Consumer,Central,Chhattisgarh,Office Supplies,Envelopes,Window Envelopes,83.29,3,0.1,17.31
ORD-104866,2023-02-01,2023-02-06,CUST-4041,Divya Rao,40.0,Female,Consumer,North,Punjab,Furniture,Furnishings,Area Rug,1448.4,3,0.0,528.08
ORD-104867,2022-07-15,2022-07-21,CUST-6541,Isha Kapoor,32.0,Female,Consumer,West,Rajasthan,Technology,Copiers,Office Copier 200,1313.23,3,0.15,181.82
ORD-104868,2023-11-17,2023-11-18,CUST-1818,Kavita Joshi,21.0,Female,Consumer,South,Kerala,Furniture,Bookcases,Corner Bookcase,1664.34,7,0.1,472.98
ORD-104869,2024-07-14,2024-07-16,CUST-3784,Priya Reddy,44.0,Female,Consumer,West,Maharashtra,Office Supplies,Paper,A4 Copy Paper Ream,219.19,3,0.1,51.05
ORD-104870,2023-03-10,2023-03-11,CUST-8261,Divya Patel,26.0,Female,Consumer,West,Gujarat,Office Supplies,Art,Sketch Pad,237.74,4,0.15,34.6
ORD-104871,2022-06-24,2022-06-28,CUST-8719,Kavita Sharma,20.0,Female,Corporate,East,Odisha,Office Supplies,Art,Marker Set,385.39,6,0.2,7.28
ORD-104872,2022-09-15,2022-09-20,CUST-3082,Amit Verma,23.0,Male,Consumer,Central,Madhya Pradesh,Office Supplies,Art,Colored Pencils,149.04,2,0.2,17.69
ORD-104873,2022-10-28,2022-11-03,CUST-9700,Karan Singh,37.0,Male,Home Office,East,Bihar,Technology,Machines,Label Maker,5250.11,6,0.0,1994.93
ORD-104874,2022-12-11,2022-12-15,CUST-7150,Aditya Joshi,31.0,Male,Home Office,South,Tamil Nadu,Office Supplies,Envelopes,Window Envelopes,253.91,5,0.1,55.52
ORD-104875,2023-12-17,2023-12-21,CUST-4542,Karan Sharma,48.0,Male,Consumer,East,Bihar,Furniture,Furnishings,Wall Clock,2512.21,5,0.2,614.81
ORD-104876,2023-11-20,2023-11-22,CUST-9911,Karan Rao,52.0,Male,Consumer,South,Karnataka,Technology,Phones,Budget Smartphone S5,1228.29,2,0.4,9.76
ORD-104877,2024-02-11,2024-02-18,CUST-7150,Aditya Joshi,31.0,Male,Corporate,South,Tamil Nadu,Office Supplies,Binders,Clip Binder,155.94,2,0.1,44.87
ORD-104878,2023-02-10,2023-02-14,CUST-5237,Ritu Reddy,56.0,Female,Consumer,East,Odisha,Technology,Copiers,Compact Copier,2696.87,3,0.0,860.08
ORD-104879,2024-07-27,2024-07-29,CUST-4542,Karan Sharma,46.0,Male,Corporate,South,Karnataka,Office Supplies,Labels,Shipping Labels,88.48,5,0.2,10.1
ORD-104880,2022-09-23,2022-09-28,CUST-3955,Karan Mehta,20.0,Male,Home Office,North,Delhi,Office Supplies,Art,Marker Set,170.29,3,0.0,57.59
ORD-104881,2023-06-28,2023-07-03,CUST-6397,Rohan Gupta,40.0,Male,Consumer,North,Uttar Pradesh,Office Supplies,Storage,File Cabinet,399.75,5,0.0,83.07
ORD-104882,2024-06-26,2024-07-02,CUST-8261,Divya Patel,27.0,Female,Home Office,West,Maharashtra,Office Supplies,Labels,Shipping Labels,90.83,7,,9.11
ORD-104883,2022-08-26,2022-09-02,CUST-9049,Anjali Verma,44.0,Female,Consumer,Central,Madhya Pradesh,Technology,Machines,Laser Printer,1195.89,4,0.0,501.79
ORD-104884,2022-05-26,2022-05-28,CUST-8719,Kavita Sharma,,Female,Corporate,North,Punjab,Office Supplies,Binders,Clip Binder,305.18,6,0.15,22.3
ORD-104885,2024-10-07,2024-10-08,CUST-6541,Isha Kapoor,33.0,Female,Consumer,South,Karnataka,Office Supplies,Art,Sketch Pad,46.41,2,0.3,2.07
ORD-104886,2023-01-14,2023-01-19,CUST-4542,Karan Sharma,46.0,Male,Home Office,Central,Madhya Pradesh,Furniture,Chairs,Executive Leather Chair,1449.11,6,0.2,47.79
ORD-104887,2024-01-25,2024-02-01,CUST-6541,Isha Kapoor,30.0,Female,Consumer,East,Bihar,Technology,Accessories,Wireless Mouse,1111.33,5,0.15,107.89
ORD-104888,2022-02-05,2022-02-11,CUST-8130,Vikram Reddy,29.0,Male,Consumer,South,Tamil Nadu,Office Supplies,Binders,View Binder,52.71,3,0.0,11.8
ORD-104889,2024-02-02,2024-02-03,CUST-3228,Vivek Patel,36.0,Male,Corporate,East,West Bengal,Technology,Machines,Laser Printer,192.69,1,0.0,44.79
ORD-104890,2022-12-21,2022-12-26,CUST-8500,Sanjay Singh,29.0,Male,Corporate,East,West Bengal,Office Supplies,Binders,View Binder,50.42,5,0.15,6.66
ORD-104891,2022-03-19,2022-03-24,CUST-8115,Aditya Singh,44.0,Male,Home Office,East,Bihar,Technology,Copiers,Compact Copier,200.71,1,0.1,51.94
ORD-104892,2023-11-26,2023-12-02,CUST-2231,Meera Verma,42.0,Female,Consumer,South,Telangana,Office Supplies,Envelopes,Window Envelopes,14.07,1,0.1,3.71
ORD-104893,2022-10-31,2022-11-06,CUST-3535,Meera Joshi,34.0,Female,Corporate,East,Odisha,Office Supplies,Binders,Clip Binder,90.27,4,0.3,9.54
ORD-104894,2023-03-16,2023-03-19,CUST-3955,Karan Mehta,22.0,Male,Consumer,East,West Bengal,Technology,Accessories,Mechanical Keyboard,1267.48,2,0.1,237.81
ORD-104895,2022-04-20,2022-04-24,CUST-2054,Amit Iyer,33.0,Male,Corporate,North,Punjab,Furniture,Tables,Round Side Table,1338.85,4,0.1,414.28
ORD-104896,2022-07-14,2022-07-18,CUST-3955,Karan Mehta,20.0,Male,Corporate,West,Rajasthan,Furniture,Bookcases,5-Shelf Bookcase,2217.54,5,0.1,515.74
ORD-104897,2022-12-10,2022-12-11,CUST-2251,Vivek Reddy,18.0,Male,Consumer,West,Gujarat,Technology,Phones,Smartphone X12,3626.91,5,0.1,777.78
ORD-104898,2022-05-01,2022-05-05,CUST-9690,Vivek Singh,35.0,Male,Consumer,East,Bihar,Furniture,Furnishings,Curtain Set,2656.24,7,0.1,681.01
ORD-104899,2024-11-02,2024-11-03,CUST-1527,Manish Sharma,30.0,Male,Corporate,West,Maharashtra,Furniture,Chairs,Ergo Mesh Office Chair,1649.37,5,0.15,460.5
ORD-104900,2022-01-09,2022-01-16,CUST-4840,Nikhil Rao,29.0,Male,Consumer,South,Kerala,Office Supplies,Labels,Shipping Labels,66.07,7,0.1,13.3
ORD-104901,2023-07-19,2023-07-24,CUST-4714,Rahul Reddy,18.0,Male,Consumer,East,West Bengal,Furniture,Tables,Round Side Table,1299.18,4,0.15,103.42
ORD-104902,2022-06-12,2022-06-15,CUST-7075,Aditya Iyer,34.0,Male,Consumer,East,West Bengal,Furniture,Bookcases,Ladder Bookshelf,1513.44,5,0.1,267.08
ORD-104903,2022-12-16,2022-12-19,CUST-2678,Ritu Verma,38.0,Female,Corporate,Central,Chhattisgarh,Furniture,Chairs,Ergo Mesh Office Chair,2124.4,6,0.2,375.13
ORD-104904,2024-11-14,2024-11-19,CUST-4932,Divya Joshi,18.0,Female,Home Office,North,Haryana,Office Supplies,Paper,A4 Copy Paper Ream,32.27,1,0.15,2.59
ORD-104905,2022-08-02,2022-08-08,CUST-2122,Nikhil Gupta,25.0,Male,Home Office,South,Tamil Nadu,Technology,Copiers,Compact Copier,1137.84,6,0.2,205.48
ORD-104906,2024-12-11,2024-12-13,CUST-9690,Vivek Singh,36.0,Male,Consumer,Central,Chhattisgarh,Technology,Accessories,Wireless Mouse,1819.16,6,0.3,223.33
ORD-104907,2022-09-25,2022-09-27,CUST-6812,Rohan Verma,50.0,Male,Consumer,North,Delhi,Office Supplies,Binders,3-Ring Binder,73.84,1,0.0,22.11
ORD-104908,2024-04-12,2024-04-16,CUST-9168,Suresh Nair,25.0,Male,Consumer,East,West Bengal,Furniture,Chairs,Recliner Lounge Chair,889.9,2,0.3,22.24
ORD-104909,2023-10-04,2023-10-10,CUST-2231,Meera Verma,42.0,Female,Consumer,South,Tamil Nadu,Furniture,Tables,Oak Dining Table,2024.47,6,0.15,210.46
ORD-104910,2024-10-08,2024-10-09,CUST-6922,Manish Patel,31.0,Male,Corporate,North,Punjab,Technology,Machines,Laser Printer,639.52,2,0.0,160.51
ORD-104911,2023-10-11,2023-10-18,CUST-7724,Arjun Rao,43.0,Male,Consumer,Central,Chhattisgarh,Office Supplies,Art,Sketch Pad,195.26,3,0.0,47.1
ORD-104912,2023-09-20,2023-09-23,CUST-6922,Manish Patel,31.0,Male,Consumer,North,Punjab,Technology,Accessories,Wireless Mouse,4636.37,6,0.3,-201.2
ORD-104913,2022-09-13,2022-09-17,CUST-5022,Aditya Gupta,35.0,Male,Home Office,West,Gujarat,Office Supplies,Paper,Notebook Set,59.71,7,0.1,12.78
ORD-104914,2022-08-08,2022-08-13,CUST-5237,Ritu Reddy,55.0,Female,Consumer,West,Gujarat,Office Supplies,Envelopes,Mailing Envelopes,82.23,3,0.0,21.76
ORD-104915,2024-11-07,2024-11-13,CUST-4532,Nikhil Mehta,45.0,Male,Consumer,South,Karnataka,Office Supplies,Storage,Storage Box Set,329.9,5,0.1,34.89
ORD-104916,2022-12-28,2022-12-31,CUST-4532,Nikhil Mehta,46.0,Male,Consumer,East,Odisha,Technology,Machines,Label Maker,111.81,1,,15.28
ORD-104917,2023-02-24,2023-02-25,CUST-2855,Manish Verma,33.0,Male,Home Office,West,Maharashtra,Office Supplies,Art,Colored Pencils,94.61,2,0.15,25.06
ORD-104918,2024-05-05,2024-05-06,CUST-8025,Meera Verma,28.0,Female,Corporate,East,West Bengal,Office Supplies,Paper,A4 Copy Paper Ream,40.48,7,0.3,3.75
ORD-104919,2023-01-08,2023-01-10,CUST-2335,Aditya Sharma,54.0,Male,Consumer,South,Karnataka,Furniture,Chairs,Foldable Study Chair,2476.72,6,0.0,690.68
ORD-104920,2024-12-02,2024-12-06,CUST-7724,Arjun Rao,41.0,Male,Consumer,South,Telangana,Technology,Phones,Budget Smartphone S5,3962.72,7,0.3,191.39
ORD-104921,2024-04-07,2024-04-12,CUST-4119,Nikhil Iyer,36.0,Male,Consumer,Central,Chhattisgarh,Office Supplies,Art,Marker Set,53.02,2,0.3,-4.71
ORD-104922,2023-11-17,2023-11-20,CUST-2678,Ritu Verma,38.0,Female,Corporate,North,Delhi,Furniture,Bookcases,Ladder Bookshelf,268.85,3,0.0,81.6
ORD-104923,2024-10-04,2024-10-11,CUST-7219,Anita Gupta,18.0,Female,Consumer,South,Telangana,Office Supplies,Art,Colored Pencils,133.63,2,0.0,47.83
ORD-104924,2022-03-11,2022-03-12,CUST-7665,Aditya Gupta,28.0,Male,Home Office,East,West Bengal,Office Supplies,Paper,Sticky Notes Pack,72.19,1,0.2,1.06
ORD-104925,2022-11-12,2022-11-15,CUST-4767,Amit Mehta,43.0,Male,Home Office,East,West Bengal,Furniture,Bookcases,Corner Bookcase,1064.51,5,0.3,106.0
ORD-104926,2023-06-23,2023-06-28,CUST-1582,Priya Joshi,19.0,Female,Consumer,North,Haryana,Furniture,Furnishings,Area Rug,1596.81,3,0.1,236.21
ORD-104927,2022-10-17,2022-10-20,CUST-5497,Pooja Mehta,48.0,Female,Consumer,South,Telangana,Office Supplies,Paper,A4 Copy Paper Ream,386.73,6,0.0,99.02
ORD-104928,2024-04-15,2024-04-19,CUST-4714,Rahul Reddy,18.0,Male,Consumer,East,West Bengal,Technology,Phones,Cordless Landline,3476.9,4,0.15,552.82
ORD-104929,2024-11-09,2024-11-11,CUST-8052,Vikram Kapoor,32.0,Male,Consumer,Central,Chhattisgarh,Office Supplies,Envelopes,Mailing Envelopes,123.35,2,0.15,19.96
ORD-104930,2023-05-03,2023-05-06,CUST-1582,Priya Joshi,18.0,Female,Corporate,West,Maharashtra,Technology,Accessories,USB-C Hub,1626.52,2,0.15,411.72
ORD-104931,2023-01-13,2023-01-19,CUST-4873,Sneha Patel,41.0,Female,Corporate,West,Gujarat,Office Supplies,Art,Colored Pencils,461.3,7,0.15,103.6
ORD-104932,2024-12-08,2024-12-10,CUST-8052,Vikram Kapoor,32.0,Male,Consumer,North,Delhi,Office Supplies,Storage,File Cabinet,364.91,5,0.3,-33.69
ORD-104933,2023-05-28,2023-06-02,CUST-5710,Rahul Nair,44.0,Male,Corporate,East,West Bengal,Furniture,Furnishings,Wall Clock,1023.0,3,0.0,357.35
ORD-104934,2023-07-26,2023-07-28,CUST-5178,Manish Verma,18.0,Male,Consumer,South,Telangana,Furniture,Tables,Oak Dining Table,1349.21,6,0.0,431.97
ORD-104935,2023-01-26,2023-01-29,CUST-8052,Vikram Kapoor,30.0,Male,Home Office,Central,Chhattisgarh,Furniture,Chairs,Foldable Study Chair,1211.37,4,0.0,256.68
ORD-104936,2024-11-02,2024-11-05,CUST-6596,Sneha Verma,56.0,Female,Home Office,North,Haryana,Furniture,Chairs,Executive Leather Chair,956.1,3,0.1,225.05
ORD-104937,2023-10-26,2023-11-01,CUST-9720,Kavita Verma,35.0,Female,Corporate,East,Bihar,Office Supplies,Art,Sketch Pad,203.2,3,0.0,56.59
ORD-104938,2024-05-08,2024-05-09,CUST-4859,Sneha Gupta,35.0,Female,Corporate,South,Karnataka,Technology,Machines,3D Printer Mini,2115.88,5,0.0,565.85
ORD-104939,2024-07-10,2024-07-16,CUST-9741,Kavita Singh,34.0,Female,Consumer,Central,Chhattisgarh,Furniture,Tables,Glass Coffee Table,894.38,4,0.1,293.38
ORD-104940,2023-01-12,2023-01-15,CUST-4873,Sneha Patel,44.0,Female,Corporate,North,Delhi,Office Supplies,Storage,Storage Box Set,325.57,7,0.3,39.6
ORD-104941,2023-05-15,2023-05-22,CUST-6899,Priya Iyer,27.0,Female,Home Office,Central,Madhya Pradesh,Technology,Accessories,Webcam HD,1285.56,5,0.1,309.11
ORD-104942,2024-08-28,2024-08-30,CUST-2118,Anita Kapoor,38.0,Female,Corporate,Central,Chhattisgarh,Office Supplies,Paper,Notebook Set,77.73,6,0.0,22.55
ORD-104943,2023-02-12,2023-02-18,CUST-7665,Aditya Gupta,26.0,Male,Consumer,East,Odisha,Office Supplies,Storage,Desk Organizer,66.93,3,0.0,29.22
ORD-104944,2024-06-17,2024-06-23,CUST-6790,Nikhil Joshi,33.0,Male,Consumer,Central,Chhattisgarh,Office Supplies,Art,Marker Set,233.45,5,0.0,53.87
ORD-104945,2024-11-25,2024-12-02,CUST-8975,Meera Mehta,37.0,Female,Home Office,Central,Madhya Pradesh,Furniture,Tables,Round Side Table,637.26,4,0.0,212.72
ORD-104946,2023-12-05,2023-12-12,CUST-6790,Nikhil Joshi,32.0,Male,Corporate,East,West Bengal,Technology,Copiers,Compact Copier,2729.86,6,0.0,699.52
ORD-104947,2024-04-12,2024-04-19,CUST-3910,Anita Singh,40.0,Female,Home Office,North,Punjab,Office Supplies,Storage,Storage Box Set,138.78,3,0.15,36.27
ORD-104948,2024-07-01,2024-07-02,CUST-2102,Sanjay Sharma,56.0,Male,Corporate,South,Karnataka,Furniture,Furnishings,Table Lamp,1203.95,4,0.1,183.95
ORD-104949,2024-08-24,2024-08-27,CUST-5822,Kavita Nair,45.0,Female,Home Office,East,Bihar,Technology,Machines,Label Maker,607.04,1,0.15,170.82
ORD-104950,2023-03-27,2023-03-30,CUST-9731,Suresh Patel,40.0,Male,Consumer,Central,Madhya Pradesh,Technology,Copiers,Compact Copier,1086.97,4,0.15,210.53
ORD-104951,2022-03-13,2022-03-18,CUST-8964,Vivek Reddy,47.0,Male,Corporate,East,Odisha,Technology,Machines,Laser Printer,491.94,1,0.2,83.12
ORD-104952,2023-04-04,2023-04-05,CUST-9731,Suresh Patel,40.0,Male,Corporate,West,Maharashtra,Furniture,Furnishings,Area Rug,3332.66,7,0.0,1277.26
ORD-104953,2024-01-11,2024-01-16,CUST-6926,Meera Singh,45.0,Female,Consumer,East,Bihar,Office Supplies,Paper,Sticky Notes Pack,318.84,5,,120.61
ORD-104954,2023-06-04,2023-06-09,CUST-2122,Sanjay Mehta,57.0,Male,Consumer,South,Telangana,Furniture,Tables,Glass Coffee Table,167.69,1,0.15,24.12
ORD-104955,2024-04-22,2024-04-27,CUST-8975,Meera Mehta,39.0,Female,Consumer,East,Bihar,Furniture,Tables,Round Side Table,935.88,2,0.0,270.21
ORD-104956,2023-02-02,2023-02-06,CUST-3929,Shreya Patel,42.0,Female,Consumer,South,Karnataka,Office Supplies,Labels,Shipping Labels,96.12,4,0.3,11.06
ORD-104957,2023-12-12,2023-12-17,CUST-6075,Anita Nair,37.0,Female,Consumer,Central,Madhya Pradesh,Office Supplies,Labels,Address Labels,53.23,2,0.2,5.89
ORD-104958,2022-09-03,2022-09-09,CUST-8719,Kavita Sharma,23.0,Female,Corporate,East,West Bengal,Office Supplies,Labels,Address Labels,301.68,4,0.0,64.02
ORD-104959,2024-04-22,2024-04-24,CUST-5000,Rahul Singh,,Male,Consumer,Central,Madhya Pradesh,Furniture,Tables,Glass Coffee Table,1848.3,4,0.0,813.02
ORD-104960,2023-10-03,2023-10-09,CUST-2115,Nikhil Joshi,25.0,Male,Corporate,North,Haryana,Office Supplies,Paper,Sticky Notes Pack,56.28,1,0.0,15.24
ORD-104961,2022-09-23,2022-09-29,CUST-4386,Isha Joshi,27.0,Female,Consumer,West,Rajasthan,Office Supplies,Storage,Desk Organizer,82.55,3,0.1,23.08
ORD-104962,2022-12-06,2022-12-09,CUST-2742,Ritu Reddy,49.0,Female,Consumer,South,Telangana,Furniture,Chairs,Executive Leather Chair,1353.1,6,0.2,304.25
ORD-104963,2024-04-21,2024-04-25,CUST-6075,Anita Nair,37.0,Female,Consumer,East,Odisha,Furniture,Chairs,Ergo Mesh Office Chair,2022.38,4,0.2,222.05
ORD-104964,2023-07-17,2023-07-22,CUST-3646,Aditya Singh,28.0,Male,Corporate,North,Uttar Pradesh,Technology,Phones,Smartphone X12,935.78,6,0.2,167.04
ORD-104965,2022-10-06,2022-10-09,CUST-8540,Karan Iyer,26.0,Male,Consumer,South,Kerala,Technology,Copiers,Office Copier 200,305.93,2,0.0,78.63
ORD-104966,2024-12-12,2024-12-13,CUST-1060,Vivek Sharma,23.0,Male,Consumer,Central,Madhya Pradesh,Technology,Copiers,Office Copier 200,671.08,7,0.15,54.48
ORD-104967,2024-03-09,2024-03-10,CUST-1027,Anjali Reddy,33.0,Female,Corporate,South,Telangana,Technology,Phones,Smartphone X12,1585.01,4,0.0,475.03
ORD-104968,2024-12-05,2024-12-08,CUST-8570,Neha Mehta,39.0,Female,Consumer,West,Rajasthan,Office Supplies,Paper,Notebook Set,52.74,1,0.0,20.43
ORD-104969,2023-05-07,2023-05-09,CUST-1827,Kavita Iyer,38.0,Female,Consumer,North,Punjab,Office Supplies,Envelopes,Window Envelopes,106.09,2,0.0,43.53
ORD-104970,2023-07-06,2023-07-09,CUST-1295,Isha Singh,34.0,Female,Home Office,West,Rajasthan,Furniture,Furnishings,Wall Clock,972.8,5,0.3,65.7
ORD-104971,2024-10-21,2024-10-24,CUST-3185,Priya Mehta,51.0,Female,Consumer,West,Gujarat,Office Supplies,Art,Colored Pencils,47.24,2,0.1,7.63
ORD-104972,2023-09-09,2023-09-13,CUST-1060,Vivek Sharma,24.0,Male,Home Office,South,Kerala,Technology,Phones,Cordless Landline,3597.27,7,0.1,412.62
ORD-104973,2024-02-28,2024-02-29,CUST-2742,Ritu Reddy,49.0,Female,Home Office,North,Haryana,Technology,Phones,Smartphone X12,4190.96,5,0.3,-134.42
ORD-104974,2022-11-08,2022-11-09,CUST-6784,Kavita Iyer,23.0,Female,Consumer,South,Telangana,Technology,Machines,3D Printer Mini,4557.19,7,0.0,1061.12
ORD-104975,2023-05-31,2023-06-05,CUST-1295,Isha Singh,30.0,Female,Corporate,North,Haryana,Furniture,Chairs,Recliner Lounge Chair,344.22,1,0.3,16.1
ORD-104976,2022-06-12,2022-06-18,CUST-2074,Sneha Patel,49.0,Female,Corporate,West,Maharashtra,Technology,Phones,Smartphone X12,2000.07,5,0.2,215.99
ORD-104977,2022-09-26,2022-09-29,CUST-6910,Ritu Iyer,41.0,Female,Corporate,West,Maharashtra,Technology,Machines,Laser Printer,5294.48,6,0.0,1149.31
ORD-104978,2022-01-02,2022-01-05,CUST-3185,Priya Mehta,52.0,Female,Consumer,West,Gujarat,Office Supplies,Art,Sketch Pad,190.82,5,0.4,-13.05
ORD-104979,2022-02-25,2022-02-27,CUST-4000,Ritu Patel,38.0,Female,Consumer,North,Haryana,Furniture,Bookcases,Corner Bookcase,606.94,7,0.0,263.27
ORD-104980,2024-12-18,2024-12-25,CUST-1693,Sanjay Gupta,32.0,Male,Home Office,South,Telangana,Technology,Machines,Laser Printer,737.8,2,0.0,211.23
ORD-104981,2022-11-01,2022-11-08,CUST-6910,Ritu Iyer,40.0,Female,Consumer,East,Bihar,Furniture,Bookcases,5-Shelf Bookcase,1559.55,5,0.2,337.52
ORD-104982,2023-12-30,2023-12-31,CUST-5816,Aditya Verma,22.0,Male,Corporate,Central,Madhya Pradesh,Furniture,Bookcases,Ladder Bookshelf,1429.4,3,0.1,473.54
ORD-104983,2024-08-16,2024-08-18,CUST-2739,Kavita Kapoor,18.0,Female,Home Office,West,Gujarat,Office Supplies,Paper,Notebook Set,281.56,4,0.0,56.98
ORD-104984,2023-10-08,2023-10-12,CUST-3185,Priya Mehta,50.0,Female,Home Office,West,Gujarat,Office Supplies,Paper,Sticky Notes Pack,17.16,1,0.4,0.12
ORD-104985,2022-07-22,2022-07-27,CUST-6910,Ritu Iyer,,Female,Consumer,Central,Chhattisgarh,Office Supplies,Paper,Notebook Set,361.53,5,0.0,104.89
ORD-104986,2024-03-26,2024-03-28,CUST-2739,Kavita Kapoor,18.0,Female,Consumer,Central,Chhattisgarh,Office Supplies,Labels,Shipping Labels,114.73,2,,32.14
ORD-104987,2023-11-19,2023-11-20,CUST-6784,Kavita Iyer,23.0,Female,Corporate,West,Rajasthan,Office Supplies,Binders,3-Ring Binder,195.53,3,0.1,20.85
ORD-104988,2024-03-30,2024-04-03,CUST-8715,Amit Singh,45.0,Male,Consumer,North,Haryana,Furniture,Furnishings,Curtain Set,415.05,1,0.15,43.82
ORD-104989,2024-05-17,2024-05-20,CUST-2920,Ritu Kapoor,33.0,Female,Corporate,Central,Madhya Pradesh,Office Supplies,Envelopes,Window Envelopes,466.2,6,0.2,66.77
ORD-104990,2024-12-17,2024-12-21,CUST-2170,Ritu Nair,25.0,Female,Consumer,West,Maharashtra,Furniture,Tables,Adjustable Standing Desk,1221.07,6,0.1,247.2
ORD-104991,2023-10-31,2023-11-06,CUST-5816,Aditya Verma,23.0,Male,Corporate,Central,Madhya Pradesh,Office Supplies,Storage,File Cabinet,241.27,4,0.1,71.59
ORD-104992,2023-01-12,2023-01-14,CUST-5000,Rahul Singh,19.0,Male,Corporate,North,Punjab,Office Supplies,Envelopes,Mailing Envelopes,24.73,4,0.0,5.62
ORD-104993,2023-12-21,2023-12-22,CUST-7760,Anita Singh,32.0,Female,Home Office,Central,Madhya Pradesh,Office Supplies,Labels,Shipping Labels,72.31,6,0.3,4.36
ORD-104994,2022-04-04,2022-04-06,CUST-8540,Karan Iyer,27.0,Male,Corporate,West,Maharashtra,Office Supplies,Art,Colored Pencils,139.22,2,0.3,-5.94
ORD-104995,2024-10-21,2024-10-24,CUST-5000,Rahul Singh,18.0,Male,Home Office,East,Odisha,Technology,Phones,Budget Smartphone S5,394.73,1,0.3,50.65
ORD-104996,2022-06-07,2022-06-14,CUST-5099,Vikram Mehta,48.0,Male,Consumer,North,Uttar Pradesh,Office Supplies,Binders,View Binder,41.77,1,0.15,4.83
ORD-104997,2022-12-28,2022-12-31,CUST-5000,Rahul Singh,18.0,Male,Consumer,South,Tamil Nadu,Furniture,Chairs,Ergo Mesh Office Chair,2918.71,7,0.1,423.27
ORD-104998,2024-07-16,2024-07-17,CUST-2170,Ritu Nair,25.0,Female,Consumer,East,Odisha,Technology,Copiers,Office Copier 200,343.87,1,0.2,81.03
ORD-104999,2023-11-17,2023-11-23,CUST-6603,Vikram Gupta,25.0,Male,Consumer,West,Rajasthan,Technology,Accessories,Mechanical Keyboard,286.59,1,0.1,35.86
ORD-105000,2023-03-25,2023-03-30,CUST-4000,Ritu Patel,39.0,Female,Home Office,South,Karnataka,Office Supplies,Labels,Shipping Labels,217.66,5,0.1,71.13
ORD-105001,2023-07-04,2023-07-08,CUST-2170,Ritu Nair,28.0,Female,Home Office,Central,Madhya Pradesh,Technology,Phones,Smartphone X12,6293.95,7,0.2,1339.21
ORD-105002,2024-09-04,2024-09-08,CUST-3836,Manish Joshi,46.0,Male,Home Office,South,Telangana,Office Supplies,Paper,Sticky Notes Pack,25.73,1,0.1,4.29
ORD-105003,2023-01-10,2023-01-13,CUST-4119,Nikhil Iyer,37.0,Male,Corporate,West,Maharashtra,Furniture,Bookcases,Corner Bookcase,413.87,4,0.15,43.22
ORD-105004,2024-09-22,2024-09-24,CUST-2170,Ritu Nair,25.0,Female,Consumer,West,Maharashtra,Furniture,Furnishings,Curtain Set,1170.33,2,0.0,
ORD-105005,2022-04-29,2022-05-06,CUST-8072,Manish Patel,32.0,Male,Home Office,North,Punjab,Furniture,Chairs,Ergo Mesh Office Chair,596.88,1,0.0,203.59
ORD-105006,2024-05-26,2024-05-28,CUST-4708,Ritu Iyer,39.0,Female,Consumer,West,Rajasthan,Office Supplies,Storage,Storage Box Set,56.0,5,0.0,15.62
ORD-105007,2024-08-27,2024-09-02,CUST-3535,Vivek Patel,18.0,Male,Corporate,West,Gujarat,Technology,Copiers,Office Copier 200,723.2,7,0.0,315.56
ORD-105008,2022-08-28,2022-09-02,CUST-3786,Aditya Rao,30.0,Male,Consumer,South,Kerala,Furniture,Furnishings,Curtain Set,1339.17,3,0.0,390.93
ORD-105009,2023-05-11,2023-05-13,CUST-5909,Divya Iyer,55.0,Female,Consumer,West,Gujarat,Office Supplies,Envelopes,Mailing Envelopes,192.42,3,0.2,38.85
ORD-105010,2022-08-07,2022-08-11,CUST-3537,Neha Mehta,34.0,Female,Corporate,South,Telangana,Technology,Accessories,USB-C Hub,3005.73,6,0.15,734.01
ORD-105011,2024-02-27,2024-03-05,CUST-5877,Sanjay Kapoor,26.0,Male,Consumer,North,Punjab,Office Supplies,Binders,3-Ring Binder,439.05,7,0.2,105.84
ORD-105012,2023-09-21,2023-09-23,CUST-8091,Aditya Gupta,45.0,Male,Corporate,West,Gujarat,Technology,Copiers,Office Copier 200,318.86,3,0.1,42.25
ORD-105013,2023-12-13,2023-12-20,CUST-6358,Vivek Mehta,40.0,Male,Consumer,South,Kerala,Furniture,Bookcases,Ladder Bookshelf,1517.22,4,0.15,169.73
ORD-105014,2022-09-15,2022-09-20,CUST-3082,Karan Singh,34.0,Male,Consumer,Central,Chhattisgarh,Technology,Copiers,Compact Copier,3077.58,5,0.1,560.6
ORD-105015,2022-10-02,2022-10-06,CUST-5877,Sanjay Kapoor,27.0,Male,Consumer,North,Delhi,Office Supplies,Paper,Notebook Set,207.55,5,0.0,58.21
ORD-105016,2022-02-28,2022-03-07,CUST-7378,Shreya Patel,22.0,Female,Corporate,West,Rajasthan,Office Supplies,Binders,Clip Binder,40.77,1,0.2,6.63
ORD-105017,2022-12-25,2022-12-27,CUST-2074,Sneha Patel,49.0,Female,Corporate,Central,Chhattisgarh,Furniture,Bookcases,Corner Bookcase,1414.15,4,0.3,-65.65
ORD-105018,2023-10-17,2023-10-21,CUST-9155,Manish Patel,37.0,Male,Home Office,South,Telangana,Office Supplies,Binders,View Binder,31.12,3,0.15,3.29
ORD-105019,2024-09-08,2024-09-11,CUST-6713,Meera Rao,,Female,Consumer,South,Kerala,Technology,Phones,Cordless Landline,4211.65,5,0.1,1050.18
ORD-105020,2024-01-01,2024-01-04,CUST-1654,Divya Joshi,48.0,Female,Corporate,Central,Chhattisgarh,Office Supplies,Storage,Storage Box Set,366.22,5,0.1,106.34
ORD-105021,2023-05-17,2023-05-23,CUST-4131,Vivek Kapoor,43.0,Male,Consumer,Central,Madhya Pradesh,Office Supplies,Envelopes,Window Envelopes,360.02,5,0.0,114.15
ORD-105022,2024-12-03,2024-12-06,CUST-2122,Sanjay Mehta,56.0,Male,Consumer,West,Maharashtra,Technology,Machines,Laser Printer,584.74,5,0.15,65.8
ORD-105023,2024-03-14,2024-03-16,CUST-5151,Rohan Reddy,25.0,Male,Corporate,Central,Chhattisgarh,Furniture,Furnishings,Table Lamp,1024.28,3,0.15,60.12
ORD-105024,2024-11-17,2024-11-22,CUST-3082,Karan Singh,32.0,Male,Consumer,West,Maharashtra,Technology,Accessories,USB-C Hub,4359.71,5,0.15,471.99
ORD-105025,2023-09-12,2023-09-16,CUST-8220,Sanjay Kapoor,29.0,Male,Corporate,East,West Bengal,Furniture,Tables,Adjustable Standing Desk,1836.97,6,0.1,538.9
ORD-105026,2022-11-13,2022-11-20,CUST-6413,Rohan Joshi,33.0,Male,Consumer,North,Uttar Pradesh,Office Supplies,Envelopes,Window Envelopes,12.23,1,0.3,-0.19
ORD-105027,2022-03-15,2022-03-16,CUST-1654,Divya Joshi,49.0,Female,Consumer,West,Gujarat,Office Supplies,Art,Marker Set,37.71,1,0.1,9.67
ORD-105028,2024-03-23,2024-03-26,CUST-9783,Rahul Mehta,43.0,Male,Consumer,East,Bihar,Furniture,Furnishings,Curtain Set,1254.56,4,0.4,-244.14
ORD-105029,2022-06-09,2022-06-12,CUST-2961,Priya Nair,31.0,Female,Consumer,South,Telangana,Furniture,Tables,Oak Dining Table,2754.06,5,0.1,916.86
ORD-105030,2022-12-13,2022-12-14,CUST-1654,Divya Joshi,47.0,Female,Consumer,East,Bihar,Furniture,Furnishings,Wall Clock,2732.93,6,0.0,1094.94
ORD-105031,2023-09-18,2023-09-25,CUST-6413,Rohan Joshi,34.0,Male,Consumer,South,Telangana,Furniture,Bookcases,Ladder Bookshelf,3404.51,7,0.3,427.02
ORD-105032,2023-10-22,2023-10-29,CUST-1468,Manish Rao,24.0,Male,Consumer,West,Rajasthan,Office Supplies,Labels,Shipping Labels,75.45,2,0.1,21.18
ORD-105033,2023-11-20,2023-11-21,CUST-2466,Sanjay Joshi,25.0,Male,Consumer,West,Maharashtra,Technology,Machines,Label Maker,341.36,5,0.0,142.16
ORD-105034,2022-08-08,2022-08-15,CUST-6013,Pooja Patel,44.0,Female,Home Office,South,Telangana,Office Supplies,Paper,Sticky Notes Pack,64.79,4,0.15,8.7
ORD-105035,2023-03-07,2023-03-09,CUST-9783,Rahul Mehta,43.0,Male,Consumer,Central,Chhattisgarh,Furniture,Chairs,Ergo Mesh Office Chair,940.33,3,0.2,54.91
ORD-105036,2023-12-02,2023-12-09,CUST-1654,Divya Joshi,45.0,Female,Corporate,Central,Madhya Pradesh,Technology,Copiers,Compact Copier,3135.36,5,0.2,83.1
ORD-105037,2024-12-13,2024-12-17,CUST-6558,Rahul Joshi,18.0,Male,Home Office,South,Kerala,Furniture,Bookcases,5-Shelf Bookcase,763.42,7,0.2,100.97
ORD-105038,2024-03-25,2024-04-01,CUST-2170,Ritu Nair,28.0,Female,Consumer,South,Kerala,Furniture,Bookcases,Ladder Bookshelf,963.5,6,0.15,111.55
ORD-105039,2024-11-11,2024-11-14,CUST-6515,Ritu Joshi,51.0,Female,Consumer,West,Gujarat,Furniture,Furnishings,Curtain Set,3028.82,6,0.0,745.42
ORD-105040,2024-05-08,2024-05-13,CUST-1416,Anita Joshi,37.0,Female,Corporate,East,Bihar,Furniture,Furnishings,Area Rug,1688.75,4,0.0,697.3
ORD-105041,2023-11-13,2023-11-15,CUST-6558,Rahul Joshi,18.0,Male,Consumer,North,Delhi,Office Supplies,Envelopes,Mailing Envelopes,176.12,7,0.15,44.3
ORD-105042,2022-09-10,2022-09-12,CUST-1468,Manish Rao,23.0,Male,Consumer,East,Odisha,Office Supplies,Envelopes,Window Envelopes,454.16,6,0.0,199.23
ORD-105043,2024-01-01,2024-01-08,CUST-8135,Arjun Kapoor,35.0,Male,Home Office,Central,Madhya Pradesh,Furniture,Tables,Oak Dining Table,436.44,2,0.0,119.78
ORD-105044,2023-12-05,2023-12-10,CUST-1416,Anita Joshi,36.0,Female,Corporate,North,Delhi,Technology,Copiers,Compact Copier,2957.2,4,0.2,491.35
ORD-105045,2023-11-21,2023-11-26,CUST-5408,Divya Gupta,31.0,Female,Corporate,East,Bihar,Office Supplies,Storage,File Cabinet,50.04,5,0.0,22.21
ORD-105046,2023-07-27,2023-08-02,CUST-9313,Priya Verma,25.0,Female,Corporate,North,Uttar Pradesh,Office Supplies,Binders,3-Ring Binder,158.96,2,0.1,43.27
ORD-105047,2023-09-14,2023-09-19,CUST-8338,Rahul Verma,44.0,Male,Consumer,East,Odisha,Furniture,Bookcases,Ladder Bookshelf,642.61,7,0.0,188.96
ORD-105048,2023-01-02,2023-01-09,CUST-6413,Rohan Joshi,32.0,Male,Consumer,South,Tamil Nadu,Furniture,Bookcases,Corner Bookcase,284.4,1,0.15,79.81
ORD-105049,2023-09-03,2023-09-10,CUST-5909,Divya Iyer,55.0,Female,Home Office,Central,Chhattisgarh,Furniture,Bookcases,5-Shelf Bookcase,1409.09,5,0.2,184.25
ORD-105050,2022-09-16,2022-09-17,CUST-4450,Anita Verma,43.0,Female,Home Office,South,Tamil Nadu,Technology,Copiers,Compact Copier,1377.82,2,0.0,574.73
ORD-105051,2024-07-01,2024-07-04,CUST-5408,Divya Gupta,30.0,Female,Consumer,South,Kerala,Technology,Machines,Laser Printer,648.8,4,0.15,50.57
ORD-105052,2022-09-02,2022-09-08,CUST-8338,Rahul Verma,43.0,Male,Corporate,South,Kerala,Furniture,Furnishings,Wall Clock,183.08,1,0.0,57.05
ORD-105053,2022-04-25,2022-05-02,CUST-8135,Arjun Kapoor,35.0,Male,Home Office,West,Gujarat,Office Supplies,Art,Colored Pencils,95.91,5,0.0,20.34
ORD-105054,2023-05-18,2023-05-19,CUST-1223,Shreya Joshi,30.0,Female,Consumer,West,Maharashtra,Office Supplies,Paper,A4 Copy Paper Ream,234.27,4,,71.3
ORD-105055,2023-12-27,2024-01-02,CUST-4246,Rohan Rao,41.0,Male,Consumer,East,Bihar,Office Supplies,Envelopes,Mailing Envelopes,247.35,4,0.1,46.67
ORD-105056,2023-05-20,2023-05-23,CUST-9313,Priya Verma,28.0,Female,Home Office,South,Karnataka,Furniture,Bookcases,Ladder Bookshelf,599.27,1,0.3,
ORD-105057,2022-11-26,2022-12-02,CUST-7378,Shreya Patel,21.0,Female,Corporate,South,Kerala,Furniture,Furnishings,Wall Clock,2600.19,7,0.0,852.95
ORD-105058,2023-10-15,2023-10-16,CUST-8135,Arjun Kapoor,35.0,Male,Home Office,East,Bihar,Furniture,Tables,Glass Coffee Table,1011.23,7,0.0,405.07
ORD-105059,2023-01-20,2023-01-24,CUST-1416,Anita Joshi,39.0,Female,Consumer,North,Delhi,Office Supplies,Envelopes,Window Envelopes,74.72,1,0.0,31.26
ORD-105060,2024-11-19,2024-11-26,CUST-1416,Anita Joshi,39.0,Female,Consumer,South,Telangana,Office Supplies,Envelopes,Mailing Envelopes,230.91,4,0.4,-35.42
ORD-105061,2024-11-11,2024-11-14,CUST-9313,Priya Verma,29.0,Female,Consumer,North,Haryana,Technology,Accessories,Wireless Mouse,2058.0,3,0.0,682.0
ORD-105062,2023-08-12,2023-08-14,CUST-5976,Rohan Mehta,36.0,Male,Consumer,North,Haryana,Office Supplies,Binders,3-Ring Binder,182.48,6,0.0,78.72
ORD-105063,2022-12-28,2022-12-31,CUST-5682,Kavita Mehta,40.0,Female,Consumer,South,Karnataka,Furniture,Bookcases,Ladder Bookshelf,1270.94,3,0.15,230.19
ORD-105064,2024-04-06,2024-04-09,CUST-1468,Manish Rao,23.0,Male,Corporate,North,Punjab,Furniture,Bookcases,Corner Bookcase,1039.2,3,0.4,-64.45
ORD-105065,2022-02-21,2022-02-24,CUST-1798,Ritu Singh,18.0,Female,Corporate,North,Haryana,Technology,Accessories,Wireless Mouse,407.59,5,0.15,115.0
ORD-105066,2023-07-06,2023-07-10,CUST-5682,Kavita Mehta,44.0,Female,Consumer,Central,Chhattisgarh,Office Supplies,Storage,File Cabinet,17.0,1,0.1,2.85
ORD-105067,2023-01-05,2023-01-12,CUST-9313,Priya Verma,28.0,Female,Home Office,South,Kerala,Office Supplies,Art,Marker Set,192.04,6,0.15,45.26
ORD-105068,2024-11-10,2024-11-11,CUST-1175,Vivek Reddy,37.0,Male,Consumer,Central,Chhattisgarh,Technology,Copiers,Office Copier 200,3351.23,4,0.1,1084.71
ORD-105069,2022-01-17,2022-01-24,CUST-2345,Aditya Singh,35.0,Male,Consumer,West,Rajasthan,Technology,Phones,Budget Smartphone S5,1338.83,3,0.0,
ORD-105070,2023-10-10,2023-10-12,CUST-1733,Karan Joshi,27.0,Male,Consumer,South,Kerala,Technology,Machines,Label Maker,98.99,1,0.0,43.41
ORD-105071,2024-04-11,2024-04-12,CUST-7671,Neha Singh,29.0,Female,Consumer,West,Rajasthan,Office Supplies,Labels,Shipping Labels,126.28,6,0.3,-9.47
ORD-105072,2023-07-20,2023-07-26,CUST-1852,Karan Joshi,48.0,Male,Consumer,East,Odisha,Technology,Copiers,Office Copier 200,1110.06,5,0.2,92.64
ORD-105073,2022-04-26,2022-05-02,CUST-7505,Suresh Sharma,37.0,Male,Consumer,East,West Bengal,Technology,Accessories,Wireless Mouse,4037.4,6,0.2,688.94
ORD-105074,2024-12-15,2024-12-21,CUST-6413,Rohan Joshi,34.0,Male,Home Office,North,Haryana,Office Supplies,Envelopes,Window Envelopes,157.1,3,0.15,46.53
ORD-105075,2023-09-01,2023-09-02,CUST-1733,Karan Joshi,27.0,Male,Home Office,North,Delhi,Furniture,Tables,Round Side Table,2348.78,5,0.2,329.51
ORD-105076,2023-11-30,2023-12-05,CUST-1468,Manish Rao,24.0,Male,Corporate,South,Telangana,Furniture,Bookcases,5-Shelf Bookcase,893.65,5,0.0,245.36
ORD-105077,2022-10-27,2022-10-31,CUST-1654,Divya Joshi,48.0,Female,Home Office,South,Telangana,Office Supplies,Binders,View Binder,219.85,7,0.0,56.07
ORD-105078,2023-07-18,2023-07-23,CUST-7211,Amit Iyer,18.0,Male,Consumer,Central,Chhattisgarh,Technology,Accessories,Mechanical Keyboard,1425.95,5,0.0,383.05
ORD-105079,2023-05-09,2023-05-16,CUST-6413,Rohan Joshi,34.0,Male,Consumer,West,Rajasthan,Technology,Copiers,Office Copier 200,2497.39,4,0.3,320.58
ORD-105080,2022-04-12,2022-04-18,CUST-1654,Divya Joshi,45.0,Female,Corporate,Central,Chhattisgarh,Furniture,Chairs,Foldable Study Chair,235.75,1,0.2,30.36
ORD-105081,2022-05-21,2022-05-25,CUST-1468,Manish Rao,23.0,Male,Corporate,South,Tamil Nadu,Technology,Machines,3D Printer Mini,375.2,7,0.0,119.82
ORD-105082,2024-08-14,2024-08-15,CUST-2387,Karan Iyer,45.0,Male,Home Office,West,Maharashtra,Technology,Machines,3D Printer Mini,527.68,5,0.1,82.34
ORD-105083,2022-10-30,2022-11-05,CUST-7505,Suresh Sharma,38.0,Male,Home Office,South,Karnataka,Technology,Copiers,Office Copier 200,765.34,2,0.15,59.62
ORD-105084,2022-09-13,2022-09-14,CUST-6263,Divya Mehta,53.0,Female,Corporate,West,Maharashtra,Office Supplies,Art,Sketch Pad,93.66,2,0.0,18.91
ORD-105085,2023-08-15,2023-08-19,CUST-4246,Rohan Rao,40.0,Male,Corporate,Central,Madhya Pradesh,Technology,Accessories,Wireless Mouse,2827.6,4,,696.29
ORD-105086,2024-05-16,2024-05-17,CUST-7505,Suresh Sharma,35.0,Male,Corporate,West,Gujarat,Office Supplies,Binders,View Binder,29.92,1,0.1,
ORD-105087,2022-03-27,2022-03-28,CUST-8162,Rohan Nair,32.0,Male,Consumer,North,Punjab,Furniture,Bookcases,Corner Bookcase,926.39,4,0.15,156.19
ORD-105088,2023-11-02,2023-11-04,CUST-1733,Karan Joshi,26.0,Male,Corporate,West,Maharashtra,Furniture,Chairs,Recliner Lounge Chair,551.19,1,0.0,179.69
ORD-105089,2022-06-07,2022-06-14,CUST-1654,Divya Joshi,45.0,Female,Consumer,North,Delhi,Furniture,Furnishings,Area Rug,265.41,2,0.3,39.3
ORD-105090,2022-02-21,2022-02-26,CUST-7505,Suresh Sharma,36.0,Male,Home Office,East,Bihar,Furniture,Tables,Adjustable Standing Desk,963.99,7,0.0,276.95
ORD-105091,2022-03-15,2022-03-20,CUST-3216,Anita Verma,,Female,Home Office,East,West Bengal,Technology,Copiers,Compact Copier,3853.05,7,0.1,1143.32
ORD-105092,2024-08-10,2024-08-15,CUST-8157,Amit Reddy,21.0,Male,Home Office,Central,Madhya Pradesh,Office Supplies,Binders,View Binder,73.37,4,0.3,10.63
ORD-105093,2022-06-05,2022-06-08,CUST-3056,Amit Patel,22.0,Male,Home Office,East,West Bengal,Furniture,Chairs,Foldable Study Chair,547.79,2,0.0,239.85
ORD-105094,2022-03-05,2022-03-07,CUST-8938,Rohan Verma,58.0,Male,Consumer,North,Punjab,Technology,Phones,Budget Smartphone S5,942.42,3,0.3,-20.86
ORD-105095,2023-05-20,2023-05-26,CUST-3056,Amit Patel,24.0,Male,Consumer,South,Karnataka,Technology,Accessories,Webcam HD,1353.43,2,0.15,294.91
ORD-105096,2024-08-22,2024-08-28,CUST-3216,Anita Verma,44.0,Female,Corporate,Central,Chhattisgarh,Furniture,Chairs,Foldable Study Chair,864.02,6,0.3,-40.51
ORD-105097,2022-11-16,2022-11-22,CUST-1654,Divya Joshi,45.0,Female,Consumer,South,Tamil Nadu,Office Supplies,Storage,File Cabinet,229.99,3,0.0,67.13
ORD-105098,2023-04-30,2023-05-05,CUST-1733,Karan Joshi,29.0,Male,Corporate,South,Tamil Nadu,Office Supplies,Binders,Clip Binder,353.09,5,0.15,68.05
ORD-105099,2022-02-26,2022-03-05,CUST-6590,Arjun Iyer,34.0,Male,Consumer,North,Uttar Pradesh,Office Supplies,Envelopes,Window Envelopes,49.35,2,0.15,10.59
ORD-105100,2023-06-03,2023-06-08,CUST-1402,Neha Singh,40.0,Female,Consumer,South,Telangana,Office Supplies,Envelopes,Mailing Envelopes,222.53,3,0.2,5.38
ORD-105101,2023-11-03,2023-11-10,CUST-7671,Neha Singh,28.0,Female,Consumer,South,Telangana,Furniture,Furnishings,Curtain Set,572.15,3,0.1,85.91
ORD-105102,2023-10-28,2023-10-30,CUST-2925,Rahul Joshi,51.0,Male,Corporate,South,Tamil Nadu,Office Supplies,Binders,View Binder,225.34,7,0.4,-37.15
ORD-105103,2022-12-31,2023-01-07,CUST-8380,Sneha Verma,31.0,Female,Consumer,East,Odisha,Office Supplies,Labels,Address Labels,225.79,3,0.2,7.48
ORD-105104,2022-12-21,2022-12-22,CUST-7680,Arjun Rao,24.0,Male,Home Office,Central,Madhya Pradesh,Furniture,Furnishings,Area Rug,2045.65,5,0.0,704.92
ORD-105105,2022-05-22,2022-05-27,CUST-5321,Sneha Iyer,35.0,Female,Corporate,South,Telangana,Technology,Accessories,Mechanical Keyboard,3362.32,4,0.3,240.77
ORD-105106,2023-02-17,2023-02-23,CUST-1359,Aditya Rao,30.0,Male,Corporate,West,Maharashtra,Office Supplies,Labels,Shipping Labels,77.3,4,0.2,16.83
ORD-105107,2022-05-13,2022-05-14,CUST-5821,Rohan Iyer,24.0,Male,Home Office,Central,Chhattisgarh,Office Supplies,Binders,View Binder,149.39,3,0.0,47.56
ORD-105108,2024-05-14,2024-05-19,CUST-8292,Vivek Kapoor,19.0,Male,Corporate,West,Gujarat,Office Supplies,Paper,Notebook Set,96.97,5,0.0,38.3
ORD-105109,2024-12-11,2024-12-15,CUST-6468,Nikhil Gupta,27.0,Male,Home Office,North,Haryana,Office Supplies,Storage,Desk Organizer,381.61,5,0.2,62.8
ORD-105110,2024-12-13,2024-12-16,CUST-6138,Pooja Kapoor,27.0,Female,Consumer,North,Delhi,Office Supplies,Art,Marker Set,435.92,7,0.1,77.71
ORD-105111,2024-09-17,2024-09-22,CUST-2925,Rahul Joshi,53.0,Male,Consumer,South,Tamil Nadu,Office Supplies,Binders,Clip Binder,197.28,3,0.1,56.51
ORD-105112,2023-11-20,2023-11-24,CUST-1202,Amit Sharma,43.0,Male,Corporate,North,Haryana,Technology,Copiers,Office Copier 200,2062.93,4,0.2,363.44
ORD-105113,2024-02-18,2024-02-20,CUST-5321,Sneha Iyer,38.0,Female,Corporate,East,Bihar,Office Supplies,Paper,A4 Copy Paper Ream,239.59,5,0.15,39.8
ORD-105114,2022-12-02,2022-12-06,CUST-1402,Neha Singh,42.0,Female,Consumer,East,West Bengal,Office Supplies,Paper,Sticky Notes Pack,251.03,5,0.0,86.8
ORD-105115,2023-12-10,2023-12-12,CUST-1798,Ritu Singh,18.0,Female,Consumer,West,Maharashtra,Office Supplies,Storage,Storage Box Set,151.88,6,0.0,58.92
ORD-105116,2023-06-11,2023-06-16,CUST-1654,Divya Joshi,46.0,Female,Home Office,East,West Bengal,Office Supplies,Storage,File Cabinet,99.24,4,0.0,35.31
ORD-105117,2023-07-16,2023-07-18,CUST-7848,Vikram Reddy,23.0,Male,Consumer,North,Delhi,Technology,Phones,Budget Smartphone S5,2499.05,3,0.15,526.31
ORD-105118,2024-05-03,2024-05-07,CUST-7505,Suresh Sharma,37.0,Male,Consumer,East,Odisha,Technology,Copiers,Compact Copier,2112.06,4,0.0,813.13
ORD-105119,2022-11-30,2022-12-07,CUST-1359,Aditya Rao,32.0,Male,Corporate,South,Kerala,Furniture,Furnishings,Area Rug,934.37,2,0.3,73.53
ORD-105120,2022-12-22,2022-12-25,CUST-3575,Amit Patel,36.0,Male,Consumer,West,Maharashtra,Office Supplies,Envelopes,Mailing Envelopes,126.13,2,0.0,37.36
ORD-105121,2024-11-13,2024-11-14,CUST-8938,Rohan Verma,59.0,Male,Consumer,South,Tamil Nadu,Office Supplies,Paper,A4 Copy Paper Ream,104.49,7,0.0,33.98
ORD-105122,2022-03-19,2022-03-20,CUST-4247,Arjun Mehta,55.0,Male,Home Office,Central,Chhattisgarh,Office Supplies,Envelopes,Mailing Envelopes,306.93,4,0.0,88.17
ORD-105123,2023-07-21,2023-07-24,CUST-7946,Pooja Singh,32.0,Female,Home Office,West,Rajasthan,Office Supplies,Envelopes,Window Envelopes,122.64,6,0.1,13.89
ORD-105124,2024-11-04,2024-11-10,CUST-5835,Isha Singh,,Female,Corporate,North,Uttar Pradesh,Office Supplies,Paper,Notebook Set,95.06,7,0.15,18.01
ORD-105125,2023-11-27,2023-11-28,CUST-2158,Isha Mehta,45.0,Female,Consumer,North,Delhi,Office Supplies,Labels,Shipping Labels,37.82,1,0.15,4.73
ORD-105126,2023-10-04,2023-10-09,CUST-9143,Amit Mehta,64.0,Male,Consumer,West,Gujarat,Technology,Copiers,Compact Copier,3090.67,6,0.0,1356.08
ORD-105127,2022-11-07,2022-11-13,CUST-7378,Shreya Patel,23.0,Female,Corporate,West,Maharashtra,Office Supplies,Envelopes,Mailing Envelopes,43.68,1,0.1,10.01
ORD-105128,2023-01-14,2023-01-19,CUST-2387,Karan Iyer,45.0,Male,Consumer,West,Gujarat,Technology,Phones,Cordless Landline,3623.22,5,0.0,927.92
ORD-105129,2024-09-02,2024-09-06,CUST-3595,Isha Nair,25.0,Female,Consumer,East,Bihar,Technology,Accessories,Wireless Mouse,2585.49,7,0.1,689.02
ORD-105130,2023-10-16,2023-10-20,CUST-7716,Meera Sharma,44.0,Female,Consumer,Central,Chhattisgarh,Office Supplies,Art,Marker Set,176.38,4,0.1,40.46
ORD-105131,2023-08-28,2023-09-03,CUST-1657,Neha Nair,43.0,Female,Corporate,West,Maharashtra,Technology,Machines,Label Maker,1466.11,3,0.3,28.52
ORD-105132,2022-05-13,2022-05-19,CUST-1202,Amit Sharma,42.0,Male,Consumer,East,Odisha,Furniture,Tables,Glass Coffee Table,1322.85,3,0.2,45.74
ORD-105133,2022-01-22,2022-01-28,CUST-3198,Meera Singh,18.0,Female,Consumer,West,Rajasthan,Office Supplies,Binders,View Binder,155.17,2,0.2,31.64
ORD-105134,2024-12-09,2024-12-15,CUST-1202,Amit Sharma,44.0,Male,Corporate,East,Bihar,Office Supplies,Labels,Shipping Labels,69.03,3,0.2,7.41
ORD-105135,2023-03-03,2023-03-05,CUST-1359,Aditya Rao,33.0,Male,Consumer,North,Uttar Pradesh,Technology,Accessories,USB-C Hub,1879.31,5,0.0,477.77
ORD-105136,2023-11-22,2023-11-29,CUST-6810,Anita Verma,31.0,Female,Consumer,Central,Madhya Pradesh,Furniture,Tables,Glass Coffee Table,1129.29,3,0.2,47.97
ORD-105137,2022-04-19,2022-04-25,CUST-6659,Neha Singh,36.0,Female,Corporate,East,Bihar,Office Supplies,Storage,File Cabinet,27.42,1,0.2,1.51
ORD-105138,2024-01-24,2024-01-31,CUST-2688,Priya Reddy,48.0,Female,Corporate,West,Rajasthan,Furniture,Bookcases,Ladder Bookshelf,335.14,4,0.1,45.01
ORD-105139,2024-11-18,2024-11-24,CUST-9460,Pooja Iyer,26.0,Female,Corporate,North,Haryana,Technology,Machines,Laser Printer,131.66,2,0.2,29.32
ORD-105140,2023-11-01,2023-11-05,CUST-1359,Aditya Rao,33.0,Male,Corporate,West,Maharashtra,Technology,Copiers,Office Copier 200,847.58,2,0.4,-111.81
ORD-105141,2022-06-16,2022-06-21,CUST-8943,Meera Nair,45.0,Female,Consumer,South,Kerala,Office Supplies,Art,Marker Set,170.81,3,0.0,37.5
ORD-105142,2023-11-06,2023-11-13,CUST-8560,Ritu Verma,18.0,Female,Consumer,Central,Chhattisgarh,Office Supplies,Binders,View Binder,5.74,1,0.0,1.57
ORD-105143,2024-05-13,2024-05-17,CUST-8578,Suresh Kapoor,44.0,Male,Consumer,East,Bihar,Furniture,Tables,Glass Coffee Table,2151.46,5,0.4,-44.96
ORD-105144,2023-04-10,2023-04-11,CUST-9460,Pooja Iyer,25.0,Female,Home Office,West,Maharashtra,Office Supplies,Labels,Address Labels,303.07,4,0.2,34.61
ORD-105145,2024-10-03,2024-10-05,CUST-6770,Aditya Rao,40.0,Male,Home Office,North,Delhi,Office Supplies,Envelopes,Mailing Envelopes,202.09,3,0.0,87.73
ORD-105146,2023-12-21,2023-12-23,CUST-6468,Nikhil Gupta,29.0,Male,Corporate,West,Gujarat,Furniture,Furnishings,Wall Clock,1158.09,7,0.2,264.82
ORD-105147,2024-10-23,2024-10-28,CUST-4843,Rahul Kapoor,56.0,Male,Consumer,East,Odisha,Technology,Copiers,Office Copier 200,3436.54,5,0.0,1465.59
ORD-105148,2023-12-05,2023-12-11,CUST-8499,Nikhil Verma,34.0,Male,Consumer,North,Haryana,Office Supplies,Envelopes,Window Envelopes,111.78,2,0.2,21.13
ORD-105149,2022-06-22,2022-06-26,CUST-6810,Anita Verma,31.0,Female,Consumer,East,Odisha,Technology,Copiers,Office Copier 200,231.95,1,0.1,67.37
ORD-105150,2022-12-17,2022-12-18,CUST-6659,Neha Singh,37.0,Female,Home Office,East,Bihar,Technology,Accessories,Webcam HD,536.08,2,0.3,7.54
ORD-105151,2022-09-21,2022-09-25,CUST-2718,Suresh Joshi,32.0,Male,Consumer,West,Rajasthan,Office Supplies,Labels,Shipping Labels,295.49,5,0.2,34.13
ORD-105152,2024-11-01,2024-11-07,CUST-5869,Anita Kapoor,,Female,Consumer,West,Rajasthan,Office Supplies,Paper,A4 Copy Paper Ream,117.48,7,0.0,48.29
ORD-105153,2024-05-06,2024-05-12,CUST-2387,Karan Iyer,45.0,Male,Consumer,East,West Bengal,Technology,Copiers,Office Copier 200,1548.48,4,0.1,501.56
ORD-105154,2024-01-14,2024-01-17,CUST-1999,Sanjay Sharma,37.0,Male,Corporate,Central,Chhattisgarh,Office Supplies,Paper,Notebook Set,28.16,1,0.1,8.46
ORD-105155,2022-12-12,2022-12-16,CUST-8083,Anita Patel,36.0,Female,Consumer,Central,Madhya Pradesh,Office Supplies,Paper,A4 Copy Paper Ream,138.98,5,0.0,51.67
ORD-105156,2022-08-31,2022-09-05,CUST-4246,Aditya Mehta,18.0,Male,Consumer,South,Karnataka,Technology,Accessories,Mechanical Keyboard,1168.67,4,0.0,337.99
ORD-105157,2024-05-01,2024-05-05,CUST-4511,Ritu Verma,38.0,Female,Consumer,North,Punjab,Office Supplies,Paper,Sticky Notes Pack,310.03,6,0.15,17.27
ORD-105158,2023-07-05,2023-07-07,CUST-6916,Isha Rao,34.0,Female,Consumer,South,Kerala,Office Supplies,Art,Colored Pencils,254.68,4,0.0,81.62
ORD-105159,2022-10-16,2022-10-17,CUST-2387,Karan Iyer,47.0,Male,Home Office,South,Tamil Nadu,Technology,Accessories,Wireless Mouse,359.03,1,0.3,-25.95
ORD-105160,2023-12-01,2023-12-08,CUST-9923,Divya Joshi,20.0,Female,Consumer,East,West Bengal,Furniture,Furnishings,Wall Clock,851.93,4,0.0,308.14
ORD-105161,2022-02-26,2022-03-03,CUST-6916,Isha Rao,30.0,Female,Consumer,North,Haryana,Furniture,Bookcases,Ladder Bookshelf,1170.07,7,0.3,132.92
ORD-105162,2022-12-27,2022-12-30,CUST-2308,Karan Patel,29.0,Male,Home Office,West,Gujarat,Office Supplies,Paper,Sticky Notes Pack,163.81,4,0.1,39.38
ORD-105163,2023-06-28,2023-06-29,CUST-6770,Aditya Rao,43.0,Male,Consumer,East,West Bengal,Technology,Machines,3D Printer Mini,337.78,1,0.2,6.58
ORD-105164,2022-07-15,2022-07-16,CUST-8943,Meera Nair,47.0,Female,Corporate,West,Maharashtra,Office Supplies,Binders,3-Ring Binder,17.21,1,0.2,2.15
ORD-105165,2024-12-22,2024-12-29,CUST-2308,Karan Patel,25.0,Male,Home Office,East,Odisha,Technology,Accessories,Mechanical Keyboard,101.69,1,0.3,-9.68
ORD-105166,2022-09-29,2022-10-01,CUST-6232,Priya Reddy,26.0,Female,Consumer,Central,Chhattisgarh,Office Supplies,Envelopes,Window Envelopes,142.03,4,0.2,12.89
ORD-105167,2022-06-21,2022-06-23,CUST-9923,Divya Joshi,21.0,Female,Home Office,South,Kerala,Technology,Accessories,Wireless Mouse,3587.22,6,0.15,248.6
ORD-105168,2022-09-23,2022-09-25,CUST-9331,Karan Rao,25.0,Male,Consumer,West,Gujarat,Furniture,Tables,Oak Dining Table,2770.58,5,0.0,645.78
ORD-105169,2024-05-17,2024-05-22,CUST-6845,Suresh Patel,,Male,Consumer,South,Telangana,Office Supplies,Art,Colored Pencils,306.51,5,0.2,8.91
ORD-105170,2023-05-05,2023-05-09,CUST-5334,Rahul Reddy,28.0,Male,Corporate,West,Rajasthan,Technology,Accessories,USB-C Hub,2600.15,5,0.0,1027.05
ORD-105171,2023-10-23,2023-10-24,CUST-8797,Manish Kapoor,25.0,Male,Consumer,East,Odisha,Furniture,Tables,Adjustable Standing Desk,442.22,1,0.2,73.11
ORD-105172,2022-01-29,2022-02-02,CUST-5111,Pooja Joshi,31.0,Female,Consumer,West,Rajasthan,Technology,Machines,Laser Printer,2592.96,5,0.0,867.29
ORD-105173,2022-02-18,2022-02-22,CUST-7101,Pooja Patel,34.0,Female,Corporate,West,Rajasthan,Office Supplies,Envelopes,Window Envelopes,65.53,3,0.1,7.63
ORD-105174,2023-05-29,2023-05-31,CUST-8466,Anjali Joshi,35.0,Female,Consumer,South,Karnataka,Technology,Machines,3D Printer Mini,1690.56,5,0.1,236.45
ORD-105175,2024-07-17,2024-07-21,CUST-6263,Divya Mehta,52.0,Female,Consumer,East,West Bengal,Furniture,Tables,Round Side Table,984.65,2,0.2,115.09
ORD-105176,2024-10-09,2024-10-10,CUST-8466,Anjali Joshi,37.0,Female,Home Office,Central,Madhya Pradesh,Furniture,Chairs,Recliner Lounge Chair,571.0,1,0.3,-1.2
ORD-105177,2022-04-28,2022-04-29,CUST-4402,Ritu Patel,30.0,Female,Corporate,East,Odisha,Technology,Copiers,Compact Copier,2821.2,4,0.15,740.54
ORD-105178,2023-09-25,2023-10-01,CUST-2925,Rahul Joshi,54.0,Male,Corporate,North,Haryana,Furniture,Furnishings,Table Lamp,1505.23,3,0.15,335.34
ORD-105179,2024-11-04,2024-11-07,CUST-1661,Ritu Iyer,26.0,Female,Consumer,West,Maharashtra,Office Supplies,Envelopes,Mailing Envelopes,334.08,6,0.2,51.56
ORD-105180,2023-03-17,2023-03-22,CUST-9706,Aditya Patel,32.0,Male,Consumer,North,Haryana,Technology,Phones,Smartphone X12,1500.14,3,0.0,443.28
ORD-105181,2024-08-04,2024-08-08,CUST-8466,Anjali Joshi,39.0,Female,Consumer,South,Tamil Nadu,Office Supplies,Art,Marker Set,106.14,7,0.15,27.93
ORD-105182,2022-06-25,2022-06-30,CUST-1657,Neha Nair,42.0,Female,Consumer,South,Tamil Nadu,Technology,Machines,Label Maker,650.05,1,0.0,164.64
ORD-105183,2024-11-20,2024-11-25,CUST-6643,Amit Patel,18.0,Male,Consumer,North,Uttar Pradesh,Office Supplies,Labels,Shipping Labels,101.58,3,0.4,-15.19
ORD-105184,2024-04-25,2024-04-30,CUST-4953,Vivek Rao,20.0,Male,Consumer,East,West Bengal,Technology,Phones,Budget Smartphone S5,882.51,7,0.0,372.03
ORD-105185,2024-11-25,2024-12-02,CUST-5067,Amit Gupta,47.0,Male,Consumer,North,Delhi,Technology,Phones,Budget Smartphone S5,3856.49,6,0.0,1014.49
ORD-105186,2024-01-15,2024-01-21,CUST-2925,Rahul Joshi,51.0,Male,Consumer,North,Uttar Pradesh,Office Supplies,Labels,Address Labels,66.87,6,0.0,29.82
ORD-105187,2023-02-12,2023-02-17,CUST-4402,Ritu Patel,30.0,Female,Corporate,North,Punjab,Office Supplies,Binders,View Binder,11.25,2,0.0,4.12
ORD-105188,2024-11-22,2024-11-28,CUST-6770,Aditya Rao,42.0,Male,Consumer,East,Odisha,Office Supplies,Art,Marker Set,43.68,2,0.0,9.16
ORD-105189,2022-11-26,2022-11-27,CUST-9706,Aditya Patel,33.0,Male,Home Office,North,Punjab,Office Supplies,Binders,Clip Binder,197.57,3,0.1,44.05
ORD-105190,2022-12-31,2023-01-07,CUST-5689,Divya Rao,40.0,Female,Home Office,South,Karnataka,Furniture,Chairs,Ergo Mesh Office Chair,843.69,2,0.0,218.08
ORD-105191,2024-02-18,2024-02-22,CUST-6770,Aditya Rao,,Male,Consumer,East,Odisha,Office Supplies,Paper,Sticky Notes Pack,266.92,6,0.1,72.84
ORD-105192,2024-05-12,2024-05-18,CUST-6770,Aditya Rao,42.0,Male,Corporate,West,Rajasthan,Office Supplies,Art,Marker Set,37.45,2,0.0,10.75
ORD-105193,2024-11-16,2024-11-19,CUST-6330,Sanjay Verma,42.0,Male,Home Office,East,Odisha,Technology,Phones,Smartphone X12,170.48,2,0.0,34.62
ORD-105194,2022-09-24,2022-09-29,CUST-9892,Divya Mehta,26.0,Female,Consumer,West,Gujarat,Furniture,Furnishings,Table Lamp,2365.56,4,0.1,311.2
ORD-105195,2024-06-22,2024-06-29,CUST-9363,Rohan Kapoor,44.0,Male,Consumer,Central,Madhya Pradesh,Furniture,Tables,Adjustable Standing Desk,1014.2,7,0.0,445.43
ORD-105196,2024-04-08,2024-04-11,CUST-4402,Ritu Patel,31.0,Female,Consumer,West,Maharashtra,Office Supplies,Binders,Clip Binder,270.26,4,0.1,40.23
ORD-105197,2022-03-29,2022-03-30,CUST-9985,Pooja Iyer,41.0,Female,Consumer,West,Maharashtra,Furniture,Bookcases,Ladder Bookshelf,625.62,3,0.1,186.06
ORD-105198,2023-03-16,2023-03-17,CUST-5573,Rohan Rao,33.0,Male,Corporate,South,Kerala,Furniture,Tables,Oak Dining Table,950.35,2,0.4,-89.01
ORD-105199,2022-12-01,2022-12-03,CUST-1312,Shreya Iyer,34.0,Female,Consumer,East,West Bengal,Furniture,Bookcases,Corner Bookcase,1745.99,7,0.4,-117.84
ORD-105200,2022-12-14,2022-12-19,CUST-2835,Shreya Patel,59.0,Female,Home Office,Central,Madhya Pradesh,Office Supplies,Labels,Address Labels,197.6,7,0.0,54.83
ORD-105201,2024-12-21,2024-12-23,CUST-6179,Neha Kapoor,30.0,Female,Consumer,East,West Bengal,Office Supplies,Art,Sketch Pad,230.01,3,0.0,47.61
ORD-105202,2023-12-17,2023-12-24,CUST-6263,Divya Mehta,53.0,Female,Home Office,East,Bihar,Furniture,Bookcases,Ladder Bookshelf,3433.61,6,0.0,1532.4
ORD-105203,2024-03-12,2024-03-15,CUST-2507,Sanjay Gupta,26.0,Male,Home Office,West,Rajasthan,Furniture,Bookcases,5-Shelf Bookcase,2359.34,6,0.0,549.67
ORD-105204,2024-12-17,2024-12-21,CUST-9762,Rohan Kapoor,38.0,Male,Corporate,West,Maharashtra,Technology,Phones,Smartphone X12,2997.71,7,0.1,517.43
ORD-105205,2023-03-04,2023-03-06,CUST-8466,Anjali Joshi,39.0,Female,Consumer,West,Rajasthan,Technology,Machines,Label Maker,2871.72,7,0.1,352.03
ORD-105206,2024-06-27,2024-06-28,CUST-8617,Aditya Mehta,44.0,Male,Consumer,West,Rajasthan,Office Supplies,Storage,Storage Box Set,36.84,1,0.0,13.18
ORD-105207,2023-05-16,2023-05-21,CUST-3133,Sanjay Verma,43.0,Male,Home Office,West,Rajasthan,Furniture,Bookcases,5-Shelf Bookcase,3541.94,6,0.0,1117.63
ORD-105208,2024-09-22,2024-09-25,CUST-6512,Suresh Gupta,40.0,Male,Home Office,Central,Madhya Pradesh,Furniture,Furnishings,Table Lamp,1174.62,7,0.15,301.43
ORD-105209,2022-08-27,2022-09-02,CUST-7923,Sanjay Gupta,36.0,Male,Home Office,West,Maharashtra,Office Supplies,Labels,Shipping Labels,352.08,6,0.0,124.19
ORD-105210,2024-11-29,2024-12-06,CUST-7931,Priya Iyer,39.0,Female,Corporate,East,Bihar,Office Supplies,Paper,Notebook Set,17.58,3,0.0,3.53
ORD-105211,2022-10-09,2022-10-16,CUST-3204,Amit Rao,39.0,Male,Consumer,South,Kerala,Office Supplies,Storage,Desk Organizer,388.97,6,0.1,70.54
ORD-105212,2022-12-27,2022-12-28,CUST-4953,Vivek Rao,24.0,Male,Consumer,West,Gujarat,Office Supplies,Art,Marker Set,86.8,2,0.2,9.47
ORD-105213,2024-05-01,2024-05-07,CUST-9892,Divya Mehta,28.0,Female,Home Office,West,Maharashtra,Office Supplies,Binders,3-Ring Binder,131.14,6,0.0,53.99
ORD-105214,2023-03-25,2023-04-01,CUST-3131,Divya Verma,34.0,Female,Consumer,Central,Madhya Pradesh,Office Supplies,Art,Marker Set,327.12,5,0.2,23.71
ORD-105215,2023-11-25,2023-11-29,CUST-5996,Vivek Reddy,32.0,Male,Corporate,South,Tamil Nadu,Technology,Copiers,Office Copier 200,4515.3,7,0.0,1514.77
ORD-105216,2023-05-28,2023-06-02,CUST-4071,Ritu Iyer,33.0,Female,Home Office,South,Tamil Nadu,Office Supplies,Art,Colored Pencils,182.02,4,0.15,40.19
ORD-105217,2024-04-13,2024-04-17,CUST-5497,Karan Gupta,40.0,Male,Corporate,Central,Madhya Pradesh,Technology,Accessories,Webcam HD,988.86,2,0.3,89.01
ORD-105218,2022-10-19,2022-10-26,CUST-8943,Meera Nair,,Female,Consumer,North,Delhi,Furniture,Tables,Round Side Table,1250.81,4,0.0,528.81
ORD-105219,2022-03-22,2022-03-26,CUST-5421,Suresh Singh,20.0,Male,Corporate,West,Maharashtra,Office Supplies,Binders,Clip Binder,343.62,6,0.0,131.69
ORD-105220,2022-12-11,2022-12-18,CUST-9985,Vivek Rao,31.0,Male,Consumer,West,Maharashtra,Office Supplies,Envelopes,Mailing Envelopes,92.3,2,0.3,12.58
ORD-105221,2023-07-05,2023-07-10,CUST-3036,Vivek Mehta,40.0,Male,Home Office,West,Maharashtra,Technology,Phones,Smartphone X12,2207.91,7,0.0,783.96
ORD-105222,2022-08-11,2022-08-16,CUST-2034,Aditya Joshi,33.0,Male,Consumer,North,Haryana,Furniture,Bookcases,Corner Bookcase,1609.32,6,0.3,-41.75
ORD-105223,2023-01-30,2023-02-05,CUST-9892,Divya Mehta,25.0,Female,Consumer,South,Tamil Nadu,Technology,Accessories,USB-C Hub,640.1,5,0.0,225.53
ORD-105224,2023-04-02,2023-04-06,CUST-6209,Meera Patel,34.0,Female,Corporate,South,Karnataka,Technology,Phones,Cordless Landline,521.47,6,0.15,101.56
ORD-105225,2022-03-21,2022-03-24,CUST-1475,Ritu Sharma,27.0,Female,Consumer,North,Delhi,Furniture,Chairs,Executive Leather Chair,1843.85,7,0.0,
ORD-105226,2023-11-07,2023-11-13,CUST-2507,Sanjay Gupta,29.0,Male,Consumer,North,Punjab,Office Supplies,Paper,Sticky Notes Pack,33.74,4,0.0,12.21
ORD-105227,2024-10-08,2024-10-13,CUST-7931,Priya Iyer,39.0,Female,Consumer,West,Rajasthan,Office Supplies,Labels,Address Labels,404.24,6,0.0,83.27
ORD-105228,2022-07-20,2022-07-21,CUST-8411,Anjali Rao,42.0,Female,Consumer,West,Rajasthan,Furniture,Furnishings,Wall Clock,585.1,3,0.0,123.19
ORD-105229,2023-11-18,2023-11-25,CUST-6016,Kavita Sharma,36.0,Female,Corporate,West,Rajasthan,Furniture,Chairs,Executive Leather Chair,2639.01,7,0.2,138.21
ORD-105230,2023-12-31,2024-01-06,CUST-6762,Karan Rao,42.0,Male,Consumer,East,Odisha,Furniture,Tables,Round Side Table,257.02,1,0.15,21.64
ORD-105231,2023-04-27,2023-04-29,CUST-1475,Ritu Sharma,29.0,Female,Corporate,West,Maharashtra,Technology,Accessories,USB-C Hub,3298.8,6,0.1,693.59
ORD-105232,2024-02-18,2024-02-21,CUST-3169,Arjun Verma,39.0,Male,Consumer,East,Bihar,Technology,Accessories,USB-C Hub,2400.66,3,0.4,-306.03
ORD-105233,2023-04-16,2023-04-23,CUST-6263,Divya Mehta,52.0,Female,Corporate,East,Odisha,Office Supplies,Paper,A4 Copy Paper Ream,234.41,3,0.0,61.68
ORD-105234,2023-08-15,2023-08-21,CUST-2925,Arjun Sharma,33.0,Male,Home Office,North,Uttar Pradesh,Office Supplies,Art,Colored Pencils,518.63,7,0.1,80.73
ORD-105235,2022-01-11,2022-01-16,CUST-1932,Suresh Verma,44.0,Male,Home Office,East,Odisha,Technology,Accessories,Mechanical Keyboard,2054.07,5,0.4,-289.82
ORD-105236,2024-02-05,2024-02-10,CUST-6293,Sneha Joshi,50.0,Female,Consumer,East,Odisha,Furniture,Tables,Adjustable Standing Desk,626.41,6,0.0,266.47
ORD-105237,2023-12-29,2024-01-01,CUST-2231,Anita Kapoor,41.0,Female,Consumer,North,Haryana,Technology,Copiers,Compact Copier,552.3,2,0.0,158.33
ORD-105238,2022-02-24,2022-02-26,CUST-7984,Divya Rao,34.0,Female,Corporate,South,Telangana,Furniture,Tables,Adjustable Standing Desk,801.85,3,0.2,9.35
ORD-105239,2023-02-19,2023-02-25,CUST-8560,Ritu Verma,19.0,Female,Consumer,West,Gujarat,Technology,Machines,Laser Printer,708.23,5,0.0,216.22
ORD-105240,2024-12-19,2024-12-25,CUST-1902,Vivek Verma,18.0,Male,Consumer,South,Tamil Nadu,Technology,Copiers,Compact Copier,1002.75,3,0.3,-21.91
ORD-105241,2023-04-29,2023-05-03,CUST-2231,Anita Kapoor,41.0,Female,Corporate,North,Punjab,Furniture,Tables,Glass Coffee Table,95.32,1,0.15,19.01
ORD-105242,2023-08-12,2023-08-13,CUST-7271,Anita Iyer,37.0,Female,Consumer,North,Haryana,Office Supplies,Art,Colored Pencils,55.03,2,0.1,11.69
ORD-105243,2024-11-02,2024-11-07,CUST-9168,Kavita Singh,39.0,Female,Consumer,North,Haryana,Office Supplies,Storage,Desk Organizer,22.04,2,0.0,7.85
ORD-105244,2024-03-12,2024-03-18,CUST-7458,Aditya Rao,40.0,Male,Home Office,West,Rajasthan,Office Supplies,Art,Colored Pencils,190.31,7,0.1,42.04
ORD-105245,2023-11-06,2023-11-12,CUST-8747,Pooja Gupta,28.0,Female,Consumer,Central,Madhya Pradesh,Furniture,Chairs,Executive Leather Chair,953.79,4,0.1,181.25
ORD-105246,2024-06-22,2024-06-29,CUST-5067,Amit Gupta,47.0,Male,Home Office,North,Uttar Pradesh,Office Supplies,Labels,Address Labels,40.25,3,0.15,2.04
ORD-105247,2024-09-16,2024-09-23,CUST-7458,Aditya Rao,40.0,Male,Home Office,Central,Madhya Pradesh,Office Supplies,Art,Sketch Pad,126.69,2,0.1,27.09
ORD-105248,2023-06-13,2023-06-19,CUST-7984,Divya Rao,32.0,Female,Corporate,North,Punjab,Technology,Machines,Label Maker,1440.18,6,0.3,-69.39
ORD-105249,2023-07-07,2023-07-09,CUST-5155,Anjali Sharma,24.0,Female,Home Office,Central,Madhya Pradesh,Furniture,Bookcases,5-Shelf Bookcase,1490.54,7,0.15,254.93
ORD-105250,2023-03-15,2023-03-16,CUST-6891,Sanjay Sharma,35.0,Male,Home Office,North,Haryana,Technology,Phones,Budget Smartphone S5,3187.24,6,0.1,603.92
ORD-105251,2024-12-11,2024-12-17,CUST-3940,Nikhil Kapoor,44.0,Male,Consumer,North,Uttar Pradesh,Technology,Copiers,Office Copier 200,1863.02,3,0.15,181.65
ORD-105252,2024-02-13,2024-02-16,CUST-2198,Aditya Mehta,30.0,Male,Corporate,East,Odisha,Office Supplies,Paper,A4 Copy Paper Ream,207.54,3,0.2,29.48
ORD-105253,2022-04-23,2022-04-28,CUST-9444,Shreya Verma,39.0,Female,Consumer,West,Rajasthan,Office Supplies,Binders,Clip Binder,48.92,1,0.1,
ORD-105254,2024-09-14,2024-09-18,CUST-6268,Nikhil Mehta,52.0,Male,Corporate,North,Delhi,Technology,Phones,Budget Smartphone S5,340.54,1,0.1,
ORD-105255,2023-07-14,2023-07-21,CUST-2231,Anita Kapoor,42.0,Female,Corporate,North,Punjab,Furniture,Tables,Adjustable Standing Desk,2415.53,6,0.0,712.12
ORD-105256,2022-04-04,2022-04-07,CUST-2198,Aditya Mehta,30.0,Male,Home Office,West,Maharashtra,Office Supplies,Labels,Shipping Labels,19.53,3,0.1,2.23
ORD-105257,2023-10-07,2023-10-12,CUST-3291,Aditya Reddy,31.0,Male,Corporate,South,Kerala,Technology,Phones,Budget Smartphone S5,1518.26,6,0.1,200.84
ORD-105258,2023-04-24,2023-05-01,CUST-2030,Aditya Rao,37.0,Male,Corporate,West,Rajasthan,Furniture,Bookcases,Ladder Bookshelf,1602.83,5,0.15,288.87
ORD-105259,2024-10-01,2024-10-03,CUST-6199,Manish Sharma,36.0,Male,Consumer,West,Maharashtra,Office Supplies,Storage,File Cabinet,127.83,2,0.1,38.9
ORD-105260,2022-09-23,2022-09-30,CUST-6577,Shreya Singh,50.0,Female,Consumer,North,Delhi,Furniture,Bookcases,Ladder Bookshelf,1107.06,5,0.0,249.47
ORD-105261,2024-07-31,2024-08-01,CUST-6168,Rohan Mehta,39.0,Male,Home Office,East,Odisha,Office Supplies,Paper,Sticky Notes Pack,77.16,2,0.15,14.79
ORD-105262,2023-10-15,2023-10-16,CUST-3626,Sneha Patel,25.0,Female,Consumer,North,Uttar Pradesh,Office Supplies,Binders,3-Ring Binder,125.41,7,0.3,15.75
ORD-105263,2022-03-17,2022-03-22,CUST-4978,Arjun Nair,39.0,Male,Consumer,Central,Chhattisgarh,Furniture,Bookcases,Ladder Bookshelf,1355.67,4,0.1,181.47
ORD-105264,2024-12-14,2024-12-17,CUST-5415,Ritu Gupta,36.0,Female,Home Office,North,Haryana,Furniture,Tables,Glass Coffee Table,2457.51,7,0.15,625.5
ORD-105265,2023-08-25,2023-08-29,CUST-8742,Rohan Gupta,36.0,Male,Home Office,South,Karnataka,Office Supplies,Binders,View Binder,94.15,7,0.0,22.45
ORD-105266,2022-12-06,2022-12-08,CUST-2164,Suresh Singh,29.0,Male,Consumer,East,Bihar,Furniture,Chairs,Executive Leather Chair,688.97,2,0.3,-63.13
ORD-105267,2023-06-29,2023-07-04,CUST-3934,Rahul Sharma,25.0,Male,Corporate,East,Odisha,Technology,Machines,Label Maker,426.23,2,0.3,6.59
ORD-105268,2024-09-08,2024-09-10,CUST-5415,Ritu Gupta,37.0,Female,Home Office,Central,Chhattisgarh,Office Supplies,Labels,Address Labels,186.03,5,0.15,20.68
ORD-105269,2022-12-14,2022-12-15,CUST-5415,Ritu Gupta,38.0,Female,Consumer,West,Rajasthan,Office Supplies,Envelopes,Mailing Envelopes,161.74,7,0.2,21.24
ORD-105270,2022-09-10,2022-09-16,CUST-8680,Arjun Joshi,33.0,Male,Consumer,North,Punjab,Technology,Phones,Cordless Landline,368.7,4,0.2,19.97
ORD-105271,2022-06-19,2022-06-25,CUST-3940,Nikhil Kapoor,42.0,Male,Consumer,West,Rajasthan,Technology,Accessories,Webcam HD,1840.42,5,0.1,266.17
ORD-105272,2022-12-10,2022-12-14,CUST-5681,Anita Verma,19.0,Female,Corporate,East,Bihar,Office Supplies,Labels,Shipping Labels,193.11,4,0.1,64.11
ORD-105273,2024-05-30,2024-06-01,CUST-8742,Rohan Gupta,38.0,Male,Home Office,Central,Chhattisgarh,Furniture,Chairs,Recliner Lounge Chair,662.18,5,0.4,19.46
ORD-105274,2023-07-02,2023-07-07,CUST-3606,Amit Mehta,21.0,Male,Corporate,East,Odisha,Technology,Machines,Laser Printer,5387.46,7,0.3,760.66
ORD-105275,2022-10-18,2022-10-22,CUST-3216,Sneha Joshi,53.0,Female,Consumer,North,Delhi,Furniture,Tables,Oak Dining Table,2177.82,5,0.2,52.99
ORD-105276,2022-08-08,2022-08-15,CUST-6091,Divya Verma,28.0,Female,Consumer,South,Tamil Nadu,Office Supplies,Binders,View Binder,142.8,5,0.0,56.02
ORD-105277,2022-12-31,2023-01-07,CUST-6268,Nikhil Mehta,51.0,Male,Consumer,South,Kerala,Furniture,Tables,Oak Dining Table,516.7,5,0.3,76.19
ORD-105278,2024-11-24,2024-11-27,CUST-2579,Meera Mehta,36.0,Female,Consumer,East,Odisha,Technology,Copiers,Compact Copier,407.75,5,0.1,89.01
ORD-105279,2023-01-14,2023-01-20,CUST-5155,Anjali Sharma,22.0,Female,Corporate,Central,Chhattisgarh,Furniture,Bookcases,Ladder Bookshelf,510.49,2,0.0,195.51
ORD-105280,2024-12-24,2024-12-29,CUST-8680,Arjun Joshi,34.0,Male,Corporate,North,Delhi,Office Supplies,Envelopes,Mailing Envelopes,106.01,7,0.15,12.62
ORD-105281,2023-07-20,2023-07-22,CUST-1402,Aditya Rao,39.0,Male,Corporate,Central,Chhattisgarh,Furniture,Chairs,Recliner Lounge Chair,1907.66,4,0.15,375.4
ORD-105282,2022-08-25,2022-08-29,CUST-3858,Vivek Sharma,41.0,Male,Corporate,South,Kerala,Office Supplies,Binders,View Binder,49.51,1,0.0,
ORD-105283,2024-10-15,2024-10-20,CUST-9385,Nikhil Singh,30.0,Male,Corporate,Central,Chhattisgarh,Office Supplies,Storage,Storage Box Set,180.78,6,0.0,62.82
ORD-105284,2023-06-17,2023-06-21,CUST-5772,Anjali Sharma,39.0,Female,Corporate,East,Odisha,Technology,Copiers,Compact Copier,1335.96,5,0.0,
ORD-105285,2024-03-02,2024-03-06,CUST-8844,Vivek Nair,25.0,Male,Consumer,South,Telangana,Office Supplies,Art,Sketch Pad,111.55,2,0.3,-10.85
ORD-105286,2024-12-22,2024-12-26,CUST-6268,Nikhil Mehta,53.0,Male,Corporate,Central,Chhattisgarh,Furniture,Tables,Glass Coffee Table,1391.84,5,0.0,343.03
ORD-105287,2022-03-11,2022-03-13,CUST-6268,Nikhil Mehta,50.0,Male,Home Office,North,Uttar Pradesh,Office Supplies,Binders,View Binder,55.96,1,0.0,23.35
ORD-105288,2022-05-10,2022-05-15,CUST-9477,Kavita Verma,35.0,Female,Home Office,East,Odisha,Furniture,Furnishings,Wall Clock,351.31,2,0.1,66.47
ORD-105289,2024-03-16,2024-03-17,CUST-1902,Vivek Verma,18.0,Male,Corporate,Central,Chhattisgarh,Technology,Accessories,Wireless Mouse,79.48,1,0.15,19.19
ORD-105290,2022-11-30,2022-12-01,CUST-7807,Karan Iyer,49.0,Male,Corporate,South,Tamil Nadu,Office Supplies,Envelopes,Mailing Envelopes,52.36,2,0.0,15.99
ORD-105291,2022-09-01,2022-09-03,CUST-7682,Divya Verma,33.0,Female,Consumer,Central,Madhya Pradesh,Technology,Phones,Budget Smartphone S5,928.67,2,0.0,324.07
ORD-105292,2022-02-25,2022-03-04,CUST-7785,Ritu Mehta,18.0,Female,Corporate,North,Uttar Pradesh,Furniture,Tables,Adjustable Standing Desk,2174.85,5,0.3,151.72
ORD-105293,2022-01-30,2022-02-01,CUST-8844,Vivek Nair,28.0,Male,Consumer,West,Gujarat,Office Supplies,Binders,Clip Binder,269.85,4,0.3,-2.08
ORD-105294,2024-05-23,2024-05-29,CUST-8943,Meera Nair,48.0,Female,Corporate,West,Gujarat,Furniture,Furnishings,Wall Clock,311.29,1,0.0,115.26
ORD-105295,2022-06-26,2022-06-30,CUST-4054,Vikram Gupta,25.0,Male,Consumer,South,Kerala,Furniture,Tables,Oak Dining Table,171.98,1,0.0,42.7
ORD-105296,2023-06-27,2023-07-02,CUST-5155,Anjali Sharma,22.0,Female,Home Office,South,Telangana,Technology,Copiers,Office Copier 200,4289.83,5,0.0,1256.5
ORD-105297,2023-11-24,2023-11-29,CUST-6292,Shreya Reddy,37.0,Female,Corporate,North,Haryana,Furniture,Furnishings,Table Lamp,758.85,6,0.1,219.28
ORD-105298,2023-05-08,2023-05-11,CUST-9385,Nikhil Singh,31.0,Male,Consumer,South,Tamil Nadu,Technology,Machines,Laser Printer,2415.65,5,0.0,635.05
ORD-105299,2022-02-07,2022-02-10,CUST-9385,Nikhil Singh,31.0,Male,Consumer,East,Bihar,Office Supplies,Storage,File Cabinet,40.09,1,0.0,10.88
ORD-105300,2024-06-03,2024-06-04,CUST-3858,Vivek Sharma,43.0,Male,Corporate,Central,Madhya Pradesh,Furniture,Bookcases,Corner Bookcase,2331.1,4,0.0,684.91
ORD-105301,2022-01-15,2022-01-18,CUST-7171,Rohan Joshi,48.0,Male,Consumer,North,Haryana,Furniture,Tables,Oak Dining Table,1133.34,3,0.2,230.68
ORD-105302,2024-05-08,2024-05-11,CUST-5072,Pooja Verma,40.0,Female,Home Office,East,Bihar,Furniture,Chairs,Executive Leather Chair,823.45,5,0.2,118.36
ORD-105303,2024-10-17,2024-10-18,CUST-4760,Kavita Gupta,43.0,Female,Consumer,South,Tamil Nadu,Furniture,Furnishings,Area Rug,349.28,3,0.0,88.05
ORD-105304,2023-05-14,2023-05-20,CUST-5934,Vivek Rao,50.0,Male,Consumer,West,Maharashtra,Furniture,Bookcases,Corner Bookcase,1492.68,3,0.1,186.85
ORD-105305,2023-09-22,2023-09-29,CUST-7682,Divya Verma,30.0,Female,Consumer,North,Punjab,Office Supplies,Binders,3-Ring Binder,179.18,4,0.15,31.69
ORD-105306,2023-07-09,2023-07-10,CUST-5350,Divya Iyer,25.0,Female,Corporate,North,Delhi,Office Supplies,Art,Colored Pencils,53.98,6,0.3,5.1
ORD-105307,2023-03-19,2023-03-26,CUST-9237,Sneha Gupta,39.0,Female,Corporate,North,Delhi,Technology,Phones,Budget Smartphone S5,3122.52,4,0.15,595.25
ORD-105308,2024-10-11,2024-10-14,CUST-2445,Rohan Reddy,18.0,Male,Consumer,West,Maharashtra,Furniture,Furnishings,Wall Clock,994.19,2,0.0,375.23
ORD-105309,2024-10-17,2024-10-22,CUST-3875,Shreya Reddy,18.0,Female,Home Office,South,Kerala,Office Supplies,Paper,A4 Copy Paper Ream,490.19,7,0.1,80.02
ORD-105310,2023-01-04,2023-01-07,CUST-5080,Isha Reddy,43.0,Female,Consumer,East,Odisha,Office Supplies,Binders,Clip Binder,78.87,3,0.0,18.39
ORD-105311,2023-11-30,2023-12-04,CUST-7467,Amit Reddy,61.0,Male,Corporate,West,Rajasthan,Furniture,Bookcases,Ladder Bookshelf,2167.32,5,0.2,521.42
ORD-105312,2024-11-14,2024-11-21,CUST-4011,Vikram Verma,40.0,Male,Consumer,North,Punjab,Office Supplies,Binders,Clip Binder,467.84,7,0.0,153.25
ORD-105313,2024-12-08,2024-12-15,CUST-7073,Rahul Mehta,27.0,Male,Home Office,East,Odisha,Furniture,Bookcases,5-Shelf Bookcase,1301.46,7,0.4,
ORD-105314,2023-08-21,2023-08-25,CUST-5113,Rahul Patel,21.0,Male,Consumer,North,Haryana,Technology,Phones,Budget Smartphone S5,222.11,2,0.1,77.06
ORD-105315,2023-06-07,2023-06-11,CUST-4913,Anita Reddy,43.0,Female,Corporate,North,Delhi,Office Supplies,Art,Sketch Pad,150.25,5,0.1,42.23
ORD-105316,2022-11-28,2022-12-04,CUST-7171,Rohan Joshi,45.0,Male,Consumer,East,Bihar,Office Supplies,Art,Marker Set,469.16,6,0.0,139.21
ORD-105317,2024-12-06,2024-12-08,CUST-8403,Suresh Iyer,42.0,Male,Consumer,North,Delhi,Office Supplies,Storage,Desk Organizer,45.97,7,0.1,7.87
ORD-105318,2022-07-08,2022-07-12,CUST-8403,Suresh Iyer,40.0,Male,Corporate,North,Delhi,Furniture,Furnishings,Table Lamp,2620.11,6,0.1,553.58
ORD-105319,2023-11-04,2023-11-11,CUST-4913,Anita Reddy,41.0,Female,Consumer,East,Bihar,Furniture,Chairs,Executive Leather Chair,2519.59,6,0.4,-119.0
ORD-105320,2022-12-01,2022-12-06,CUST-3875,Shreya Reddy,18.0,Female,Corporate,South,Karnataka,Office Supplies,Storage,File Cabinet,153.77,3,0.1,46.55
ORD-105321,2022-11-28,2022-12-05,CUST-8760,Priya Reddy,34.0,Female,Consumer,North,Haryana,Furniture,Bookcases,Corner Bookcase,1326.54,5,0.2,217.46
ORD-105322,2023-04-08,2023-04-15,CUST-4380,Neha Singh,18.0,Female,Consumer,West,Rajasthan,Furniture,Furnishings,Table Lamp,334.19,2,0.2,12.45
ORD-105323,2024-12-31,2025-01-06,CUST-4249,Sneha Sharma,40.0,Female,Corporate,West,Maharashtra,Technology,Phones,Cordless Landline,1531.62,5,0.1,279.15
ORD-105324,2022-03-18,2022-03-20,CUST-4865,Aditya Verma,25.0,Male,Consumer,East,West Bengal,Furniture,Chairs,Ergo Mesh Office Chair,468.23,3,0.15,94.07
ORD-105325,2023-11-04,2023-11-06,CUST-1626,Isha Iyer,60.0,Female,Consumer,North,Delhi,Furniture,Bookcases,Ladder Bookshelf,1111.98,4,0.0,364.82
ORD-105326,2022-04-22,2022-04-26,CUST-1120,Sanjay Gupta,30.0,Male,Corporate,East,Odisha,Office Supplies,Storage,File Cabinet,387.14,6,0.2,16.1
ORD-105327,2022-07-24,2022-07-27,CUST-6817,Pooja Joshi,32.0,Female,Home Office,West,Gujarat,Office Supplies,Labels,Address Labels,537.03,7,0.0,213.84
ORD-105328,2023-05-22,2023-05-29,CUST-1266,Ritu Gupta,53.0,Female,Home Office,East,Odisha,Office Supplies,Paper,Sticky Notes Pack,243.82,4,0.2,47.02
ORD-105329,2023-08-23,2023-08-24,CUST-1402,Aditya Rao,39.0,Male,Home Office,South,Telangana,Technology,Accessories,Wireless Mouse,6278.3,7,0.0,1533.79
ORD-105330,2022-11-13,2022-11-16,CUST-1120,Sanjay Gupta,30.0,Male,Consumer,South,Tamil Nadu,Furniture,Chairs,Recliner Lounge Chair,3134.53,7,0.0,1112.01
ORD-105331,2022-12-21,2022-12-24,CUST-6911,Isha Gupta,28.0,Female,Home Office,West,Maharashtra,Technology,Machines,Label Maker,1330.5,4,0.1,378.36
ORD-105332,2022-04-28,2022-04-30,CUST-8156,Ritu Reddy,31.0,Female,Home Office,East,Bihar,Furniture,Bookcases,Ladder Bookshelf,2934.89,5,0.0,588.33
ORD-105333,2022-12-13,2022-12-15,CUST-9876,Arjun Nair,32.0,Male,Home Office,East,Odisha,Office Supplies,Storage,Desk Organizer,338.15,7,0.0,108.02
ORD-105334,2024-12-11,2024-12-17,CUST-8403,Suresh Iyer,43.0,Male,Corporate,Central,Madhya Pradesh,Technology,Accessories,USB-C Hub,4376.26,6,0.0,1354.74
ORD-105335,2024-11-27,2024-12-03,CUST-9633,Amit Gupta,27.0,Male,Consumer,West,Gujarat,Technology,Copiers,Office Copier 200,460.56,1,0.3,-13.26
ORD-105336,2023-01-03,2023-01-05,CUST-2835,Shreya Patel,55.0,Female,Corporate,East,Bihar,Furniture,Chairs,Foldable Study Chair,517.82,3,0.4,-42.94
ORD-105337,2023-10-28,2023-11-02,CUST-9237,Sneha Gupta,38.0,Female,Home Office,East,Bihar,Office Supplies,Storage,Storage Box Set,86.16,2,0.0,21.32
ORD-105338,2024-11-02,2024-11-07,CUST-7171,Rohan Joshi,49.0,Male,Consumer,South,Tamil Nadu,Office Supplies,Art,Colored Pencils,179.49,3,0.1,47.64
ORD-105339,2022-01-09,2022-01-10,CUST-4825,Anjali Kapoor,25.0,Female,Consumer,North,Uttar Pradesh,Office Supplies,Envelopes,Window Envelopes,75.34,2,0.0,16.15
ORD-105340,2024-07-09,2024-07-11,CUST-9573,Amit Reddy,20.0,Male,Corporate,Central,Chhattisgarh,Office Supplies,Paper,A4 Copy Paper Ream,185.9,4,0.0,54.03
ORD-105341,2024-11-30,2024-12-04,CUST-2201,Suresh Patel,36.0,Male,Consumer,East,West Bengal,Technology,Machines,Laser Printer,353.14,4,0.0,128.39
ORD-105342,2022-05-03,2022-05-09,CUST-6388,Vikram Nair,18.0,Male,Home Office,North,Haryana,Technology,Phones,Smartphone X12,477.34,2,0.1,49.18
ORD-105343,2022-08-02,2022-08-04,CUST-5155,Anjali Sharma,24.0,Female,Consumer,North,Delhi,Furniture,Chairs,Ergo Mesh Office Chair,3288.94,6,0.15,340.29
ORD-105344,2024-12-08,2024-12-13,CUST-3592,Amit Singh,31.0,Male,Home Office,East,Bihar,Furniture,Chairs,Executive Leather Chair,1618.56,6,0.2,19.85
ORD-105345,2023-09-24,2023-09-26,CUST-5358,Ritu Patel,18.0,Female,Home Office,West,Gujarat,Office Supplies,Storage,File Cabinet,135.65,6,0.15,31.99
ORD-105346,2022-01-20,2022-01-25,CUST-8403,Suresh Iyer,41.0,Male,Home Office,North,Delhi,Office Supplies,Envelopes,Window Envelopes,56.18,5,0.1,15.06
ORD-105347,2022-11-12,2022-11-14,CUST-2201,Suresh Patel,39.0,Male,Consumer,East,Bihar,Office Supplies,Art,Colored Pencils,190.47,6,0.0,64.97
ORD-105348,2023-06-04,2023-06-11,CUST-5939,Anjali Kapoor,49.0,Female,Consumer,North,Haryana,Office Supplies,Labels,Address Labels,59.14,1,0.4,-7.54
ORD-105349,2024-02-07,2024-02-11,CUST-7817,Anita Iyer,18.0,Female,Consumer,East,West Bengal,Office Supplies,Storage,Storage Box Set,46.29,6,0.0,9.82
ORD-105350,2024-04-01,2024-04-02,CUST-8156,Ritu Reddy,30.0,Female,Consumer,North,Haryana,Office Supplies,Binders,Clip Binder,365.19,5,0.0,92.01
ORD-105351,2024-12-29,2025-01-05,CUST-1618,Sneha Gupta,28.0,Female,Home Office,South,Karnataka,Office Supplies,Paper,Sticky Notes Pack,237.55,3,0.0,89.1
ORD-105352,2022-12-04,2022-12-08,CUST-9573,Amit Reddy,22.0,Male,Corporate,North,Delhi,Office Supplies,Storage,Desk Organizer,23.61,1,0.1,7.41
ORD-105353,2023-09-25,2023-09-30,CUST-2201,Suresh Patel,38.0,Male,Corporate,North,Uttar Pradesh,Furniture,Furnishings,Wall Clock,806.82,4,0.0,216.26
ORD-105354,2023-09-19,2023-09-25,CUST-3592,Amit Singh,31.0,Male,Consumer,South,Kerala,Furniture,Tables,Round Side Table,1406.68,7,0.2,315.35
ORD-105355,2023-04-09,2023-04-15,CUST-1618,Sneha Gupta,28.0,Female,Consumer,South,Telangana,Technology,Phones,Budget Smartphone S5,3019.91,7,0.0,1233.79
ORD-105356,2022-08-12,2022-08-15,CUST-9997,Vivek Patel,36.0,Male,Corporate,South,Kerala,Office Supplies,Binders,3-Ring Binder,231.2,3,0.15,60.51
ORD-105357,2024-12-18,2024-12-22,CUST-4257,Arjun Reddy,54.0,Male,Consumer,Central,Madhya Pradesh,Technology,Phones,Budget Smartphone S5,1307.88,3,0.1,411.07
ORD-105358,2024-09-03,2024-09-05,CUST-9935,Kavita Iyer,52.0,Female,Corporate,West,Rajasthan,Office Supplies,Art,Marker Set,101.71,4,0.15,11.38
ORD-105359,2023-08-07,2023-08-08,CUST-4027,Rahul Joshi,43.0,Male,Consumer,North,Delhi,Furniture,Tables,Adjustable Standing Desk,1136.48,5,0.2,147.79
ORD-105360,2023-11-22,2023-11-24,CUST-7550,Nikhil Singh,34.0,Male,Home Office,North,Uttar Pradesh,Office Supplies,Binders,3-Ring Binder,146.93,2,0.3,-10.35
ORD-105361,2022-10-18,2022-10-20,CUST-8148,Vivek Nair,32.0,Male,Home Office,East,Odisha,Furniture,Chairs,Recliner Lounge Chair,2840.96,6,0.15,821.88
ORD-105362,2023-10-01,2023-10-05,CUST-9633,Amit Gupta,29.0,Male,Corporate,Central,Chhattisgarh,Furniture,Tables,Glass Coffee Table,441.69,1,0.0,107.01
ORD-105363,2024-02-10,2024-02-11,CUST-4995,Rohan Joshi,29.0,Male,Consumer,North,Punjab,Office Supplies,Envelopes,Mailing Envelopes,262.52,5,0.2,7.04
ORD-105364,2023-08-29,2023-09-01,CUST-9997,Vivek Patel,35.0,Male,Consumer,West,Gujarat,Furniture,Chairs,Foldable Study Chair,2458.34,6,0.15,459.04
ORD-105365,2024-12-26,2025-01-02,CUST-9228,Rahul Joshi,21.0,Male,Consumer,North,Delhi,Office Supplies,Binders,View Binder,12.38,2,0.2,2.04
ORD-105366,2023-11-28,2023-11-30,CUST-5511,Isha Singh,49.0,Female,Corporate,East,Odisha,Furniture,Bookcases,Ladder Bookshelf,114.82,1,0.0,49.9
ORD-105367,2023-02-23,2023-02-24,CUST-8148,Vivek Nair,31.0,Male,Corporate,East,Bihar,Technology,Phones,Budget Smartphone S5,1697.32,5,0.3,-150.98
ORD-105368,2024-05-20,2024-05-23,CUST-8400,Ritu Iyer,50.0,Female,Consumer,West,Gujarat,Office Supplies,Paper,Sticky Notes Pack,355.28,6,0.1,72.22
ORD-105369,2022-08-14,2022-08-21,CUST-8156,Ritu Reddy,34.0,Female,Consumer,North,Punjab,Technology,Machines,Label Maker,918.95,4,0.0,359.77
ORD-105370,2023-03-13,2023-03-15,CUST-3705,Sneha Reddy,53.0,Female,Consumer,West,Rajasthan,Office Supplies,Labels,Address Labels,216.98,4,0.1,40.67
ORD-105371,2023-01-20,2023-01-21,CUST-5155,Anjali Sharma,24.0,Female,Home Office,South,Karnataka,Office Supplies,Labels,Shipping Labels,487.74,7,0.1,148.32
ORD-105372,2023-05-12,2023-05-19,CUST-5831,Nikhil Reddy,18.0,Male,Consumer,West,Gujarat,Office Supplies,Labels,Shipping Labels,34.07,1,0.15,9.61
ORD-105373,2024-06-01,2024-06-05,CUST-9237,Sneha Gupta,35.0,Female,Home Office,West,Rajasthan,Office Supplies,Envelopes,Window Envelopes,199.75,3,0.1,
ORD-105374,2023-07-19,2023-07-25,CUST-5155,Anjali Sharma,22.0,Female,Corporate,Central,Madhya Pradesh,Furniture,Chairs,Ergo Mesh Office Chair,1843.97,4,0.0,428.64
ORD-105375,2024-06-17,2024-06-23,CUST-7817,Anita Iyer,18.0,Female,Consumer,West,Gujarat,Technology,Copiers,Compact Copier,3857.77,5,0.0,1011.71
ORD-105376,2023-11-02,2023-11-04,CUST-4544,Sneha Patel,23.0,Female,Corporate,West,Maharashtra,Office Supplies,Art,Sketch Pad,179.97,3,0.0,68.3
ORD-105377,2023-01-13,2023-01-15,CUST-3108,Ritu Sharma,37.0,Female,Consumer,North,Uttar Pradesh,Office Supplies,Art,Colored Pencils,8.08,1,0.1,1.63
ORD-105378,2024-07-08,2024-07-15,CUST-9293,Rohan Nair,45.0,Male,Corporate,East,West Bengal,Furniture,Chairs,Executive Leather Chair,1276.65,7,0.15,209.06
ORD-105379,2022-10-29,2022-10-30,CUST-4836,Sanjay Sharma,49.0,Male,Consumer,South,Karnataka,Furniture,Chairs,Foldable Study Chair,1743.45,7,0.2,215.67
ORD-105380,2022-10-15,2022-10-21,CUST-2421,Shreya Kapoor,18.0,Female,Home Office,West,Rajasthan,Technology,Accessories,Wireless Mouse,588.2,3,0.0,238.34
ORD-105381,2023-08-15,2023-08-17,CUST-1781,Arjun Verma,36.0,Male,Consumer,East,Odisha,Technology,Phones,Budget Smartphone S5,1512.84,3,0.2,249.42
ORD-105382,2022-11-15,2022-11-18,CUST-3108,Ritu Sharma,38.0,Female,Corporate,North,Punjab,Office Supplies,Paper,Sticky Notes Pack,216.42,4,0.0,73.55
ORD-105383,2022-01-13,2022-01-15,CUST-3705,Sneha Reddy,52.0,Female,Home Office,Central,Madhya Pradesh,Office Supplies,Storage,File Cabinet,124.29,4,0.0,52.85
ORD-105384,2023-12-21,2023-12-27,CUST-1821,Isha Rao,34.0,Female,Corporate,East,Odisha,Furniture,Chairs,Ergo Mesh Office Chair,2576.24,5,0.15,736.78
ORD-105385,2023-08-23,2023-08-28,CUST-4257,Arjun Reddy,52.0,Male,Home Office,North,Delhi,Office Supplies,Storage,Storage Box Set,159.84,2,0.3,23.16
ORD-105386,2023-05-29,2023-06-04,CUST-9634,Vivek Joshi,45.0,Male,Home Office,South,Tamil Nadu,Office Supplies,Storage,File Cabinet,213.14,3,0.0,69.02
ORD-105387,2024-12-11,2024-12-14,CUST-4027,Rahul Joshi,40.0,Male,Home Office,Central,Chhattisgarh,Technology,Phones,Budget Smartphone S5,624.64,3,0.0,262.34
ORD-105388,2023-10-28,2023-10-29,CUST-4015,Meera Sharma,33.0,Female,Consumer,Central,Chhattisgarh,Furniture,Tables,Round Side Table,2455.95,5,0.1,742.85
ORD-105389,2024-09-15,2024-09-18,CUST-7247,Karan Joshi,39.0,Male,Consumer,West,Rajasthan,Technology,Machines,3D Printer Mini,2162.84,3,0.3,-186.83
ORD-105390,2022-07-03,2022-07-08,CUST-4544,Sneha Patel,23.0,Female,Consumer,South,Tamil Nadu,Office Supplies,Art,Marker Set,14.46,1,0.2,0.6
ORD-105391,2023-10-26,2023-10-31,CUST-3108,Ritu Sharma,36.0,Female,Consumer,North,Delhi,Office Supplies,Binders,Clip Binder,234.46,5,0.0,84.77
ORD-105392,2024-09-20,2024-09-22,CUST-1280,Suresh Patel,46.0,Male,Consumer,West,Gujarat,Office Supplies,Labels,Address Labels,449.35,6,0.4,-46.22
ORD-105393,2023-11-07,2023-11-09,CUST-1618,Sneha Gupta,27.0,Female,Corporate,South,Tamil Nadu,Furniture,Bookcases,5-Shelf Bookcase,745.16,2,0.0,328.21
ORD-105394,2024-03-13,2024-03-19,CUST-1280,Suresh Patel,48.0,Male,Consumer,East,Odisha,Technology,Copiers,Compact Copier,1043.64,2,0.2,202.56
ORD-105395,2023-02-24,2023-02-28,CUST-9017,Sanjay Patel,43.0,Male,Home Office,East,Odisha,Furniture,Chairs,Recliner Lounge Chair,2866.89,6,0.4,-349.06
ORD-105396,2022-05-05,2022-05-08,CUST-5641,Karan Joshi,41.0,Male,Corporate,West,Rajasthan,Technology,Phones,Cordless Landline,4408.75,5,0.0,1545.59
ORD-105397,2023-06-14,2023-06-20,CUST-2838,Karan Mehta,24.0,Male,Corporate,North,Uttar Pradesh,Furniture,Chairs,Foldable Study Chair,471.03,3,0.0,189.83
ORD-105398,2023-03-26,2023-03-30,CUST-7247,Karan Joshi,38.0,Male,Consumer,West,Gujarat,Technology,Accessories,Webcam HD,677.15,3,0.0,246.97
ORD-105399,2024-09-19,2024-09-25,CUST-1399,Pooja Nair,33.0,Female,Corporate,North,Delhi,Office Supplies,Labels,Shipping Labels,46.38,6,0.1,7.53
ORD-105400,2022-11-02,2022-11-07,CUST-9461,Kavita Rao,31.0,Female,Home Office,North,Delhi,Office Supplies,Binders,View Binder,191.74,6,0.3,-7.64
ORD-105401,2024-12-11,2024-12-13,CUST-3705,Sneha Reddy,53.0,Female,Corporate,West,Maharashtra,Technology,Machines,3D Printer Mini,722.72,1,0.0,284.54
ORD-105402,2024-12-06,2024-12-08,CUST-8598,Anita Singh,36.0,Female,Consumer,West,Rajasthan,Office Supplies,Paper,Notebook Set,27.76,3,0.1,8.89
ORD-105403,2022-11-05,2022-11-11,CUST-3835,Vikram Sharma,18.0,Male,Corporate,East,Odisha,Furniture,Furnishings,Table Lamp,2246.06,7,0.3,118.37
ORD-105404,2023-01-21,2023-01-23,CUST-2838,Karan Mehta,23.0,Male,Corporate,Central,Chhattisgarh,Furniture,Bookcases,Corner Bookcase,1740.88,3,0.1,499.52
ORD-105405,2024-10-19,2024-10-20,CUST-5511,Isha Singh,46.0,Female,Corporate,East,Bihar,Office Supplies,Envelopes,Window Envelopes,148.4,3,0.0,63.71
ORD-105406,2024-12-11,2024-12-17,CUST-3835,Vikram Sharma,18.0,Male,Consumer,North,Punjab,Office Supplies,Paper,A4 Copy Paper Ream,191.7,4,0.15,50.02
ORD-105407,2023-05-27,2023-06-01,CUST-8832,Isha Iyer,33.0,Female,Consumer,East,Odisha,Office Supplies,Paper,Notebook Set,66.85,3,0.2,6.21
ORD-105408,2022-12-24,2022-12-31,CUST-9653,Kavita Kapoor,31.0,Female,Consumer,Central,Madhya Pradesh,Technology,Machines,3D Printer Mini,653.98,6,0.3,56.83
ORD-105409,2023-09-11,2023-09-17,CUST-1280,Suresh Patel,48.0,Male,Consumer,North,Delhi,Furniture,Tables,Glass Coffee Table,230.55,2,0.3,18.12
ORD-105410,2024-01-30,2024-02-05,CUST-5836,Divya Singh,32.0,Female,Consumer,South,Telangana,Office Supplies,Storage,Storage Box Set,27.83,1,0.4,-1.85
ORD-105411,2022-11-24,2022-11-26,CUST-5227,Shreya Gupta,27.0,Female,Consumer,West,Maharashtra,Office Supplies,Labels,Shipping Labels,263.55,5,0.15,65.09
ORD-105412,2024-04-05,2024-04-10,CUST-4575,Priya Kapoor,43.0,Female,Consumer,South,Tamil Nadu,Technology,Copiers,Compact Copier,788.16,2,0.1,226.82
ORD-105413,2022-03-13,2022-03-19,CUST-2501,Karan Singh,42.0,Male,Home Office,West,Rajasthan,Office Supplies,Labels,Address Labels,78.91,2,0.2,14.38
ORD-105414,2022-03-10,2022-03-12,CUST-8313,Rohan Singh,23.0,Male,Home Office,North,Uttar Pradesh,Office Supplies,Paper,Notebook Set,333.02,6,0.2,39.34
ORD-105415,2023-03-15,2023-03-18,CUST-7487,Anjali Rao,28.0,Female,Consumer,West,Rajasthan,Office Supplies,Paper,Sticky Notes Pack,276.46,7,0.1,30.18
ORD-105416,2023-01-28,2023-02-02,CUST-5975,Aditya Gupta,31.0,Male,Corporate,North,Uttar Pradesh,Furniture,Furnishings,Table Lamp,1643.49,6,0.0,651.29
ORD-105417,2022-12-21,2022-12-25,CUST-8313,Rohan Singh,21.0,Male,Consumer,West,Gujarat,Technology,Copiers,Compact Copier,716.75,7,0.1,159.1
ORD-105418,2023-07-28,2023-07-29,CUST-9378,Priya Sharma,27.0,Female,Consumer,West,Gujarat,Furniture,Chairs,Recliner Lounge Chair,494.91,6,0.3,65.59
ORD-105419,2022-12-24,2022-12-28,CUST-1558,Shreya Gupta,36.0,Female,Consumer,South,Tamil Nadu,Furniture,Bookcases,5-Shelf Bookcase,456.19,2,0.15,35.27
ORD-105420,2022-09-10,2022-09-17,CUST-5515,Pooja Gupta,32.0,Female,Consumer,West,Gujarat,Furniture,Furnishings,Wall Clock,367.91,4,0.15,77.88
ORD-105421,2022-12-17,2022-12-22,CUST-2683,Sneha Gupta,53.0,Female,Consumer,North,Haryana,Office Supplies,Art,Sketch Pad,207.71,5,0.1,
ORD-105422,2024-12-16,2024-12-22,CUST-1286,Kavita Gupta,44.0,Female,Home Office,East,West Bengal,Furniture,Bookcases,Corner Bookcase,418.89,2,0.3,-11.86
ORD-105423,2023-04-16,2023-04-18,CUST-2427,Shreya Reddy,20.0,Female,Corporate,North,Delhi,Furniture,Tables,Oak Dining Table,397.22,3,0.4,11.7
ORD-105424,2023-05-28,2023-06-04,CUST-2427,Shreya Reddy,24.0,Female,Consumer,South,Kerala,Office Supplies,Paper,A4 Copy Paper Ream,64.55,1,0.15,5.86
ORD-105425,2023-11-02,2023-11-07,CUST-3166,Amit Reddy,46.0,Male,Consumer,West,Rajasthan,Technology,Accessories,Wireless Mouse,3688.39,6,0.0,1074.8
ORD-105426,2024-12-21,2024-12-22,CUST-6087,Karan Mehta,43.0,Male,Corporate,East,Bihar,Furniture,Bookcases,Corner Bookcase,1890.42,7,0.0,815.89
ORD-105427,2022-11-01,2022-11-06,CUST-2421,Shreya Kapoor,19.0,Female,Consumer,Central,Chhattisgarh,Office Supplies,Paper,Sticky Notes Pack,33.84,1,0.1,9.35
ORD-105428,2024-01-21,2024-01-28,CUST-9573,Vikram Verma,43.0,Male,Corporate,West,Rajasthan,Furniture,Chairs,Executive Leather Chair,3808.71,7,0.15,913.55
ORD-105429,2024-03-10,2024-03-12,CUST-8724,Anjali Kapoor,20.0,Female,Consumer,South,Tamil Nadu,Technology,Copiers,Compact Copier,3407.71,7,0.0,1014.35
ORD-105430,2023-11-25,2023-11-29,CUST-9573,Vikram Verma,40.0,Male,Consumer,North,Uttar Pradesh,Furniture,Chairs,Executive Leather Chair,459.17,4,0.1,130.13
ORD-105431,2022-04-30,2022-05-03,CUST-5975,Aditya Gupta,30.0,Male,Consumer,Central,Chhattisgarh,Office Supplies,Paper,A4 Copy Paper Ream,181.65,3,0.1,56.13
ORD-105432,2024-01-15,2024-01-19,CUST-7247,Karan Joshi,35.0,Male,Corporate,Central,Madhya Pradesh,Office Supplies,Labels,Address Labels,246.75,7,0.0,61.62
ORD-105433,2022-03-29,2022-03-31,CUST-9494,Rahul Singh,28.0,Male,Consumer,South,Karnataka,Furniture,Furnishings,Table Lamp,1707.38,3,0.0,514.14
ORD-105434,2023-11-16,2023-11-23,CUST-5975,Aditya Gupta,34.0,Male,Home Office,Central,Chhattisgarh,Office Supplies,Labels,Address Labels,208.94,6,0.2,34.27
ORD-105435,2024-04-09,2024-04-11,CUST-4092,Ritu Rao,36.0,Female,Consumer,South,Tamil Nadu,Office Supplies,Storage,File Cabinet,226.28,3,0.2,8.4
ORD-105436,2022-10-01,2022-10-02,CUST-7357,Ritu Patel,27.0,Female,Consumer,East,Odisha,Furniture,Furnishings,Curtain Set,498.06,1,0.0,122.45
ORD-105437,2024-08-19,2024-08-24,CUST-7357,Ritu Patel,29.0,Female,Corporate,North,Haryana,Office Supplies,Binders,3-Ring Binder,252.18,4,,101.14
ORD-105438,2022-02-12,2022-02-17,CUST-4678,Shreya Mehta,37.0,Female,Consumer,North,Haryana,Office Supplies,Binders,Clip Binder,166.68,6,0.1,43.77
ORD-105439,2024-08-22,2024-08-26,CUST-8724,Anjali Kapoor,21.0,Female,Consumer,West,Rajasthan,Furniture,Chairs,Recliner Lounge Chair,964.24,6,0.15,270.22
ORD-105440,2023-06-17,2023-06-24,CUST-6270,Isha Reddy,31.0,Female,Consumer,East,Bihar,Furniture,Furnishings,Area Rug,1066.61,2,0.1,334.63
ORD-105441,2022-10-08,2022-10-11,CUST-2177,Aditya Reddy,54.0,Male,Corporate,North,Punjab,Technology,Phones,Smartphone X12,2841.23,5,0.4,136.03
ORD-105442,2022-06-26,2022-06-29,CUST-7357,Ritu Patel,27.0,Female,Consumer,South,Kerala,Office Supplies,Art,Marker Set,31.33,3,0.3,1.78
ORD-105443,2024-12-03,2024-12-04,CUST-2860,Manish Iyer,45.0,Male,Consumer,West,Gujarat,Office Supplies,Binders,Clip Binder,156.88,5,0.0,46.64
ORD-105444,2022-04-09,2022-04-11,CUST-3870,Vivek Singh,38.0,Male,Home Office,South,Tamil Nadu,Office Supplies,Labels,Address Labels,76.27,2,0.1,8.87
ORD-105445,2022-09-18,2022-09-19,CUST-5378,Divya Joshi,53.0,Female,Home Office,South,Karnataka,Technology,Accessories,Mechanical Keyboard,2415.65,6,0.0,652.44
ORD-105446,2023-01-21,2023-01-26,CUST-9573,Vikram Verma,42.0,Male,Corporate,South,Kerala,Office Supplies,Labels,Address Labels,334.34,7,0.0,72.93
ORD-105447,2023-12-03,2023-12-09,CUST-3807,Divya Patel,29.0,Female,Corporate,East,Odisha,Technology,Phones,Budget Smartphone S5,1757.99,3,0.0,718.32
ORD-105448,2023-10-02,2023-10-08,CUST-9271,Manish Kapoor,33.0,Male,Consumer,East,West Bengal,Office Supplies,Binders,3-Ring Binder,327.22,6,0.0,136.67
ORD-105449,2022-06-15,2022-06-21,CUST-6878,Vikram Kapoor,18.0,Male,Corporate,Central,Madhya Pradesh,Office Supplies,Envelopes,Mailing Envelopes,285.02,4,0.0,123.05
ORD-105450,2022-12-05,2022-12-07,CUST-2126,Vikram Joshi,38.0,Male,Home Office,Central,Madhya Pradesh,Technology,Copiers,Office Copier 200,4262.73,5,0.0,1091.7
ORD-105451,2022-10-29,2022-10-30,CUST-7956,Rahul Patel,30.0,Male,Corporate,East,Odisha,Office Supplies,Envelopes,Window Envelopes,73.25,4,0.1,7.54
ORD-105452,2022-10-04,2022-10-11,CUST-1286,Kavita Gupta,40.0,Female,Consumer,Central,Madhya Pradesh,Office Supplies,Storage,Desk Organizer,306.51,6,0.0,81.43
ORD-105453,2023-04-16,2023-04-20,CUST-7601,Meera Rao,,Female,Consumer,Central,Madhya Pradesh,Furniture,Chairs,Ergo Mesh Office Chair,1177.31,4,0.15,220.31
ORD-105454,2024-02-23,2024-02-28,CUST-6270,Isha Reddy,32.0,Female,Consumer,East,West Bengal,Furniture,Bookcases,5-Shelf Bookcase,2471.7,5,0.0,804.27
ORD-105455,2022-10-08,2022-10-14,CUST-7601,Meera Rao,35.0,Female,Consumer,Central,Chhattisgarh,Office Supplies,Art,Colored Pencils,228.22,4,0.15,66.68
ORD-105456,2023-02-17,2023-02-24,CUST-9830,Pooja Singh,38.0,Female,Corporate,East,West Bengal,Office Supplies,Paper,A4 Copy Paper Ream,28.5,3,0.1,3.59
ORD-105457,2023-03-21,2023-03-24,CUST-4295,Meera Reddy,57.0,Female,Home Office,West,Rajasthan,Office Supplies,Binders,3-Ring Binder,33.83,1,0.1,3.59
ORD-105458,2024-12-17,2024-12-18,CUST-1286,Kavita Gupta,42.0,Female,Consumer,South,Karnataka,Technology,Accessories,Mechanical Keyboard,1019.59,3,0.1,
ORD-105459,2024-12-04,2024-12-09,CUST-7154,Neha Patel,30.0,Female,Consumer,East,West Bengal,Office Supplies,Paper,A4 Copy Paper Ream,437.08,7,0.3,-23.4
ORD-105460,2024-06-25,2024-06-30,CUST-2126,Vikram Joshi,39.0,Male,Corporate,South,Tamil Nadu,Furniture,Bookcases,Ladder Bookshelf,353.15,1,0.3,-31.49
ORD-105461,2022-11-01,2022-11-04,CUST-2168,Vivek Gupta,38.0,Male,Consumer,West,Gujarat,Furniture,Tables,Adjustable Standing Desk,456.0,5,0.15,51.89
ORD-105462,2022-04-03,2022-04-06,CUST-9626,Pooja Mehta,27.0,Female,Corporate,West,Rajasthan,Furniture,Furnishings,Wall Clock,217.85,1,0.0,77.15
ORD-105463,2022-12-22,2022-12-25,CUST-9494,Rahul Singh,28.0,Male,Consumer,South,Tamil Nadu,Technology,Accessories,Wireless Mouse,788.38,2,0.0,324.22
ORD-105464,2022-11-19,2022-11-25,CUST-1286,Kavita Gupta,41.0,Female,Corporate,West,Maharashtra,Technology,Machines,Label Maker,1234.5,3,0.1,406.51
ORD-105465,2023-08-17,2023-08-23,CUST-5511,Isha Singh,48.0,Female,Consumer,North,Punjab,Office Supplies,Art,Colored Pencils,460.41,6,0.2,102.04
ORD-105466,2024-05-27,2024-05-28,CUST-2860,Manish Iyer,46.0,Male,Corporate,West,Rajasthan,Office Supplies,Labels,Address Labels,310.03,5,0.1,101.78
ORD-105467,2024-09-09,2024-09-12,CUST-5511,Isha Singh,48.0,Female,Consumer,East,Bihar,Office Supplies,Storage,Storage Box Set,314.21,7,0.3,32.63
ORD-105468,2024-08-23,2024-08-27,CUST-5669,Priya Patel,31.0,Female,Corporate,East,Odisha,Office Supplies,Labels,Address Labels,206.68,5,0.0,53.83
ORD-105469,2023-02-06,2023-02-11,CUST-7956,Rahul Patel,33.0,Male,Corporate,North,Uttar Pradesh,Office Supplies,Paper,Sticky Notes Pack,79.07,1,0.3,-6.42
ORD-105470,2024-01-29,2024-02-01,CUST-1959,Divya Sharma,33.0,Female,Consumer,North,Delhi,Furniture,Furnishings,Wall Clock,410.13,2,0.0,106.5
ORD-105471,2022-12-19,2022-12-24,CUST-8724,Anjali Kapoor,22.0,Female,Home Office,Central,Chhattisgarh,Furniture,Bookcases,5-Shelf Bookcase,3886.21,7,0.0,1557.56
ORD-105472,2022-03-25,2022-03-27,CUST-6037,Nikhil Nair,44.0,Male,Consumer,East,Bihar,Furniture,Bookcases,Ladder Bookshelf,3039.94,6,0.3,440.25
ORD-105473,2024-02-19,2024-02-26,CUST-6037,Nikhil Nair,41.0,Male,Consumer,South,Telangana,Technology,Accessories,Mechanical Keyboard,2597.44,4,0.1,266.72
ORD-105474,2022-01-14,2022-01-16,CUST-3375,Divya Joshi,23.0,Female,Consumer,North,Uttar Pradesh,Furniture,Bookcases,5-Shelf Bookcase,1746.58,3,0.4,-251.11
ORD-105475,2023-04-14,2023-04-17,CUST-7956,Rahul Patel,31.0,Male,Consumer,East,Odisha,Furniture,Bookcases,Ladder Bookshelf,1773.18,5,0.0,765.23
ORD-105476,2022-12-29,2023-01-03,CUST-2168,Vivek Gupta,37.0,Male,Corporate,West,Gujarat,Furniture,Tables,Glass Coffee Table,1747.63,5,0.0,615.19
ORD-105477,2024-02-07,2024-02-14,CUST-3111,Kavita Nair,28.0,Female,Consumer,West,Rajasthan,Furniture,Bookcases,Corner Bookcase,1321.19,4,0.15,318.0
ORD-105478,2024-05-13,2024-05-15,CUST-6065,Amit Joshi,25.0,Male,Consumer,East,West Bengal,Office Supplies,Art,Sketch Pad,105.23,4,0.0,28.6
ORD-105479,2022-12-14,2022-12-17,CUST-1959,Divya Sharma,31.0,Female,Consumer,North,Haryana,Furniture,Tables,Round Side Table,266.26,3,0.0,
ORD-105480,2024-07-10,2024-07-15,CUST-7399,Isha Nair,23.0,Female,Home Office,East,West Bengal,Technology,Accessories,USB-C Hub,3102.57,4,0.1,353.41
ORD-105481,2022-12-08,2022-12-11,CUST-1591,Shreya Rao,30.0,Female,Corporate,North,Delhi,Furniture,Bookcases,Ladder Bookshelf,1977.72,5,0.15,506.55
ORD-105482,2023-05-30,2023-06-05,CUST-2168,Vivek Gupta,35.0,Male,Home Office,South,Kerala,Office Supplies,Envelopes,Window Envelopes,45.47,7,0.3,-2.86
ORD-105483,2024-03-24,2024-03-29,CUST-4284,Nikhil Singh,26.0,Male,Corporate,East,West Bengal,Office Supplies,Binders,View Binder,12.19,2,0.3,1.46
ORD-105484,2024-02-07,2024-02-09,CUST-4843,Rahul Kapoor,59.0,Male,Home Office,North,Haryana,Office Supplies,Envelopes,Mailing Envelopes,44.04,4,0.0,10.64
ORD-105485,2024-12-24,2024-12-27,CUST-1023,Anjali Reddy,32.0,Female,Home Office,South,Telangana,Technology,Phones,Cordless Landline,2629.31,3,0.0,831.9
ORD-105486,2022-10-15,2022-10-17,CUST-8900,Karan Rao,37.0,Male,Consumer,Central,Madhya Pradesh,Furniture,Chairs,Executive Leather Chair,633.94,7,0.2,119.41
ORD-105487,2023-12-29,2024-01-01,CUST-7665,Rohan Nair,30.0,Male,Home Office,East,Odisha,Office Supplies,Storage,Storage Box Set,230.97,5,0.15,22.04
ORD-105488,2023-11-26,2023-11-27,CUST-4549,Isha Patel,18.0,Female,Corporate,North,Haryana,Office Supplies,Labels,Address Labels,179.54,4,0.0,44.92
ORD-105489,2024-11-06,2024-11-08,CUST-1698,Kavita Rao,29.0,Female,Consumer,West,Maharashtra,Office Supplies,Binders,3-Ring Binder,37.27,2,0.4,-7.12
ORD-105490,2022-07-26,2022-07-28,CUST-4284,Nikhil Singh,28.0,Male,Consumer,South,Telangana,Office Supplies,Art,Sketch Pad,34.22,3,0.1,9.06
ORD-105491,2024-04-25,2024-04-29,CUST-1537,Isha Gupta,23.0,Female,Consumer,South,Tamil Nadu,Technology,Machines,Laser Printer,3299.29,5,,926.93
ORD-105492,2023-10-25,2023-11-01,CUST-6037,Nikhil Nair,42.0,Male,Consumer,West,Gujarat,Office Supplies,Paper,A4 Copy Paper Ream,52.4,4,0.1,13.87
ORD-105493,2022-11-25,2022-12-01,CUST-1286,Kavita Gupta,40.0,Female,Home Office,West,Gujarat,Office Supplies,Binders,Clip Binder,76.1,1,0.0,28.66
ORD-105494,2023-07-06,2023-07-08,CUST-7665,Rohan Nair,30.0,Male,Corporate,South,Tamil Nadu,Furniture,Furnishings,Table Lamp,1197.9,2,0.2,277.83
ORD-105495,2023-01-01,2023-01-06,CUST-5378,Divya Joshi,51.0,Female,Corporate,South,Kerala,Furniture,Tables,Glass Coffee Table,595.03,1,0.15,168.7
ORD-105496,2023-11-04,2023-11-11,CUST-1286,Kavita Gupta,42.0,Female,Corporate,West,Maharashtra,Technology,Copiers,Compact Copier,911.94,7,0.4,-114.1
ORD-105497,2024-10-12,2024-10-15,CUST-7579,Vivek Iyer,53.0,Male,Corporate,East,Bihar,Furniture,Tables,Round Side Table,396.12,2,0.2,17.0
ORD-105498,2023-10-26,2023-10-27,CUST-9843,Meera Iyer,54.0,Female,Home Office,South,Karnataka,Office Supplies,Art,Marker Set,194.25,3,0.2,21.52
ORD-105499,2023-12-10,2023-12-15,CUST-4070,Rohan Joshi,43.0,Male,Home Office,West,Rajasthan,Furniture,Bookcases,Ladder Bookshelf,1143.34,4,0.3,65.8
ORD-105500,2023-09-02,2023-09-09,CUST-4431,Ritu Rao,33.0,Female,Corporate,South,Kerala,Office Supplies,Art,Marker Set,477.27,7,0.2,16.09
ORD-105501,2022-03-13,2022-03-18,CUST-8287,Anita Sharma,51.0,Female,Consumer,West,Rajasthan,Technology,Phones,Budget Smartphone S5,334.28,1,0.2,65.45
ORD-105502,2022-10-23,2022-10-28,CUST-9830,Pooja Singh,35.0,Female,Consumer,West,Rajasthan,Furniture,Tables,Adjustable Standing Desk,705.07,3,0.15,
ORD-105503,2023-07-30,2023-08-04,CUST-5684,Aditya Mehta,45.0,Male,Consumer,Central,Chhattisgarh,Office Supplies,Binders,View Binder,89.6,3,0.15,9.34
ORD-105504,2022-12-18,2022-12-25,CUST-9311,Vivek Patel,49.0,Male,Consumer,South,Telangana,Office Supplies,Binders,Clip Binder,134.4,7,0.3,4.56
ORD-105505,2022-08-28,2022-08-29,CUST-4549,Isha Patel,18.0,Female,Corporate,East,Bihar,Office Supplies,Paper,Sticky Notes Pack,288.23,5,0.1,80.54
ORD-105506,2023-08-14,2023-08-18,CUST-4284,Nikhil Singh,26.0,Male,Consumer,North,Delhi,Technology,Copiers,Compact Copier,1025.18,2,0.2,18.49
ORD-105507,2022-12-25,2022-12-31,CUST-4311,Divya Singh,31.0,Female,Consumer,West,Maharashtra,Furniture,Furnishings,Area Rug,1306.14,5,0.4,-144.01
ORD-105508,2022-11-13,2022-11-15,CUST-6871,Manish Sharma,25.0,Male,Consumer,South,Tamil Nadu,Office Supplies,Storage,Desk Organizer,109.23,7,0.1,23.89
ORD-105509,2023-06-22,2023-06-29,CUST-5556,Vikram Patel,24.0,Male,Corporate,East,West Bengal,Office Supplies,Paper,Notebook Set,340.33,7,0.0,79.62
ORD-105510,2022-06-25,2022-06-30,CUST-7635,Sneha Nair,29.0,Female,Consumer,West,Rajasthan,Office Supplies,Art,Sketch Pad,117.75,3,0.0,48.03
ORD-105511,2024-11-15,2024-11-17,CUST-7401,Aditya Iyer,45.0,Male,Corporate,Central,Chhattisgarh,Furniture,Tables,Oak Dining Table,1713.17,5,0.0,
ORD-105512,2024-09-20,2024-09-27,CUST-2021,Vikram Mehta,38.0,Male,Consumer,East,Bihar,Technology,Copiers,Compact Copier,3077.67,5,0.15,353.66
ORD-105513,2024-02-28,2024-03-01,CUST-6871,Manish Sharma,29.0,Male,Home Office,West,Maharashtra,Office Supplies,Envelopes,Mailing Envelopes,187.29,6,0.1,62.19
ORD-105514,2022-05-22,2022-05-27,CUST-5199,Rohan Singh,35.0,Male,Consumer,South,Tamil Nadu,Furniture,Furnishings,Wall Clock,358.96,4,0.0,121.63
ORD-105515,2024-05-25,2024-05-29,CUST-7128,Suresh Nair,53.0,Male,Consumer,Central,Chhattisgarh,Office Supplies,Paper,Notebook Set,267.99,7,0.1,83.57
ORD-105516,2024-07-05,2024-07-12,CUST-1559,Vikram Singh,34.0,Male,Consumer,West,Rajasthan,Technology,Copiers,Office Copier 200,2017.33,3,0.2,367.75
ORD-105517,2024-05-15,2024-05-17,CUST-8041,Rohan Sharma,,Male,Consumer,West,Gujarat,Technology,Copiers,Office Copier 200,910.16,6,0.15,225.48
ORD-105518,2022-05-31,2022-06-03,CUST-2499,Vivek Iyer,29.0,Male,Consumer,East,Odisha,Office Supplies,Paper,Notebook Set,92.28,6,0.2,8.2
ORD-105519,2023-12-18,2023-12-20,CUST-4295,Meera Reddy,58.0,Female,Home Office,North,Punjab,Furniture,Chairs,Executive Leather Chair,1532.66,7,0.0,562.85
ORD-105520,2024-08-10,2024-08-16,CUST-5147,Suresh Nair,32.0,Male,Corporate,East,Bihar,Office Supplies,Paper,Sticky Notes Pack,65.78,2,0.3,7.05
ORD-105521,2023-11-03,2023-11-08,CUST-4070,Rohan Joshi,41.0,Male,Home Office,South,Karnataka,Office Supplies,Storage,Storage Box Set,225.62,3,0.0,60.71
ORD-105522,2023-12-19,2023-12-20,CUST-6888,Karan Joshi,70.0,Male,Consumer,East,Bihar,Technology,Phones,Budget Smartphone S5,973.11,6,0.15,263.34
ORD-105523,2023-06-15,2023-06-17,CUST-7481,Suresh Rao,19.0,Male,Corporate,East,Odisha,Office Supplies,Storage,Storage Box Set,200.31,3,0.0,52.25
ORD-105524,2023-09-14,2023-09-18,CUST-8809,Pooja Iyer,53.0,Female,Corporate,East,Odisha,Technology,Machines,Label Maker,3323.71,6,0.1,467.26
ORD-105525,2022-02-18,2022-02-21,CUST-4854,Vikram Singh,23.0,Male,Corporate,North,Delhi,Office Supplies,Binders,Clip Binder,57.37,7,0.0,24.2
ORD-105526,2023-12-15,2023-12-18,CUST-4295,Meera Reddy,58.0,Female,Corporate,West,Rajasthan,Furniture,Tables,Oak Dining Table,506.82,1,0.0,117.25
ORD-105527,2022-04-21,2022-04-22,CUST-5199,Rohan Singh,39.0,Male,Consumer,Central,Madhya Pradesh,Office Supplies,Binders,Clip Binder,152.37,2,0.2,7.72
ORD-105528,2023-05-16,2023-05-22,CUST-2561,Neha Sharma,41.0,Female,Consumer,South,Tamil Nadu,Office Supplies,Storage,Desk Organizer,77.21,4,0.0,34.68
ORD-105529,2022-12-07,2022-12-08,CUST-9117,Nikhil Singh,30.0,Male,Corporate,West,Rajasthan,Furniture,Furnishings,Wall Clock,2568.39,7,0.15,243.73
ORD-105530,2023-10-03,2023-10-09,CUST-2561,Neha Sharma,40.0,Female,Consumer,Central,Madhya Pradesh,Technology,Machines,Laser Printer,858.12,6,0.1,182.43
ORD-105531,2022-06-25,2022-06-27,CUST-8529,Vivek Kapoor,41.0,Male,Consumer,East,Bihar,Office Supplies,Art,Colored Pencils,186.6,3,,52.36
ORD-105532,2024-02-05,2024-02-10,CUST-5111,Meera Gupta,21.0,Female,Home Office,South,Tamil Nadu,Technology,Phones,Smartphone X12,2443.34,7,0.0,871.24
ORD-105533,2024-06-18,2024-06-22,CUST-7401,Aditya Iyer,48.0,Male,Consumer,South,Karnataka,Technology,Machines,3D Printer Mini,2268.44,5,0.1,422.95
ORD-105534,2022-08-05,2022-08-08,CUST-7481,Suresh Rao,,Male,Corporate,North,Uttar Pradesh,Technology,Phones,Budget Smartphone S5,3341.4,6,,1074.48
ORD-105535,2022-05-19,2022-05-20,CUST-6623,Vikram Sharma,34.0,Male,Home Office,South,Tamil Nadu,Technology,Accessories,Webcam HD,627.84,1,0.0,194.01
ORD-105536,2022-07-11,2022-07-15,CUST-8852,Pooja Sharma,31.0,Female,Home Office,South,Karnataka,Office Supplies,Binders,View Binder,61.59,1,0.15,6.37
ORD-105537,2024-10-01,2024-10-07,CUST-4641,Divya Verma,29.0,Female,Consumer,North,Punjab,Office Supplies,Binders,Clip Binder,434.28,6,0.1,95.07
ORD-105538,2023-09-13,2023-09-18,CUST-8099,Nikhil Joshi,37.0,Male,Consumer,North,Haryana,Technology,Machines,Label Maker,884.41,1,0.0,320.64
ORD-105539,2023-06-26,2023-06-29,CUST-4662,Karan Kapoor,18.0,Male,Consumer,East,Bihar,Technology,Copiers,Office Copier 200,1102.03,6,0.0,276.3
ORD-105540,2022-05-22,2022-05-25,CUST-8852,Pooja Sharma,31.0,Female,Home Office,East,West Bengal,Office Supplies,Storage,File Cabinet,96.4,7,0.1,32.11
ORD-105541,2023-12-21,2023-12-27,CUST-2257,Divya Singh,28.0,Female,Consumer,North,Uttar Pradesh,Office Supplies,Art,Marker Set,158.01,4,0.0,53.82
ORD-105542,2024-09-20,2024-09-25,CUST-1556,Priya Joshi,51.0,Female,Corporate,Central,Chhattisgarh,Office Supplies,Binders,Clip Binder,23.54,3,0.3,0.01
ORD-105543,2024-08-02,2024-08-05,CUST-3819,Aditya Singh,36.0,Male,Corporate,North,Punjab,Furniture,Chairs,Ergo Mesh Office Chair,3629.93,7,0.4,-133.35
ORD-105544,2023-12-07,2023-12-12,CUST-5511,Isha Singh,48.0,Female,Home Office,Central,Madhya Pradesh,Technology,Accessories,USB-C Hub,1285.13,3,0.1,204.54
ORD-105545,2022-04-13,2022-04-16,CUST-2257,Divya Singh,26.0,Female,Consumer,East,Bihar,Technology,Phones,Budget Smartphone S5,3400.31,4,0.15,841.24
ORD-105546,2022-05-29,2022-05-31,CUST-6623,Vikram Sharma,34.0,Male,Corporate,East,Bihar,Technology,Phones,Budget Smartphone S5,3583.94,4,0.15,627.75
ORD-105547,2022-03-10,2022-03-16,CUST-4244,Rahul Sharma,39.0,Male,Consumer,West,Rajasthan,Office Supplies,Paper,Notebook Set,188.2,5,0.3,23.41
ORD-105548,2022-11-12,2022-11-17,CUST-7128,Suresh Nair,50.0,Male,Corporate,West,Gujarat,Office Supplies,Art,Marker Set,364.59,5,0.1,116.57
ORD-105549,2022-06-28,2022-07-02,CUST-2561,Neha Sharma,43.0,Female,Home Office,East,West Bengal,Office Supplies,Art,Colored Pencils,32.63,1,0.1,9.18
ORD-105550,2022-11-14,2022-11-16,CUST-5511,Isha Singh,45.0,Female,Corporate,East,Odisha,Office Supplies,Paper,A4 Copy Paper Ream,129.51,2,0.0,57.38
ORD-105551,2023-03-14,2023-03-21,CUST-7608,Sanjay Mehta,34.0,Male,Corporate,West,Gujarat,Furniture,Tables,Oak Dining Table,1824.48,6,0.15,129.71
ORD-105552,2024-11-26,2024-11-30,CUST-2499,Vivek Iyer,29.0,Male,Consumer,Central,Chhattisgarh,Furniture,Furnishings,Curtain Set,2592.19,5,0.3,7.22
ORD-105553,2023-11-27,2023-12-03,CUST-5427,Anjali Kapoor,18.0,Female,Consumer,North,Delhi,Technology,Machines,Label Maker,3978.11,6,0.1,1378.02
ORD-105554,2024-08-11,2024-08-14,CUST-8852,Pooja Sharma,34.0,Female,Consumer,East,West Bengal,Office Supplies,Labels,Address Labels,104.31,3,0.1,19.11
ORD-105555,2024-03-03,2024-03-10,CUST-8163,Priya Verma,28.0,Female,Consumer,South,Karnataka,Office Supplies,Paper,Notebook Set,41.75,4,0.15,9.47
ORD-105556,2022-05-29,2022-06-02,CUST-4854,Vikram Singh,24.0,Male,Consumer,East,Odisha,Furniture,Chairs,Executive Leather Chair,3326.73,7,0.0,722.04
ORD-105557,2024-04-05,2024-04-07,CUST-4843,Rahul Kapoor,56.0,Male,Consumer,North,Punjab,Technology,Machines,3D Printer Mini,483.73,2,0.0,208.73
ORD-105558,2022-11-25,2022-12-02,CUST-4129,Neha Mehta,31.0,Female,Corporate,Central,Madhya Pradesh,Office Supplies,Art,Marker Set,111.02,6,0.2,0.86
ORD-105559,2023-12-15,2023-12-22,CUST-8529,Vivek Kapoor,42.0,Male,Corporate,South,Telangana,Furniture,Tables,Round Side Table,2455.24,7,0.3,314.51
ORD-105560,2023-01-11,2023-01-16,CUST-4227,Amit Nair,42.0,Male,Corporate,West,Rajasthan,Office Supplies,Paper,Notebook Set,362.29,5,0.1,121.06
ORD-105561,2024-12-30,2024-12-31,CUST-4662,Karan Kapoor,18.0,Male,Corporate,North,Haryana,Office Supplies,Art,Marker Set,112.6,6,0.0,26.21
ORD-105562,2022-11-17,2022-11-21,CUST-4244,Rahul Sharma,39.0,Male,Consumer,East,Bihar,Technology,Copiers,Compact Copier,2489.28,6,,649.03
ORD-105563,2022-11-28,2022-11-29,CUST-6364,Rahul Reddy,51.0,Male,Corporate,West,Rajasthan,Office Supplies,Labels,Address Labels,61.19,1,0.2,6.74
ORD-105564,2024-11-17,2024-11-23,CUST-5202,Neha Mehta,27.0,Female,Consumer,West,Maharashtra,Office Supplies,Paper,Sticky Notes Pack,51.29,2,0.4,-9.84
ORD-105565,2022-02-03,2022-02-07,CUST-7608,Sanjay Mehta,34.0,Male,Corporate,Central,Chhattisgarh,Office Supplies,Storage,File Cabinet,176.25,7,0.1,23.07
ORD-105566,2024-02-12,2024-02-16,CUST-4356,Rohan Iyer,18.0,Male,Home Office,East,Bihar,Furniture,Bookcases,5-Shelf Bookcase,586.04,5,0.15,159.5
ORD-105567,2024-03-22,2024-03-27,CUST-1606,Priya Joshi,34.0,Female,Corporate,West,Rajasthan,Furniture,Tables,Oak Dining Table,470.48,1,0.15,128.61
ORD-105568,2024-08-12,2024-08-15,CUST-6364,Rahul Reddy,50.0,Male,Home Office,South,Karnataka,Office Supplies,Binders,3-Ring Binder,44.65,6,0.15,5.57
ORD-105569,2024-12-16,2024-12-18,CUST-7284,Divya Rao,38.0,Female,Corporate,West,Gujarat,Technology,Copiers,Compact Copier,898.86,2,0.15,153.91
ORD-105570,2024-12-17,2024-12-19,CUST-6549,Shreya Singh,50.0,Female,Consumer,North,Haryana,Office Supplies,Labels,Shipping Labels,23.44,1,0.1,5.6
ORD-105571,2022-03-31,2022-04-02,CUST-5202,Neha Mehta,25.0,Female,Home Office,North,Haryana,Technology,Machines,3D Printer Mini,2320.77,7,0.2,571.6
ORD-105572,2024-07-24,2024-07-30,CUST-3823,Manish Kapoor,30.0,Male,Consumer,East,Bihar,Technology,Accessories,USB-C Hub,1976.88,5,0.15,135.12
ORD-105573,2023-12-19,2023-12-26,CUST-2483,Shreya Nair,22.0,Female,Consumer,North,Haryana,Furniture,Chairs,Recliner Lounge Chair,218.5,1,0.0,55.39
ORD-105574,2023-12-20,2023-12-23,CUST-8430,Meera Verma,38.0,Female,Corporate,West,Maharashtra,Furniture,Chairs,Recliner Lounge Chair,1084.32,7,0.0,260.31
ORD-105575,2022-06-19,2022-06-20,CUST-9996,Priya Mehta,28.0,Female,Corporate,North,Haryana,Technology,Accessories,Mechanical Keyboard,4482.78,6,0.1,611.42
ORD-105576,2023-12-22,2023-12-24,CUST-6314,Aditya Rao,43.0,Male,Consumer,West,Rajasthan,Office Supplies,Labels,Shipping Labels,47.58,3,0.15,9.85
ORD-105577,2024-12-21,2024-12-22,CUST-4650,Priya Rao,42.0,Female,Consumer,Central,Chhattisgarh,Technology,Copiers,Compact Copier,5922.27,7,0.15,1057.33
ORD-105578,2024-11-03,2024-11-06,CUST-4843,Rahul Kapoor,55.0,Male,Consumer,West,Maharashtra,Office Supplies,Binders,View Binder,81.58,3,0.1,22.57
ORD-105579,2023-05-21,2023-05-27,CUST-6083,Rahul Sharma,18.0,Male,Consumer,Central,Madhya Pradesh,Office Supplies,Labels,Address Labels,142.83,3,0.0,43.55
ORD-105580,2022-02-26,2022-03-01,CUST-8430,Meera Verma,37.0,Female,Corporate,North,Punjab,Technology,Phones,Cordless Landline,4835.97,7,0.2,504.19
ORD-105581,2023-02-10,2023-02-15,CUST-3649,Amit Patel,18.0,Male,Consumer,South,Karnataka,Furniture,Tables,Adjustable Standing Desk,582.15,1,0.15,93.49
ORD-105582,2024-07-31,2024-08-07,CUST-2483,Shreya Nair,22.0,Female,Consumer,West,Rajasthan,Office Supplies,Binders,View Binder,376.56,5,0.3,55.32
ORD-105583,2024-02-19,2024-02-21,CUST-9996,Priya Mehta,29.0,Female,Consumer,East,Odisha,Technology,Machines,Laser Printer,964.58,3,0.1,180.89
ORD-105584,2023-06-16,2023-06-22,CUST-4982,Shreya Verma,31.0,Female,Corporate,South,Telangana,Office Supplies,Art,Colored Pencils,130.71,4,0.0,55.19
ORD-105585,2022-03-18,2022-03-23,CUST-7468,Rahul Reddy,37.0,Male,Home Office,East,Bihar,Furniture,Furnishings,Table Lamp,425.1,5,0.2,83.93
ORD-105586,2023-05-06,2023-05-08,CUST-8414,Karan Patel,23.0,Male,Corporate,North,Punjab,Technology,Copiers,Compact Copier,5204.38,6,0.0,1621.44
ORD-105587,2023-06-28,2023-07-01,CUST-5427,Anjali Kapoor,18.0,Female,Home Office,South,Kerala,Furniture,Furnishings,Area Rug,1161.27,7,0.1,378.05
ORD-105588,2024-11-15,2024-11-18,CUST-4982,Shreya Verma,31.0,Female,Home Office,North,Uttar Pradesh,Office Supplies,Storage,File Cabinet,534.09,7,0.0,219.45
ORD-105589,2023-12-16,2023-12-20,CUST-3767,Suresh Patel,40.0,Male,Corporate,West,Rajasthan,Office Supplies,Storage,File Cabinet,52.43,3,0.3,2.53
ORD-105590,2022-12-18,2022-12-22,CUST-1881,Priya Nair,39.0,Female,Consumer,East,Odisha,Office Supplies,Art,Marker Set,387.57,7,0.2,93.94
ORD-105591,2023-09-10,2023-09-13,CUST-9779,Isha Kapoor,33.0,Female,Consumer,East,Bihar,Office Supplies,Binders,3-Ring Binder,30.83,1,,2.42
ORD-105592,2022-04-01,2022-04-04,CUST-2483,Shreya Nair,21.0,Female,Consumer,East,West Bengal,Office Supplies,Art,Marker Set,397.47,6,0.15,48.37
ORD-105593,2024-12-15,2024-12-16,CUST-3823,Manish Kapoor,31.0,Male,Consumer,North,Uttar Pradesh,Office Supplies,Art,Colored Pencils,283.86,5,0.3,12.56
ORD-105594,2023-02-07,2023-02-14,CUST-9779,Isha Kapoor,30.0,Female,Home Office,South,Kerala,Office Supplies,Art,Colored Pencils,223.16,5,0.0,70.11
ORD-105595,2023-07-10,2023-07-11,CUST-9996,Priya Mehta,29.0,Female,Consumer,South,Tamil Nadu,Office Supplies,Binders,Clip Binder,60.43,5,0.0,26.18
ORD-105596,2023-01-31,2023-02-07,CUST-4440,Vivek Patel,52.0,Male,Consumer,East,Odisha,Office Supplies,Art,Sketch Pad,41.78,2,0.1,13.24
ORD-105597,2024-01-23,2024-01-28,CUST-5786,Meera Sharma,43.0,Female,Consumer,West,Rajasthan,Furniture,Bookcases,5-Shelf Bookcase,1590.77,3,0.15,288.47
ORD-105598,2023-12-29,2024-01-02,CUST-6812,Vivek Patel,50.0,Male,Consumer,South,Kerala,Office Supplies,Storage,Storage Box Set,158.99,2,0.4,-25.47
ORD-105599,2024-03-09,2024-03-13,CUST-9398,Nikhil Kapoor,45.0,Male,Home Office,East,West Bengal,Furniture,Chairs,Foldable Study Chair,1234.86,3,0.2,66.75
ORD-105600,2022-11-20,2022-11-23,CUST-3767,Suresh Patel,43.0,Male,Corporate,South,Kerala,Furniture,Chairs,Executive Leather Chair,246.86,2,0.0,85.59
ORD-105601,2022-12-21,2022-12-24,CUST-5786,Meera Sharma,41.0,Female,Consumer,East,Odisha,Technology,Accessories,Wireless Mouse,2854.12,7,0.1,768.73
ORD-105602,2022-06-15,2022-06-20,CUST-5305,Anjali Reddy,25.0,Female,Consumer,West,Rajasthan,Office Supplies,Labels,Address Labels,238.69,4,0.0,89.24
ORD-105603,2023-12-25,2023-12-31,CUST-6941,Rahul Kapoor,29.0,Male,Consumer,North,Uttar Pradesh,Furniture,Bookcases,Corner Bookcase,723.29,5,0.1,156.09
ORD-105604,2022-02-26,2022-03-04,CUST-5250,Neha Gupta,48.0,Female,Consumer,South,Kerala,Office Supplies,Art,Colored Pencils,169.67,5,0.0,53.8
ORD-105605,2023-11-18,2023-11-24,CUST-5804,Shreya Verma,32.0,Female,Consumer,West,Maharashtra,Furniture,Chairs,Executive Leather Chair,1651.32,4,0.4,-221.39
ORD-105606,2024-09-22,2024-09-26,CUST-6427,Priya Iyer,23.0,Female,Corporate,West,Gujarat,Office Supplies,Envelopes,Window Envelopes,44.68,3,0.15,11.16
ORD-105607,2024-10-14,2024-10-15,CUST-4963,Neha Rao,27.0,Female,Corporate,East,West Bengal,Technology,Accessories,USB-C Hub,1861.8,7,0.15,355.87
ORD-105608,2023-06-02,2023-06-08,CUST-1516,Sanjay Joshi,22.0,Male,Consumer,North,Punjab,Office Supplies,Storage,File Cabinet,40.82,1,0.0,16.22
ORD-105609,2023-06-16,2023-06-18,CUST-6941,Rahul Kapoor,27.0,Male,Consumer,East,Odisha,Technology,Accessories,Mechanical Keyboard,5187.58,6,0.2,760.93
ORD-105610,2022-04-15,2022-04-20,CUST-5786,Meera Sharma,42.0,Female,Home Office,East,Odisha,Technology,Machines,Laser Printer,2259.98,4,0.2,185.22
ORD-105611,2024-01-07,2024-01-13,CUST-6941,Rahul Kapoor,28.0,Male,Consumer,West,Rajasthan,Office Supplies,Binders,Clip Binder,111.81,3,0.15,8.32
ORD-105612,2024-07-23,2024-07-25,CUST-5250,Neha Gupta,49.0,Female,Consumer,North,Uttar Pradesh,Office Supplies,Binders,View Binder,40.2,1,0.3,5.92
ORD-105613,2022-11-03,2022-11-09,CUST-8625,Amit Mehta,28.0,Male,Consumer,North,Haryana,Furniture,Furnishings,Table Lamp,3134.07,7,0.1,983.99
ORD-105614,2023-04-29,2023-04-30,CUST-3015,Amit Nair,60.0,Male,Home Office,West,Gujarat,Office Supplies,Art,Marker Set,63.52,7,0.2,2.34
ORD-105615,2024-08-16,2024-08-17,CUST-5645,Divya Patel,28.0,Female,Consumer,East,Bihar,Office Supplies,Binders,Clip Binder,34.96,3,0.15,2.06
ORD-105616,2024-10-01,2024-10-07,CUST-1221,Pooja Rao,35.0,Female,Corporate,West,Rajasthan,Office Supplies,Binders,Clip Binder,116.68,3,0.1,17.98
ORD-105617,2022-11-02,2022-11-04,CUST-7468,Rahul Reddy,36.0,Male,Corporate,South,Kerala,Office Supplies,Paper,Notebook Set,19.99,3,0.15,5.58
ORD-105618,2023-10-08,2023-10-13,CUST-6812,Vivek Patel,53.0,Male,Corporate,Central,Chhattisgarh,Office Supplies,Envelopes,Mailing Envelopes,61.42,2,0.1,11.33
ORD-105619,2022-09-10,2022-09-12,CUST-9284,Pooja Gupta,29.0,Female,Consumer,West,Gujarat,Technology,Machines,3D Printer Mini,3692.35,6,,912.16
ORD-105620,2022-05-16,2022-05-21,CUST-2390,Amit Patel,28.0,Male,Corporate,Central,Chhattisgarh,Office Supplies,Art,Marker Set,111.21,2,0.4,-0.92
ORD-105621,2024-11-03,2024-11-09,CUST-1626,Isha Iyer,60.0,Female,Corporate,East,Odisha,Technology,Machines,Laser Printer,4888.87,6,0.0,1098.67
ORD-105622,2024-07-22,2024-07-27,CUST-9284,Pooja Gupta,26.0,Female,Consumer,East,West Bengal,Office Supplies,Paper,A4 Copy Paper Ream,33.58,2,0.4,-6.64
ORD-105623,2024-05-06,2024-05-09,CUST-2052,Aditya Reddy,37.0,Male,Consumer,East,Odisha,Office Supplies,Paper,A4 Copy Paper Ream,76.41,1,0.15,4.93
ORD-105624,2022-03-10,2022-03-14,CUST-8506,Manish Mehta,48.0,Male,Home Office,North,Punjab,Furniture,Tables,Oak Dining Table,511.02,3,0.2,94.25
ORD-105625,2024-08-22,2024-08-29,CUST-3068,Anjali Sharma,36.0,Female,Home Office,North,Punjab,Furniture,Bookcases,Ladder Bookshelf,1573.85,3,0.3,7.06
ORD-105626,2023-05-20,2023-05-24,CUST-6812,Vivek Patel,51.0,Male,Consumer,North,Uttar Pradesh,Technology,Accessories,Mechanical Keyboard,155.12,3,0.0,61.54
ORD-105627,2023-01-13,2023-01-14,CUST-3068,Anjali Sharma,35.0,Female,Consumer,South,Tamil Nadu,Office Supplies,Paper,Notebook Set,117.85,5,0.1,40.61
ORD-105628,2023-10-04,2023-10-07,CUST-2112,Neha Gupta,59.0,Female,Home Office,East,Bihar,Furniture,Chairs,Recliner Lounge Chair,3241.15,6,0.0,1344.92
ORD-105629,2022-05-03,2022-05-07,CUST-2226,Amit Sharma,27.0,Male,Corporate,North,Delhi,Office Supplies,Paper,Sticky Notes Pack,190.99,5,0.1,33.93
ORD-105630,2024-05-01,2024-05-07,CUST-2112,Neha Gupta,58.0,Female,Corporate,West,Maharashtra,Furniture,Furnishings,Area Rug,2217.6,4,0.3,269.55
ORD-105631,2023-11-06,2023-11-11,CUST-3068,Anjali Sharma,35.0,Female,Corporate,North,Uttar Pradesh,Office Supplies,Paper,A4 Copy Paper Ream,234.17,5,0.1,69.43
ORD-105632,2022-09-03,2022-09-08,CUST-2060,Sanjay Iyer,47.0,Male,Home Office,West,Maharashtra,Furniture,Bookcases,Ladder Bookshelf,519.29,1,0.1,80.35
ORD-105633,2022-09-05,2022-09-07,CUST-6881,Kavita Sharma,34.0,Female,Consumer,East,Bihar,Office Supplies,Binders,Clip Binder,307.59,5,0.0,84.24
ORD-105634,2022-09-01,2022-09-03,CUST-3075,Rahul Rao,33.0,Male,Consumer,East,Odisha,Office Supplies,Art,Marker Set,55.5,1,0.15,2.91
ORD-105635,2022-03-20,2022-03-25,CUST-1228,Shreya Mehta,51.0,Female,Consumer,East,Odisha,Office Supplies,Paper,Notebook Set,86.63,3,0.0,36.74
ORD-105636,2023-11-10,2023-11-16,CUST-9363,Anjali Verma,62.0,Female,Consumer,Central,Chhattisgarh,Technology,Phones,Budget Smartphone S5,496.9,2,0.2,31.38
ORD-105637,2024-08-18,2024-08-23,CUST-9284,Pooja Gupta,25.0,Female,Consumer,Central,Madhya Pradesh,Furniture,Tables,Round Side Table,2435.4,5,0.4,-75.65
ORD-105638,2022-01-25,2022-01-27,CUST-2077,Aditya Iyer,43.0,Male,Home Office,East,West Bengal,Furniture,Tables,Round Side Table,794.5,6,0.1,102.89
ORD-105639,2022-03-10,2022-03-14,CUST-7250,Anita Gupta,44.0,Female,Consumer,North,Punjab,Office Supplies,Labels,Address Labels,416.45,7,0.1,122.47
ORD-105640,2023-10-30,2023-10-31,CUST-2226,Amit Sharma,28.0,Male,Consumer,West,Maharashtra,Technology,Copiers,Compact Copier,4805.91,6,0.2,680.65
ORD-105641,2024-07-21,2024-07-23,CUST-2643,Karan Nair,37.0,Male,Consumer,South,Tamil Nadu,Office Supplies,Envelopes,Window Envelopes,229.12,5,0.0,89.43
ORD-105642,2022-12-28,2023-01-03,CUST-6518,Amit Iyer,18.0,Male,Consumer,West,Gujarat,Technology,Accessories,Wireless Mouse,2588.11,5,0.15,703.08
ORD-105643,2023-01-23,2023-01-27,CUST-9284,Pooja Gupta,27.0,Female,Consumer,East,West Bengal,Furniture,Chairs,Recliner Lounge Chair,1061.67,5,0.4,-167.56
ORD-105644,2023-11-17,2023-11-21,CUST-3075,Rahul Rao,30.0,Male,Consumer,North,Uttar Pradesh,Office Supplies,Storage,Desk Organizer,34.2,1,0.3,0.63
ORD-105645,2022-11-25,2022-11-29,CUST-6812,Vivek Patel,54.0,Male,Consumer,South,Tamil Nadu,Office Supplies,Art,Marker Set,386.81,6,0.0,89.82
ORD-105646,2022-02-06,2022-02-09,CUST-9485,Isha Joshi,26.0,Female,Corporate,West,Gujarat,Office Supplies,Envelopes,Window Envelopes,158.08,3,0.0,59.91
ORD-105647,2024-04-04,2024-04-07,CUST-8675,Vikram Patel,48.0,Male,Consumer,Central,Chhattisgarh,Furniture,Bookcases,5-Shelf Bookcase,2804.71,6,0.4,-432.43
ORD-105648,2023-12-07,2023-12-14,CUST-2444,Anjali Sharma,42.0,Female,Consumer,North,Delhi,Office Supplies,Storage,File Cabinet,168.37,6,0.0,47.38
ORD-105649,2023-11-05,2023-11-09,CUST-4122,Karan Sharma,61.0,Male,Consumer,East,Odisha,Technology,Phones,Budget Smartphone S5,158.14,1,0.4,-29.24
ORD-105650,2024-04-12,2024-04-18,CUST-4886,Rohan Gupta,50.0,Male,Consumer,North,Uttar Pradesh,Furniture,Chairs,Foldable Study Chair,261.24,2,0.1,89.54
ORD-105651,2024-01-13,2024-01-18,CUST-5327,Vikram Iyer,28.0,Male,Home Office,Central,Madhya Pradesh,Technology,Phones,Smartphone X12,3307.51,4,0.1,435.45
ORD-105652,2022-09-26,2022-10-02,CUST-8675,Vikram Patel,47.0,Male,Home Office,South,Karnataka,Furniture,Bookcases,Corner Bookcase,225.42,1,0.0,74.34
ORD-105653,2023-01-27,2023-01-30,CUST-4829,Suresh Mehta,18.0,Male,Corporate,North,Punjab,Technology,Accessories,USB-C Hub,414.77,4,0.2,12.65
ORD-105654,2022-06-16,2022-06-18,CUST-3068,Anjali Sharma,38.0,Female,Consumer,North,Delhi,Office Supplies,Envelopes,Window Envelopes,213.0,4,0.0,76.67
ORD-105655,2022-06-20,2022-06-27,CUST-5631,Rohan Kapoor,37.0,Male,Consumer,West,Rajasthan,Technology,Machines,Laser Printer,2171.89,7,0.1,342.13
ORD-105656,2024-01-14,2024-01-17,CUST-8789,Rohan Gupta,45.0,Male,Consumer,Central,Chhattisgarh,Furniture,Tables,Oak Dining Table,845.98,2,0.4,-42.53
ORD-105657,2024-09-09,2024-09-14,CUST-5301,Sanjay Joshi,21.0,Male,Consumer,Central,Madhya Pradesh,Furniture,Chairs,Executive Leather Chair,408.22,1,0.15,80.98
ORD-105658,2024-12-09,2024-12-10,CUST-6881,Kavita Sharma,34.0,Female,Corporate,South,Kerala,Furniture,Chairs,Foldable Study Chair,2794.66,6,0.1,507.7
ORD-105659,2023-12-08,2023-12-15,CUST-5250,Neha Gupta,49.0,Female,Corporate,East,West Bengal,Office Supplies,Art,Colored Pencils,115.27,2,0.2,22.95
ORD-105660,2022-08-31,2022-09-03,CUST-8789,Rohan Gupta,45.0,Male,Consumer,North,Haryana,Technology,Accessories,Mechanical Keyboard,753.49,4,0.15,53.44
ORD-105661,2022-05-21,2022-05-27,CUST-2423,Aditya Rao,29.0,Male,Consumer,East,West Bengal,Furniture,Tables,Glass Coffee Table,497.82,1,0.15,133.66
ORD-105662,2024-07-12,2024-07-19,CUST-9485,Isha Joshi,25.0,Female,Consumer,Central,Chhattisgarh,Office Supplies,Paper,Sticky Notes Pack,59.7,3,0.0,19.63
ORD-105663,2023-11-04,2023-11-10,CUST-3075,Rahul Rao,33.0,Male,Corporate,West,Rajasthan,Office Supplies,Labels,Address Labels,49.34,1,0.1,14.75
ORD-105664,2023-12-02,2023-12-06,CUST-3068,Anjali Sharma,38.0,Female,Home Office,Central,Madhya Pradesh,Technology,Accessories,Mechanical Keyboard,3338.77,4,0.0,1036.38
ORD-105665,2024-06-01,2024-06-05,CUST-6363,Sanjay Reddy,24.0,Male,Corporate,South,Tamil Nadu,Office Supplies,Labels,Shipping Labels,122.87,7,0.0,42.55
ORD-105666,2024-02-22,2024-02-26,CUST-5700,Ritu Verma,29.0,Female,Corporate,East,West Bengal,Office Supplies,Labels,Shipping Labels,58.32,4,0.2,6.32
ORD-105667,2024-08-10,2024-08-17,CUST-3672,Divya Reddy,23.0,Female,Home Office,Central,Madhya Pradesh,Office Supplies,Storage,Storage Box Set,43.01,5,,3.38
ORD-105668,2022-03-19,2022-03-20,CUST-8800,Sanjay Sharma,45.0,Male,Corporate,Central,Chhattisgarh,Technology,Accessories,Mechanical Keyboard,1571.88,3,0.2,339.09
ORD-105669,2024-04-20,2024-04-25,CUST-3018,Anita Iyer,18.0,Female,Home Office,North,Uttar Pradesh,Technology,Accessories,USB-C Hub,3888.08,7,0.2,270.9
ORD-105670,2024-08-31,2024-09-07,CUST-9834,Anita Gupta,41.0,Female,Corporate,North,Haryana,Furniture,Chairs,Executive Leather Chair,2179.62,7,0.2,399.66
ORD-105671,2022-12-03,2022-12-05,CUST-3564,Isha Patel,45.0,Female,Corporate,North,Haryana,Office Supplies,Envelopes,Window Envelopes,22.62,4,0.0,4.57
ORD-105672,2023-12-16,2023-12-22,CUST-3672,Divya Reddy,21.0,Female,Corporate,North,Haryana,Technology,Phones,Smartphone X12,959.67,4,0.1,224.93
ORD-105673,2022-12-20,2022-12-26,CUST-2646,Amit Rao,36.0,Male,Consumer,South,Kerala,Office Supplies,Labels,Shipping Labels,47.02,6,0.1,11.8
ORD-105674,2024-12-06,2024-12-13,CUST-9459,Manish Rao,44.0,Male,Consumer,Central,Chhattisgarh,Office Supplies,Storage,Storage Box Set,35.06,3,0.0,9.63
ORD-105675,2022-02-16,2022-02-23,CUST-5089,Aditya Mehta,22.0,Male,Consumer,South,Karnataka,Technology,Accessories,Wireless Mouse,1039.91,3,0.4,-23.35
ORD-105676,2023-11-04,2023-11-09,CUST-1956,Arjun Rao,29.0,Male,Consumer,East,West Bengal,Office Supplies,Paper,Notebook Set,53.46,4,0.2,12.78
ORD-105677,2022-08-09,2022-08-10,CUST-1524,Karan Singh,66.0,Male,Corporate,North,Haryana,Furniture,Furnishings,Area Rug,1608.59,5,0.1,260.0
ORD-105678,2024-03-05,2024-03-12,CUST-3649,Karan Singh,53.0,Male,Consumer,South,Karnataka,Office Supplies,Envelopes,Window Envelopes,13.2,1,0.15,0.94
ORD-105679,2022-08-21,2022-08-25,CUST-2918,Neha Kapoor,34.0,Female,Corporate,East,Bihar,Office Supplies,Labels,Shipping Labels,285.04,5,0.3,34.16
ORD-105680,2022-10-26,2022-10-31,CUST-9630,Manish Gupta,45.0,Male,Consumer,East,West Bengal,Office Supplies,Labels,Shipping Labels,204.14,6,,52.8
ORD-105681,2023-08-02,2023-08-04,CUST-1956,Arjun Rao,27.0,Male,Home Office,East,West Bengal,Office Supplies,Binders,Clip Binder,58.9,2,0.1,13.39
ORD-105682,2024-11-05,2024-11-09,CUST-5330,Isha Patel,22.0,Female,Consumer,Central,Chhattisgarh,Office Supplies,Paper,Sticky Notes Pack,172.15,7,0.15,39.87
ORD-105683,2022-10-02,2022-10-04,CUST-3835,Ritu Mehta,19.0,Female,Home Office,Central,Chhattisgarh,Office Supplies,Envelopes,Window Envelopes,54.19,1,0.0,18.11
ORD-105684,2022-07-10,2022-07-13,CUST-1875,Pooja Sharma,27.0,Female,Consumer,North,Uttar Pradesh,Technology,Accessories,USB-C Hub,1214.76,2,0.15,240.13
ORD-105685,2024-05-04,2024-05-06,CUST-2705,Ritu Verma,18.0,Female,Consumer,South,Tamil Nadu,Furniture,Chairs,Foldable Study Chair,236.24,2,0.3,-20.89
ORD-105686,2023-08-10,2023-08-14,CUST-3068,Anjali Sharma,37.0,Female,Consumer,East,Odisha,Furniture,Bookcases,5-Shelf Bookcase,1276.98,3,0.2,315.5
ORD-105687,2024-11-03,2024-11-06,CUST-1875,Pooja Sharma,28.0,Female,Home Office,East,West Bengal,Furniture,Furnishings,Curtain Set,653.01,3,0.2,63.31
ORD-105688,2022-07-13,2022-07-17,CUST-8042,Ritu Sharma,51.0,Female,Consumer,East,Bihar,Furniture,Furnishings,Table Lamp,737.92,3,0.1,225.97
ORD-105689,2023-12-19,2023-12-25,CUST-5156,Vivek Verma,18.0,Male,Corporate,North,Haryana,Furniture,Chairs,Foldable Study Chair,1293.58,5,0.0,470.65
ORD-105690,2022-10-23,2022-10-27,CUST-9313,Rahul Kapoor,47.0,Male,Consumer,West,Rajasthan,Furniture,Tables,Oak Dining Table,817.88,6,0.15,54.86
ORD-105691,2022-07-27,2022-07-30,CUST-6374,Meera Sharma,49.0,Female,Corporate,South,Tamil Nadu,Furniture,Furnishings,Curtain Set,370.61,3,0.2,17.09
ORD-105692,2024-01-24,2024-01-26,CUST-8360,Rohan Patel,35.0,Male,Consumer,North,Uttar Pradesh,Technology,Accessories,USB-C Hub,5465.36,7,0.1,1220.76
ORD-105693,2023-11-15,2023-11-21,CUST-2918,Neha Kapoor,33.0,Female,Home Office,West,Gujarat,Furniture,Tables,Adjustable Standing Desk,1795.15,3,,178.58
ORD-105694,2024-04-29,2024-04-30,CUST-9448,Karan Gupta,26.0,Male,Home Office,East,Bihar,Furniture,Bookcases,5-Shelf Bookcase,2961.94,5,0.0,1106.05
ORD-105695,2022-12-17,2022-12-18,CUST-5089,Aditya Mehta,23.0,Male,Consumer,West,Rajasthan,Office Supplies,Storage,File Cabinet,174.19,7,0.0,40.32
ORD-105696,2023-06-01,2023-06-02,CUST-5532,Sanjay Gupta,35.0,Male,Corporate,West,Rajasthan,Office Supplies,Labels,Shipping Labels,172.84,6,0.15,32.76
ORD-105697,2023-04-09,2023-04-10,CUST-9834,Anita Gupta,40.0,Female,Consumer,West,Rajasthan,Furniture,Chairs,Ergo Mesh Office Chair,2179.87,5,0.3,104.51
ORD-105698,2024-12-22,2024-12-27,CUST-8042,Ritu Sharma,52.0,Female,Home Office,South,Kerala,Technology,Phones,Cordless Landline,4272.82,5,0.0,1714.12
ORD-105699,2022-12-07,2022-12-08,CUST-9483,Nikhil Verma,27.0,Male,Consumer,North,Uttar Pradesh,Office Supplies,Labels,Address Labels,355.6,7,0.1,45.96
ORD-105700,2022-12-08,2022-12-11,CUST-8042,Ritu Sharma,54.0,Female,Consumer,Central,Chhattisgarh,Office Supplies,Storage,Desk Organizer,26.64,3,0.3,1.34
ORD-105701,2023-01-30,2023-02-06,CUST-3452,Divya Mehta,47.0,Female,Consumer,South,Tamil Nadu,Technology,Accessories,Mechanical Keyboard,2242.99,5,0.2,470.3
ORD-105702,2023-10-22,2023-10-23,CUST-1875,Pooja Sharma,28.0,Female,Consumer,Central,Chhattisgarh,Technology,Phones,Smartphone X12,1545.14,4,0.3,-101.62
ORD-105703,2022-11-09,2022-11-13,CUST-4147,Rohan Gupta,18.0,Male,Corporate,East,West Bengal,Office Supplies,Storage,File Cabinet,85.82,2,0.4,2.65
ORD-105704,2024-11-06,2024-11-13,CUST-1029,Manish Gupta,27.0,Male,Home Office,North,Haryana,Technology,Accessories,USB-C Hub,467.95,3,0.0,162.72
ORD-105705,2022-11-18,2022-11-19,CUST-5948,Anita Mehta,37.0,Female,Corporate,Central,Chhattisgarh,Office Supplies,Paper,Notebook Set,66.46,1,0.4,-5.92
ORD-105706,2024-10-19,2024-10-26,CUST-1724,Vikram Nair,38.0,Male,Consumer,East,Bihar,Furniture,Chairs,Ergo Mesh Office Chair,682.04,5,0.0,224.71
ORD-105707,2022-05-18,2022-05-20,CUST-9313,Rahul Kapoor,45.0,Male,Home Office,East,West Bengal,Furniture,Furnishings,Wall Clock,1341.86,4,0.3,158.49
ORD-105708,2023-12-26,2023-12-29,CUST-8563,Shreya Joshi,18.0,Female,Consumer,Central,Madhya Pradesh,Furniture,Bookcases,5-Shelf Bookcase,1616.08,4,0.3,-34.32
ORD-105709,2024-10-30,2024-11-02,CUST-1724,Vikram Nair,39.0,Male,Corporate,South,Telangana,Technology,Machines,Laser Printer,1083.84,4,0.0,309.5
ORD-105710,2022-08-12,2022-08-19,CUST-3075,Rahul Rao,31.0,Male,Home Office,South,Telangana,Technology,Copiers,Compact Copier,1741.91,3,0.2,292.78
ORD-105711,2024-12-12,2024-12-18,CUST-2170,Vikram Iyer,25.0,Male,Consumer,South,Kerala,Office Supplies,Labels,Address Labels,362.3,5,0.2,77.45
ORD-105712,2023-06-07,2023-06-12,CUST-5089,Aditya Mehta,24.0,Male,Consumer,South,Kerala,Furniture,Bookcases,5-Shelf Bookcase,2539.66,7,0.4,-138.38
ORD-105713,2024-11-28,2024-12-02,CUST-8752,Shreya Reddy,33.0,Female,Consumer,South,Tamil Nadu,Technology,Phones,Smartphone X12,297.88,3,0.0,131.17
ORD-105714,2024-01-15,2024-01-22,CUST-8494,Suresh Reddy,38.0,Male,Consumer,North,Delhi,Office Supplies,Envelopes,Mailing Envelopes,377.73,5,0.0,128.05
ORD-105715,2022-12-12,2022-12-15,CUST-1028,Karan Patel,37.0,Male,Consumer,West,Maharashtra,Furniture,Tables,Adjustable Standing Desk,2355.13,5,0.2,381.22
ORD-105716,2022-09-05,2022-09-07,CUST-4147,Rohan Gupta,18.0,Male,Consumer,North,Haryana,Furniture,Furnishings,Table Lamp,515.8,1,0.0,126.66
ORD-105717,2022-12-14,2022-12-15,CUST-8752,Shreya Reddy,31.0,Female,Corporate,North,Haryana,Office Supplies,Art,Colored Pencils,202.3,5,0.15,29.81
ORD-105718,2022-05-05,2022-05-08,CUST-3545,Sneha Patel,29.0,Female,Home Office,West,Gujarat,Furniture,Furnishings,Table Lamp,2345.86,6,0.0,698.38
ORD-105719,2022-07-09,2022-07-11,CUST-1816,Anjali Reddy,34.0,Female,Consumer,East,Bihar,Office Supplies,Binders,Clip Binder,6.65,1,0.0,1.67
ORD-105720,2022-05-20,2022-05-21,CUST-5948,Anita Mehta,38.0,Female,Corporate,North,Uttar Pradesh,Office Supplies,Art,Marker Set,67.5,2,0.0,28.38
ORD-105721,2023-05-02,2023-05-07,CUST-1669,Arjun Reddy,24.0,Male,Corporate,South,Telangana,Office Supplies,Art,Colored Pencils,160.18,3,0.2,2.57
ORD-105722,2024-06-19,2024-06-22,CUST-7938,Meera Kapoor,,Female,Corporate,North,Delhi,Furniture,Tables,Oak Dining Table,94.27,1,0.3,-8.84
ORD-105723,2022-07-06,2022-07-09,CUST-3545,Sneha Patel,28.0,Female,Consumer,South,Kerala,Furniture,Chairs,Executive Leather Chair,444.76,2,0.4,-28.74
ORD-105724,2022-06-21,2022-06-28,CUST-2112,Neha Gupta,56.0,Female,Corporate,Central,Chhattisgarh,Office Supplies,Labels,Address Labels,40.08,3,0.15,9.23
ORD-105725,2023-12-18,2023-12-25,CUST-9459,Manish Rao,43.0,Male,Consumer,North,Delhi,Technology,Copiers,Compact Copier,4804.98,6,0.2,76.9
ORD-105726,2022-09-15,2022-09-17,CUST-1915,Pooja Rao,19.0,Female,Consumer,Central,Chhattisgarh,Furniture,Bookcases,Corner Bookcase,2054.2,4,0.2,127.6
ORD-105727,2022-05-11,2022-05-17,CUST-5842,Vikram Mehta,18.0,Male,Consumer,Central,Chhattisgarh,Office Supplies,Art,Sketch Pad,81.58,5,0.0,16.77
ORD-105728,2022-08-09,2022-08-16,CUST-3460,Karan Gupta,34.0,Male,Consumer,North,Haryana,Office Supplies,Art,Sketch Pad,189.99,5,0.0,68.37
ORD-105729,2024-11-12,2024-11-16,CUST-6551,Manish Singh,25.0,Male,Consumer,East,West Bengal,Office Supplies,Art,Colored Pencils,134.1,2,0.0,27.63
ORD-105730,2024-07-24,2024-07-29,CUST-9313,Rahul Kapoor,45.0,Male,Home Office,Central,Chhattisgarh,Furniture,Furnishings,Wall Clock,846.99,2,0.1,175.47
ORD-105731,2023-01-29,2023-02-02,CUST-1669,Arjun Reddy,24.0,Male,Consumer,South,Tamil Nadu,Technology,Phones,Smartphone X12,3341.04,4,0.0,1386.88
ORD-105732,2023-12-25,2023-12-28,CUST-2958,Suresh Kapoor,18.0,Male,Home Office,South,Karnataka,Furniture,Bookcases,Corner Bookcase,197.93,1,0.0,43.52
ORD-105733,2023-09-24,2023-09-28,CUST-3545,Sneha Patel,25.0,Female,Consumer,North,Haryana,Office Supplies,Paper,Sticky Notes Pack,117.03,3,0.0,42.66
ORD-105734,2024-01-15,2024-01-16,CUST-1816,Anjali Reddy,33.0,Female,Home Office,Central,Chhattisgarh,Furniture,Bookcases,5-Shelf Bookcase,1293.05,5,0.0,580.66
ORD-105735,2024-01-23,2024-01-28,CUST-1634,Rahul Sharma,37.0,Male,Corporate,Central,Chhattisgarh,Technology,Machines,Label Maker,3676.56,6,0.0,1610.32
ORD-105736,2023-12-09,2023-12-13,CUST-5948,Anita Mehta,38.0,Female,Consumer,East,Bihar,Technology,Machines,3D Printer Mini,668.61,3,0.0,288.35
ORD-105737,2022-11-19,2022-11-20,CUST-1634,Rahul Sharma,36.0,Male,Home Office,South,Telangana,Technology,Copiers,Office Copier 200,2673.87,3,0.3,114.76
ORD-105738,2022-02-25,2022-02-27,CUST-6247,Isha Sharma,37.0,Female,Consumer,Central,Chhattisgarh,Office Supplies,Paper,Sticky Notes Pack,61.01,1,0.15,15.44
ORD-105739,2023-06-11,2023-06-15,CUST-4681,Nikhil Singh,52.0,Male,Consumer,West,Rajasthan,Office Supplies,Paper,Notebook Set,51.92,1,0.1,11.01
ORD-105740,2024-10-14,2024-10-19,CUST-3016,Neha Sharma,42.0,Female,Consumer,Central,Chhattisgarh,Furniture,Bookcases,Ladder Bookshelf,493.96,2,0.0,137.84
ORD-105741,2023-10-27,2023-10-28,CUST-9810,Anjali Verma,35.0,Female,Consumer,East,Odisha,Office Supplies,Labels,Address Labels,190.76,6,0.1,49.86
ORD-105742,2024-08-07,2024-08-11,CUST-1915,Pooja Rao,18.0,Female,Corporate,Central,Madhya Pradesh,Technology,Copiers,Office Copier 200,2397.76,5,0.0,927.66
ORD-105743,2024-12-26,2024-12-28,CUST-9459,Manish Rao,44.0,Male,Consumer,Central,Chhattisgarh,Office Supplies,Art,Marker Set,251.91,4,0.1,44.05
ORD-105744,2022-08-05,2022-08-09,CUST-9459,Manish Rao,43.0,Male,Corporate,East,Bihar,Furniture,Tables,Glass Coffee Table,711.58,3,0.3,56.0
ORD-105745,2024-02-05,2024-02-06,CUST-9953,Amit Nair,47.0,Male,Corporate,East,Bihar,Office Supplies,Envelopes,Window Envelopes,200.43,5,0.3,-3.79
ORD-105746,2024-01-12,2024-01-16,CUST-2932,Karan Joshi,31.0,Male,Consumer,West,Rajasthan,Furniture,Tables,Adjustable Standing Desk,3906.31,7,0.0,1596.3
ORD-105747,2024-12-19,2024-12-24,CUST-1634,Rahul Sharma,35.0,Male,Consumer,East,Odisha,Technology,Accessories,Webcam HD,957.41,2,0.1,288.96
ORD-105748,2024-12-23,2024-12-26,CUST-3671,Rahul Reddy,23.0,Male,Corporate,East,Odisha,Furniture,Tables,Oak Dining Table,583.3,7,0.0,149.01
ORD-105749,2024-01-29,2024-01-30,CUST-6199,Rahul Patel,34.0,Male,Corporate,South,Kerala,Technology,Phones,Cordless Landline,130.74,2,0.2,17.52
ORD-105750,2022-11-02,2022-11-03,CUST-3545,Sneha Patel,27.0,Female,Home Office,Central,Chhattisgarh,Furniture,Bookcases,5-Shelf Bookcase,854.82,2,0.1,175.83
ORD-105751,2024-06-23,2024-06-24,CUST-1816,Anjali Reddy,,Female,Consumer,East,Odisha,Office Supplies,Storage,File Cabinet,434.66,7,0.1,98.17
ORD-105752,2022-05-23,2022-05-24,CUST-1780,Shreya Sharma,36.0,Female,Corporate,North,Delhi,Office Supplies,Storage,Desk Organizer,51.07,4,0.4,-7.24
ORD-105753,2024-05-31,2024-06-04,CUST-3671,Rahul Reddy,24.0,Male,Consumer,South,Karnataka,Technology,Copiers,Office Copier 200,3095.44,5,0.15,450.31
ORD-105754,2024-11-02,2024-11-07,CUST-3545,Sneha Patel,29.0,Female,Consumer,West,Gujarat,Furniture,Tables,Round Side Table,1137.15,4,0.15,75.19
ORD-105755,2023-03-11,2023-03-13,CUST-6447,Anjali Rao,39.0,Female,Corporate,Central,Madhya Pradesh,Office Supplies,Binders,Clip Binder,7.99,1,0.1,1.57
ORD-105756,2023-12-10,2023-12-15,CUST-6199,Rahul Patel,32.0,Male,Consumer,West,Rajasthan,Office Supplies,Art,Sketch Pad,260.68,7,0.0,80.8
ORD-105757,2023-05-10,2023-05-11,CUST-1868,Aditya Reddy,34.0,Male,Consumer,Central,Madhya Pradesh,Furniture,Bookcases,Corner Bookcase,1615.22,3,0.15,463.66
ORD-105758,2023-05-20,2023-05-26,CUST-2351,Amit Rao,29.0,Male,Consumer,East,West Bengal,Furniture,Furnishings,Wall Clock,496.85,2,0.3,7.28
ORD-105759,2022-12-18,2022-12-22,CUST-2958,Suresh Kapoor,18.0,Male,Consumer,West,Gujarat,Technology,Copiers,Office Copier 200,537.11,2,0.3,69.43
ORD-105760,2024-05-08,2024-05-14,CUST-7956,Suresh Gupta,36.0,Male,Consumer,North,Delhi,Office Supplies,Paper,Sticky Notes Pack,181.38,7,0.2,14.64
ORD-105761,2024-11-21,2024-11-25,CUST-4681,Nikhil Singh,52.0,Male,Corporate,North,Haryana,Technology,Phones,Cordless Landline,2675.32,7,0.3,72.42
ORD-105762,2024-11-24,2024-11-25,CUST-2958,Suresh Kapoor,19.0,Male,Consumer,North,Punjab,Office Supplies,Paper,A4 Copy Paper Ream,35.27,7,0.1,11.64
ORD-105763,2022-08-19,2022-08-23,CUST-6084,Anjali Joshi,45.0,Female,Consumer,West,Maharashtra,Furniture,Tables,Oak Dining Table,2130.86,4,0.2,430.24
ORD-105764,2024-09-28,2024-09-29,CUST-4980,Arjun Nair,26.0,Male,Corporate,Central,Madhya Pradesh,Furniture,Tables,Oak Dining Table,3325.47,7,0.1,428.57
ORD-105765,2024-04-07,2024-04-12,CUST-5907,Neha Joshi,29.0,Female,Corporate,West,Maharashtra,Furniture,Chairs,Executive Leather Chair,644.82,4,0.1,139.35
ORD-105766,2022-11-09,2022-11-16,CUST-9932,Anjali Gupta,37.0,Female,Consumer,North,Delhi,Office Supplies,Labels,Address Labels,289.53,5,0.15,21.53
ORD-105767,2022-04-02,2022-04-05,CUST-3891,Anjali Mehta,24.0,Female,Consumer,East,West Bengal,Office Supplies,Paper,Sticky Notes Pack,296.55,6,0.0,119.65
ORD-105768,2022-11-20,2022-11-24,CUST-9152,Pooja Rao,39.0,Female,Consumer,South,Tamil Nadu,Office Supplies,Binders,View Binder,336.85,7,0.15,100.73
ORD-105769,2024-11-03,2024-11-04,CUST-5565,Sneha Kapoor,50.0,Female,Home Office,West,Maharashtra,Office Supplies,Storage,Desk Organizer,93.6,6,0.15,26.87
ORD-105770,2023-12-11,2023-12-17,CUST-5634,Nikhil Nair,39.0,Male,Home Office,East,Odisha,Technology,Copiers,Office Copier 200,966.47,2,0.1,119.34
ORD-105771,2024-03-17,2024-03-18,CUST-9218,Manish Rao,47.0,Male,Corporate,East,West Bengal,Furniture,Tables,Glass Coffee Table,1286.07,4,0.4,-52.4
ORD-105772,2022-11-12,2022-11-18,CUST-1915,Pooja Rao,18.0,Female,Corporate,Central,Madhya Pradesh,Office Supplies,Art,Colored Pencils,40.34,2,0.3,-0.34
ORD-105773,2024-03-14,2024-03-18,CUST-5634,Nikhil Nair,35.0,Male,Consumer,Central,Madhya Pradesh,Furniture,Tables,Glass Coffee Table,3622.93,7,0.0,1248.72
ORD-105774,2022-02-09,2022-02-11,CUST-9459,Manish Rao,44.0,Male,Consumer,South,Tamil Nadu,Furniture,Tables,Adjustable Standing Desk,1224.07,7,0.3,91.02
ORD-105775,2023-03-01,2023-03-07,CUST-5288,Sanjay Kapoor,24.0,Male,Home Office,West,Rajasthan,Furniture,Bookcases,5-Shelf Bookcase,2743.07,5,0.0,1086.89
ORD-105776,2023-12-07,2023-12-08,CUST-3016,Neha Sharma,41.0,Female,Home Office,East,Odisha,Furniture,Tables,Round Side Table,629.36,7,0.0,256.43
ORD-105777,2022-07-12,2022-07-16,CUST-4095,Kavita Rao,45.0,Female,Corporate,South,Karnataka,Office Supplies,Binders,View Binder,15.93,1,0.0,4.86
ORD-105778,2024-07-26,2024-07-27,CUST-1711,Anita Singh,30.0,Female,Consumer,South,Karnataka,Furniture,Furnishings,Area Rug,3424.65,6,,410.9
ORD-105779,2022-10-25,2022-10-27,CUST-3016,Neha Sharma,44.0,Female,Corporate,North,Punjab,Office Supplies,Binders,Clip Binder,80.28,5,0.0,29.09
ORD-105780,2023-12-23,2023-12-26,CUST-1537,Neha Nair,32.0,Female,Home Office,West,Rajasthan,Technology,Machines,3D Printer Mini,1716.34,3,0.1,458.77
ORD-105781,2023-04-09,2023-04-16,CUST-5634,Nikhil Nair,36.0,Male,Consumer,North,Haryana,Office Supplies,Binders,View Binder,22.25,3,0.1,3.87
ORD-105782,2023-11-16,2023-11-23,CUST-9459,Manish Rao,43.0,Male,Corporate,East,Odisha,Office Supplies,Paper,A4 Copy Paper Ream,230.04,4,0.0,99.8
ORD-105783,2022-05-23,2022-05-25,CUST-8890,Kavita Nair,48.0,Female,Consumer,North,Punjab,Office Supplies,Binders,3-Ring Binder,139.06,2,0.2,19.96
ORD-105784,2022-01-24,2022-01-29,CUST-1915,Pooja Rao,18.0,Female,Corporate,East,Bihar,Office Supplies,Labels,Address Labels,134.91,5,0.0,49.82
ORD-105785,2024-11-02,2024-11-06,CUST-9210,Amit Sharma,36.0,Male,Consumer,East,West Bengal,Office Supplies,Binders,3-Ring Binder,81.7,2,0.1,9.03
ORD-105786,2022-11-21,2022-11-23,CUST-4035,Arjun Mehta,43.0,Male,Home Office,West,Rajasthan,Office Supplies,Binders,Clip Binder,131.61,4,0.0,32.09
ORD-105787,2024-07-21,2024-07-24,CUST-9210,Amit Sharma,38.0,Male,Corporate,East,Bihar,Office Supplies,Storage,File Cabinet,258.35,7,0.0,70.69
ORD-105788,2024-12-31,2025-01-01,CUST-5907,Neha Joshi,29.0,Female,Corporate,East,West Bengal,Office Supplies,Binders,3-Ring Binder,38.09,1,0.15,8.29
ORD-105789,2022-10-02,2022-10-06,CUST-5907,Neha Joshi,27.0,Female,Corporate,East,Odisha,Office Supplies,Storage,Desk Organizer,225.3,5,0.2,39.07
ORD-105790,2022-11-18,2022-11-24,CUST-5288,Sanjay Kapoor,22.0,Male,Home Office,North,Uttar Pradesh,Office Supplies,Art,Marker Set,315.21,4,0.1,91.41
ORD-105791,2023-12-29,2023-12-31,CUST-5652,Isha Nair,36.0,Female,Consumer,North,Uttar Pradesh,Technology,Machines,Laser Printer,533.9,1,0.2,9.4
ORD-105792,2024-12-10,2024-12-13,CUST-4035,Arjun Mehta,40.0,Male,Corporate,North,Haryana,Office Supplies,Art,Sketch Pad,54.95,1,0.3,0.05
ORD-105793,2024-11-06,2024-11-08,CUST-3625,Sanjay Joshi,,Male,Corporate,Central,Madhya Pradesh,Furniture,Furnishings,Table Lamp,591.81,2,0.15,42.69
ORD-105794,2023-08-13,2023-08-18,CUST-8594,Karan Nair,37.0,Male,Corporate,East,West Bengal,Office Supplies,Labels,Shipping Labels,65.79,1,0.1,21.38
ORD-105795,2024-06-18,2024-06-25,CUST-3625,Sanjay Joshi,34.0,Male,Consumer,North,Delhi,Technology,Copiers,Compact Copier,963.91,2,0.2,86.32
ORD-105796,2022-06-28,2022-07-05,CUST-8824,Suresh Reddy,39.0,Male,Consumer,North,Punjab,Furniture,Tables,Glass Coffee Table,2736.63,5,0.1,643.57
ORD-105797,2024-12-18,2024-12-22,CUST-1915,Pooja Rao,18.0,Female,Home Office,East,West Bengal,Office Supplies,Storage,Desk Organizer,227.46,4,0.15,18.43
ORD-105798,2024-12-10,2024-12-11,CUST-9782,Kavita Singh,21.0,Female,Corporate,North,Uttar Pradesh,Office Supplies,Envelopes,Mailing Envelopes,447.03,6,0.1,111.45
ORD-105799,2022-08-05,2022-08-08,CUST-8135,Sanjay Kapoor,31.0,Male,Consumer,West,Maharashtra,Furniture,Bookcases,Ladder Bookshelf,1889.14,6,0.0,385.21
ORD-105800,2022-12-11,2022-12-13,CUST-2111,Isha Verma,47.0,Female,Corporate,North,Uttar Pradesh,Furniture,Chairs,Recliner Lounge Chair,2273.8,4,0.0,815.95
ORD-105801,2022-05-14,2022-05-18,CUST-5913,Neha Joshi,18.0,Female,Consumer,East,Bihar,Office Supplies,Labels,Address Labels,110.08,4,0.2,13.22
ORD-105802,2022-11-23,2022-11-25,CUST-5881,Arjun Sharma,38.0,Male,Home Office,West,Gujarat,Office Supplies,Art,Colored Pencils,17.15,1,0.3,-0.7
ORD-105803,2024-07-16,2024-07-20,CUST-5323,Divya Gupta,35.0,Female,Home Office,East,West Bengal,Office Supplies,Binders,3-Ring Binder,68.94,7,0.0,28.43
ORD-105804,2023-03-05,2023-03-12,CUST-4980,Arjun Nair,25.0,Male,Corporate,West,Maharashtra,Technology,Phones,Budget Smartphone S5,1460.89,6,0.2,113.08
ORD-105805,2022-04-30,2022-05-05,CUST-7713,Aditya Patel,39.0,Male,Consumer,North,Delhi,Technology,Phones,Cordless Landline,5690.31,7,0.15,1187.77
ORD-105806,2023-01-13,2023-01-15,CUST-3016,Neha Sharma,40.0,Female,Home Office,North,Haryana,Office Supplies,Storage,File Cabinet,132.26,2,0.2,10.94
ORD-105807,2024-12-20,2024-12-25,CUST-4922,Shreya Singh,39.0,Female,Corporate,Central,Chhattisgarh,Furniture,Tables,Oak Dining Table,1601.96,4,0.0,506.18
ORD-105808,2023-12-09,2023-12-15,CUST-6146,Aditya Rao,27.0,Male,Corporate,West,Gujarat,Office Supplies,Binders,View Binder,28.92,1,0.0,11.9
ORD-105809,2023-04-23,2023-04-29,CUST-9782,Kavita Singh,23.0,Female,Home Office,South,Kerala,Technology,Copiers,Compact Copier,4055.44,7,0.2,868.68
ORD-105810,2022-08-09,2022-08-16,CUST-8135,Sanjay Kapoor,31.0,Male,Home Office,South,Karnataka,Furniture,Furnishings,Table Lamp,480.38,1,0.15,26.42
ORD-105811,2024-12-23,2024-12-26,CUST-3476,Karan Mehta,38.0,Male,Home Office,West,Maharashtra,Technology,Machines,Laser Printer,2855.07,5,0.2,541.73
ORD-105812,2024-07-23,2024-07-28,CUST-9218,Manish Rao,47.0,Male,Consumer,East,West Bengal,Office Supplies,Envelopes,Mailing Envelopes,156.53,2,0.3,10.03
ORD-105813,2022-11-30,2022-12-04,CUST-3476,Karan Mehta,38.0,Male,Consumer,South,Kerala,Office Supplies,Envelopes,Window Envelopes,210.41,4,0.15,17.35
ORD-105814,2022-04-06,2022-04-09,CUST-3476,Karan Mehta,38.0,Male,Consumer,West,Gujarat,Office Supplies,Envelopes,Window Envelopes,216.66,5,0.0,87.73
ORD-105815,2022-03-20,2022-03-22,CUST-3688,Amit Iyer,46.0,Male,Consumer,North,Uttar Pradesh,Furniture,Tables,Round Side Table,3804.25,7,0.0,1673.44
ORD-105816,2022-06-08,2022-06-10,CUST-8135,Sanjay Kapoor,33.0,Male,Corporate,South,Tamil Nadu,Furniture,Furnishings,Wall Clock,1341.87,3,0.1,439.98
ORD-105817,2023-11-05,2023-11-09,CUST-5907,Neha Joshi,28.0,Female,Corporate,West,Rajasthan,Office Supplies,Labels,Shipping Labels,33.7,2,0.1,4.3
ORD-105818,2024-11-16,2024-11-17,CUST-4922,Shreya Singh,39.0,Female,Consumer,South,Kerala,Furniture,Furnishings,Curtain Set,449.79,4,0.15,125.52
ORD-105819,2023-08-05,2023-08-06,CUST-8525,Arjun Gupta,27.0,Male,Consumer,South,Karnataka,Furniture,Chairs,Executive Leather Chair,592.09,1,0.3,43.13
ORD-105820,2024-08-21,2024-08-23,CUST-3688,Amit Iyer,45.0,Male,Home Office,North,Punjab,Office Supplies,Labels,Address Labels,533.27,7,0.0,196.24
ORD-105821,2023-05-30,2023-06-06,CUST-3368,Manish Iyer,39.0,Male,Consumer,South,Karnataka,Office Supplies,Paper,A4 Copy Paper Ream,229.6,3,0.1,50.78
ORD-105822,2024-02-29,2024-03-07,CUST-5820,Amit Nair,39.0,Male,Corporate,North,Haryana,Furniture,Chairs,Executive Leather Chair,556.21,2,0.15,137.48
ORD-105823,2024-03-31,2024-04-04,CUST-9232,Priya Iyer,39.0,Female,Consumer,North,Delhi,Office Supplies,Labels,Shipping Labels,233.34,5,0.2,31.47
ORD-105824,2022-08-18,2022-08-19,CUST-7623,Rohan Reddy,35.0,Male,Consumer,South,Telangana,Office Supplies,Paper,Sticky Notes Pack,62.95,1,0.0,23.24
ORD-105825,2023-02-09,2023-02-14,CUST-9232,Priya Iyer,37.0,Female,Corporate,East,Odisha,Technology,Accessories,Mechanical Keyboard,1645.72,3,0.15,112.17
ORD-105826,2023-12-14,2023-12-16,CUST-7623,Rohan Reddy,38.0,Male,Corporate,North,Haryana,Office Supplies,Paper,Notebook Set,90.48,4,0.0,40.18
ORD-105827,2022-04-07,2022-04-13,CUST-2764,Vikram Iyer,25.0,Male,Consumer,Central,Chhattisgarh,Office Supplies,Storage,File Cabinet,233.69,7,0.0,79.13
ORD-105828,2023-02-09,2023-02-14,CUST-9232,Priya Iyer,35.0,Female,Consumer,East,Odisha,Technology,Phones,Smartphone X12,5077.62,6,0.15,1503.59
ORD-105829,2023-09-21,2023-09-25,CUST-8149,Suresh Gupta,25.0,Male,Corporate,Central,Madhya Pradesh,Office Supplies,Paper,Sticky Notes Pack,82.56,5,0.15,4.97
ORD-105830,2024-12-29,2025-01-04,CUST-2732,Kavita Mehta,25.0,Female,Consumer,North,Uttar Pradesh,Office Supplies,Paper,A4 Copy Paper Ream,76.3,3,0.3,-0.15
ORD-105831,2023-07-06,2023-07-11,CUST-4878,Karan Patel,62.0,Male,Consumer,East,West Bengal,Office Supplies,Paper,A4 Copy Paper Ream,494.78,7,0.0,113.28
ORD-105832,2024-07-16,2024-07-17,CUST-6526,Sanjay Joshi,27.0,Male,Consumer,South,Tamil Nadu,Furniture,Chairs,Foldable Study Chair,3066.06,7,0.0,981.5
ORD-105833,2023-05-13,2023-05-20,CUST-8135,Sanjay Kapoor,34.0,Male,Consumer,North,Punjab,Furniture,Tables,Adjustable Standing Desk,744.08,3,0.0,264.71
ORD-105834,2024-06-20,2024-06-21,CUST-3688,Amit Iyer,47.0,Male,Corporate,Central,Chhattisgarh,Furniture,Tables,Round Side Table,596.21,2,0.1,88.63
ORD-105835,2023-11-16,2023-11-22,CUST-7625,Ritu Rao,32.0,Female,Corporate,East,Odisha,Furniture,Chairs,Ergo Mesh Office Chair,2276.14,5,0.1,733.0
ORD-105836,2024-10-10,2024-10-13,CUST-2103,Divya Kapoor,31.0,Female,Consumer,Central,Madhya Pradesh,Technology,Phones,Cordless Landline,2733.57,5,0.1,899.58
ORD-105837,2023-04-16,2023-04-23,CUST-3688,Amit Iyer,49.0,Male,Consumer,East,Bihar,Office Supplies,Art,Marker Set,82.44,5,0.0,36.11
ORD-105838,2023-11-22,2023-11-24,CUST-5913,Neha Joshi,18.0,Female,Consumer,North,Delhi,Office Supplies,Art,Sketch Pad,363.58,5,0.1,60.43
ORD-105839,2023-12-09,2023-12-15,CUST-6526,Sanjay Joshi,29.0,Male,Home Office,East,Bihar,Office Supplies,Envelopes,Window Envelopes,448.59,6,0.0,106.78
ORD-105840,2023-04-24,2023-04-28,CUST-2103,Divya Kapoor,32.0,Female,Consumer,East,West Bengal,Technology,Accessories,Wireless Mouse,2433.33,7,0.15,727.18
ORD-105841,2022-07-10,2022-07-12,CUST-1162,Vikram Joshi,,Male,Consumer,South,Tamil Nadu,Furniture,Chairs,Ergo Mesh Office Chair,469.83,1,0.3,11.38
ORD-105842,2022-05-06,2022-05-11,CUST-6526,Sanjay Joshi,29.0,Male,Home Office,North,Delhi,Office Supplies,Paper,A4 Copy Paper Ream,203.18,4,0.15,53.88
ORD-105843,2022-01-23,2022-01-30,CUST-5909,Rohan Kapoor,28.0,Male,Corporate,Central,Madhya Pradesh,Technology,Machines,Label Maker,920.59,3,0.3,-75.51
ORD-105844,2024-09-26,2024-09-30,CUST-5022,Manish Gupta,63.0,Male,Corporate,North,Uttar Pradesh,Office Supplies,Binders,View Binder,35.42,2,0.3,5.07
ORD-105845,2022-10-27,2022-10-31,CUST-5385,Vivek Gupta,50.0,Male,Corporate,West,Maharashtra,Office Supplies,Envelopes,Window Envelopes,126.4,4,0.0,50.62
ORD-105846,2022-10-02,2022-10-03,CUST-9854,Shreya Joshi,46.0,Female,Consumer,North,Delhi,Office Supplies,Paper,A4 Copy Paper Ream,130.91,7,0.1,17.86
ORD-105847,2024-04-05,2024-04-10,CUST-4504,Karan Nair,35.0,Male,Consumer,South,Karnataka,Office Supplies,Binders,View Binder,48.11,1,0.15,6.24
ORD-105848,2022-12-24,2022-12-25,CUST-1162,Vikram Joshi,33.0,Male,Consumer,Central,Madhya Pradesh,Furniture,Furnishings,Wall Clock,3480.63,6,0.2,32.22
ORD-105849,2023-08-17,2023-08-18,CUST-3077,Arjun Reddy,26.0,Male,Consumer,East,Bihar,Technology,Copiers,Compact Copier,677.77,1,0.15,125.72
ORD-105850,2022-08-03,2022-08-10,CUST-2241,Manish Mehta,44.0,Male,Consumer,Central,Chhattisgarh,Office Supplies,Art,Sketch Pad,152.13,5,0.0,51.63
ORD-105851,2024-12-07,2024-12-10,CUST-3016,Neha Sharma,42.0,Female,Consumer,West,Maharashtra,Office Supplies,Labels,Shipping Labels,266.14,7,0.15,73.95
ORD-105852,2024-09-01,2024-09-02,CUST-2103,Divya Kapoor,32.0,Female,Home Office,East,Bihar,Office Supplies,Art,Colored Pencils,90.17,7,0.2,1.11
ORD-105853,2024-09-15,2024-09-17,CUST-1162,Vikram Joshi,30.0,Male,Consumer,South,Tamil Nadu,Office Supplies,Binders,Clip Binder,65.27,3,0.15,13.43
ORD-105854,2023-04-11,2023-04-15,CUST-1942,Suresh Rao,22.0,Male,Consumer,East,Bihar,Office Supplies,Labels,Shipping Labels,53.34,6,0.3,-1.94
ORD-105855,2024-05-08,2024-05-15,CUST-4843,Rahul Kapoor,57.0,Male,Corporate,South,Karnataka,Office Supplies,Labels,Address Labels,14.0,2,0.2,1.47
ORD-105856,2022-07-09,2022-07-10,CUST-2864,Sanjay Sharma,22.0,Male,Consumer,Central,Madhya Pradesh,Office Supplies,Envelopes,Window Envelopes,171.99,3,0.0,47.89
ORD-105857,2022-01-12,2022-01-18,CUST-6252,Anita Reddy,26.0,Female,Consumer,West,Gujarat,Office Supplies,Envelopes,Window Envelopes,82.74,2,0.0,18.42
ORD-105858,2022-01-28,2022-01-30,CUST-4504,Karan Nair,35.0,Male,Consumer,East,Odisha,Technology,Copiers,Office Copier 200,2132.74,3,0.15,397.22
ORD-105859,2023-11-09,2023-11-14,CUST-8950,Nikhil Verma,54.0,Male,Corporate,West,Rajasthan,Office Supplies,Art,Sketch Pad,125.0,2,0.1,16.08
ORD-105860,2023-06-11,2023-06-15,CUST-9843,Priya Singh,38.0,Female,Consumer,Central,Madhya Pradesh,Furniture,Bookcases,Ladder Bookshelf,478.48,2,0.0,205.16
ORD-105861,2023-09-01,2023-09-08,CUST-3456,Vivek Iyer,38.0,Male,Corporate,South,Karnataka,Office Supplies,Binders,3-Ring Binder,347.03,7,0.15,32.73
ORD-105862,2022-01-11,2022-01-17,CUST-1413,Vivek Sharma,34.0,Male,Home Office,South,Telangana,Furniture,Bookcases,Corner Bookcase,547.16,3,0.2,117.45
ORD-105863,2023-05-01,2023-05-08,CUST-3684,Neha Kapoor,29.0,Female,Corporate,South,Telangana,Office Supplies,Paper,Notebook Set,31.79,1,0.4,-6.31
ORD-105864,2024-03-13,2024-03-20,CUST-6899,Anita Verma,43.0,Female,Home Office,North,Uttar Pradesh,Office Supplies,Envelopes,Mailing Envelopes,296.47,4,0.15,29.77
ORD-105865,2023-05-26,2023-06-01,CUST-2241,Manish Mehta,42.0,Male,Consumer,East,Odisha,Technology,Machines,Label Maker,1793.25,2,0.0,752.2
ORD-105866,2024-03-31,2024-04-05,CUST-9698,Rahul Gupta,38.0,Male,Corporate,East,Odisha,Furniture,Bookcases,Corner Bookcase,763.67,2,0.0,157.58
ORD-105867,2022-10-23,2022-10-29,CUST-8862,Manish Rao,33.0,Male,Corporate,Central,Madhya Pradesh,Furniture,Bookcases,Ladder Bookshelf,388.61,3,0.15,29.76
ORD-105868,2024-07-12,2024-07-14,CUST-4397,Shreya Singh,44.0,Female,Home Office,East,Odisha,Office Supplies,Labels,Address Labels,298.02,7,0.1,74.98
ORD-105869,2023-11-11,2023-11-18,CUST-3950,Meera Singh,21.0,Female,Corporate,East,Odisha,Office Supplies,Storage,Storage Box Set,232.14,6,0.0,65.54
ORD-105870,2022-10-01,2022-10-06,CUST-4912,Kavita Joshi,27.0,Female,Consumer,North,Uttar Pradesh,Office Supplies,Binders,Clip Binder,258.99,7,0.2,21.71
ORD-105871,2022-10-27,2022-11-03,CUST-7688,Nikhil Iyer,26.0,Male,Corporate,North,Haryana,Furniture,Tables,Round Side Table,2384.24,4,0.3,236.52
ORD-105872,2023-12-08,2023-12-14,CUST-5913,Neha Joshi,18.0,Female,Consumer,South,Kerala,Furniture,Bookcases,Ladder Bookshelf,365.45,1,0.2,78.17
ORD-105873,2024-08-04,2024-08-09,CUST-8505,Anita Joshi,18.0,Female,Home Office,North,Punjab,Technology,Copiers,Office Copier 200,2321.58,7,0.1,567.47
ORD-105874,2023-04-22,2023-04-27,CUST-6884,Rohan Rao,43.0,Male,Corporate,South,Karnataka,Furniture,Tables,Round Side Table,3740.24,7,0.15,495.98
ORD-105875,2022-11-13,2022-11-14,CUST-4793,Vikram Joshi,31.0,Male,Corporate,East,Odisha,Office Supplies,Binders,3-Ring Binder,108.79,3,0.0,23.41
ORD-105876,2024-09-19,2024-09-20,CUST-9698,Rahul Gupta,38.0,Male,Home Office,South,Kerala,Office Supplies,Binders,Clip Binder,63.15,7,0.1,11.17
ORD-105877,2024-01-05,2024-01-06,CUST-7999,Rohan Rao,27.0,Male,Consumer,East,Odisha,Office Supplies,Labels,Shipping Labels,94.72,2,0.1,27.26
ORD-105878,2023-06-01,2023-06-07,CUST-8950,Nikhil Verma,51.0,Male,Corporate,Central,Chhattisgarh,Office Supplies,Art,Colored Pencils,307.36,5,0.1,69.55
ORD-105879,2023-07-24,2023-07-28,CUST-6884,Rohan Rao,40.0,Male,Consumer,East,Odisha,Furniture,Bookcases,Corner Bookcase,2961.53,6,0.0,735.37
ORD-105880,2022-09-24,2022-09-26,CUST-3842,Suresh Sharma,45.0,Male,Consumer,North,Punjab,Furniture,Furnishings,Area Rug,667.23,2,0.4,-31.95
ORD-105881,2023-12-07,2023-12-13,CUST-4793,Vikram Joshi,33.0,Male,Home Office,East,Odisha,Office Supplies,Art,Colored Pencils,39.86,1,0.0,8.79
ORD-105882,2023-02-05,2023-02-12,CUST-3689,Anita Joshi,37.0,Female,Home Office,South,Telangana,Technology,Phones,Smartphone X12,5242.44,6,0.2,702.13
ORD-105883,2024-12-29,2024-12-30,CUST-9656,Arjun Patel,47.0,Male,Home Office,West,Gujarat,Furniture,Chairs,Executive Leather Chair,1959.34,7,0.0,406.78
ORD-105884,2023-07-13,2023-07-18,CUST-3689,Anita Joshi,38.0,Female,Consumer,North,Haryana,Office Supplies,Paper,Sticky Notes Pack,195.12,3,0.1,63.76
ORD-105885,2023-07-21,2023-07-27,CUST-4772,Anita Patel,47.0,Female,Home Office,East,Bihar,Office Supplies,Envelopes,Window Envelopes,377.08,5,0.0,89.0
ORD-105886,2023-10-23,2023-10-28,CUST-8644,Rahul Singh,28.0,Male,Consumer,East,Bihar,Office Supplies,Binders,3-Ring Binder,58.92,5,0.1,13.11
ORD-105887,2024-11-07,2024-11-14,CUST-2958,Suresh Kapoor,18.0,Male,Corporate,West,Rajasthan,Office Supplies,Labels,Shipping Labels,53.21,3,0.2,
ORD-105888,2024-06-26,2024-07-01,CUST-2958,Suresh Kapoor,18.0,Male,Consumer,Central,Chhattisgarh,Furniture,Bookcases,5-Shelf Bookcase,2684.24,7,0.0,1179.19
ORD-105889,2023-06-05,2023-06-10,CUST-3180,Anjali Patel,27.0,Female,Corporate,East,West Bengal,Technology,Phones,Budget Smartphone S5,2821.46,4,0.1,915.75
ORD-105890,2024-03-14,2024-03-17,CUST-5052,Nikhil Mehta,31.0,Male,Consumer,North,Delhi,Furniture,Tables,Oak Dining Table,1668.37,4,0.1,389.61
ORD-105891,2023-11-09,2023-11-13,CUST-3689,Anita Joshi,36.0,Female,Corporate,North,Delhi,Technology,Copiers,Office Copier 200,4412.79,6,0.1,826.24
ORD-105892,2023-07-30,2023-08-01,CUST-4843,Rahul Kapoor,57.0,Male,Corporate,East,Odisha,Office Supplies,Binders,View Binder,228.71,5,0.0,90.84
ORD-105893,2022-09-10,2022-09-12,CUST-2864,Sanjay Sharma,24.0,Male,Consumer,West,Maharashtra,Technology,Machines,3D Printer Mini,879.39,3,0.2,107.58
ORD-105894,2023-06-22,2023-06-23,CUST-5052,Nikhil Mehta,33.0,Male,Corporate,East,Odisha,Office Supplies,Envelopes,Window Envelopes,77.76,2,0.0,26.54
ORD-105895,2022-11-04,2022-11-07,CUST-7230,Karan Nair,25.0,Male,Consumer,Central,Madhya Pradesh,Technology,Machines,Laser Printer,650.93,3,0.3,67.32
ORD-105896,2024-11-05,2024-11-11,CUST-3460,Neha Joshi,53.0,Female,Consumer,West,Gujarat,Office Supplies,Binders,View Binder,522.49,7,0.15,120.23
ORD-105897,2023-01-04,2023-01-10,CUST-5052,Nikhil Mehta,32.0,Male,Home Office,North,Haryana,Furniture,Furnishings,Table Lamp,882.76,6,0.2,45.57
ORD-105898,2024-12-02,2024-12-04,CUST-5052,Nikhil Mehta,33.0,Male,Consumer,North,Delhi,Office Supplies,Envelopes,Mailing Envelopes,167.9,4,0.0,40.31
ORD-105899,2023-09-19,2023-09-23,CUST-3715,Aditya Iyer,40.0,Male,Home Office,West,Gujarat,Furniture,Tables,Round Side Table,438.37,5,0.1,141.6
ORD-105900,2023-12-10,2023-12-15,CUST-2417,Manish Rao,40.0,Male,Consumer,East,Bihar,Technology,Copiers,Office Copier 200,1544.09,6,0.2,242.86
ORD-105901,2023-09-30,2023-10-07,CUST-5052,Nikhil Mehta,33.0,Male,Corporate,West,Rajasthan,Technology,Machines,Label Maker,3713.24,7,0.1,715.14
ORD-105902,2022-06-20,2022-06-21,CUST-5489,Priya Patel,27.0,Female,Consumer,North,Delhi,Office Supplies,Envelopes,Mailing Envelopes,135.69,5,0.2,30.63
ORD-105903,2023-03-02,2023-03-06,CUST-5564,Suresh Verma,36.0,Male,Corporate,East,Bihar,Furniture,Chairs,Recliner Lounge Chair,1005.2,2,0.2,81.2
ORD-105904,2022-05-13,2022-05-15,CUST-4106,Arjun Rao,22.0,Male,Consumer,South,Karnataka,Office Supplies,Envelopes,Mailing Envelopes,193.61,5,0.15,24.51
ORD-105905,2023-12-05,2023-12-08,CUST-2417,Manish Rao,42.0,Male,Consumer,North,Delhi,Technology,Phones,Smartphone X12,5156.25,6,0.0,1940.01
ORD-105906,2023-05-31,2023-06-01,CUST-7305,Karan Iyer,20.0,Male,Corporate,South,Karnataka,Technology,Accessories,USB-C Hub,2728.38,5,0.0,1022.87
ORD-105907,2024-05-27,2024-05-29,CUST-5631,Aditya Patel,38.0,Male,Corporate,Central,Madhya Pradesh,Furniture,Bookcases,Ladder Bookshelf,1397.43,5,0.0,497.56
ORD-105908,2022-10-11,2022-10-17,CUST-6682,Nikhil Verma,48.0,Male,Consumer,Central,Madhya Pradesh,Furniture,Furnishings,Area Rug,643.64,6,0.15,95.89
ORD-105909,2022-08-06,2022-08-07,CUST-7834,Nikhil Iyer,18.0,Male,Consumer,Central,Chhattisgarh,Technology,Copiers,Office Copier 200,4747.76,7,0.3,525.36
ORD-105910,2023-04-10,2023-04-12,CUST-7147,Vikram Gupta,18.0,Male,Consumer,South,Tamil Nadu,Technology,Machines,Laser Printer,4783.96,6,0.4,-609.55
ORD-105911,2024-11-14,2024-11-20,CUST-9636,Karan Sharma,29.0,Male,Home Office,East,Bihar,Office Supplies,Paper,A4 Copy Paper Ream,387.74,5,,24.96
ORD-105912,2024-03-03,2024-03-10,CUST-7305,Karan Iyer,23.0,Male,Consumer,Central,Madhya Pradesh,Furniture,Tables,Round Side Table,319.35,1,0.15,81.02
ORD-105913,2023-04-26,2023-05-02,CUST-7215,Suresh Kapoor,35.0,Male,Consumer,North,Punjab,Office Supplies,Storage,Desk Organizer,74.16,3,0.1,16.13
ORD-105914,2023-08-31,2023-09-05,CUST-3415,Arjun Joshi,33.0,Male,Consumer,Central,Madhya Pradesh,Office Supplies,Paper,Sticky Notes Pack,30.22,2,0.1,7.14
ORD-105915,2022-04-24,2022-04-27,CUST-6691,Ritu Verma,39.0,Female,Consumer,East,Bihar,Furniture,Tables,Adjustable Standing Desk,876.83,5,0.2,82.13
ORD-105916,2024-12-22,2024-12-27,CUST-3288,Rahul Gupta,58.0,Male,Corporate,East,Odisha,Technology,Phones,Budget Smartphone S5,884.76,1,0.0,231.37
ORD-105917,2024-01-01,2024-01-03,CUST-2103,Divya Kapoor,34.0,Female,Corporate,Central,Madhya Pradesh,Office Supplies,Paper,Sticky Notes Pack,64.68,1,0.2,15.21
ORD-105918,2022-12-02,2022-12-09,CUST-7215,Suresh Kapoor,38.0,Male,Consumer,North,Uttar Pradesh,Furniture,Furnishings,Wall Clock,1304.06,3,0.0,280.77
ORD-105919,2023-11-09,2023-11-13,CUST-5662,Neha Patel,50.0,Female,Corporate,North,Punjab,Furniture,Bookcases,5-Shelf Bookcase,1215.19,3,0.0,327.03
ORD-105920,2022-05-26,2022-06-02,CUST-6682,Nikhil Verma,46.0,Male,Corporate,North,Haryana,Office Supplies,Paper,Notebook Set,383.62,5,0.1,133.76
ORD-105921,2024-12-11,2024-12-18,CUST-4772,Anita Patel,49.0,Female,Home Office,South,Telangana,Furniture,Tables,Adjustable Standing Desk,3947.92,7,0.0,1406.55
ORD-105922,2022-08-19,2022-08-26,CUST-4610,Rahul Gupta,47.0,Male,Consumer,South,Kerala,Furniture,Tables,Glass Coffee Table,1177.67,2,0.15,328.45
ORD-105923,2023-12-20,2023-12-25,CUST-5184,Arjun Sharma,28.0,Male,Consumer,South,Tamil Nadu,Technology,Machines,Label Maker,1260.91,4,0.0,399.43
ORD-105924,2022-11-04,2022-11-08,CUST-4397,Shreya Singh,44.0,Female,Home Office,North,Haryana,Furniture,Bookcases,5-Shelf Bookcase,1786.55,4,0.2,149.37
ORD-105925,2024-03-12,2024-03-18,CUST-6190,Vivek Joshi,29.0,Male,Corporate,North,Uttar Pradesh,Furniture,Furnishings,Area Rug,2334.58,6,0.4,-168.07
ORD-105926,2024-05-26,2024-05-28,CUST-7202,Nikhil Verma,18.0,Male,Consumer,South,Telangana,Technology,Machines,Label Maker,2706.92,4,0.1,773.65
ORD-105927,2024-01-10,2024-01-13,CUST-3036,Meera Nair,45.0,Female,Consumer,West,Rajasthan,Office Supplies,Envelopes,Window Envelopes,417.95,7,0.2,57.95
ORD-105928,2023-11-30,2023-12-04,CUST-7202,Nikhil Verma,18.0,Male,Consumer,East,Bihar,Furniture,Chairs,Ergo Mesh Office Chair,503.59,2,0.2,101.48
ORD-105929,2024-10-16,2024-10-18,CUST-8505,Anita Joshi,18.0,Female,Corporate,Central,Chhattisgarh,Furniture,Tables,Round Side Table,428.16,1,0.0,154.22
ORD-105930,2022-04-17,2022-04-21,CUST-5489,Priya Patel,29.0,Female,Corporate,Central,Madhya Pradesh,Office Supplies,Labels,Address Labels,478.16,7,0.15,134.02
ORD-105931,2022-12-30,2023-01-04,CUST-8505,Anita Joshi,18.0,Female,Home Office,East,West Bengal,Furniture,Chairs,Ergo Mesh Office Chair,2851.19,5,0.0,921.51
ORD-105932,2022-11-06,2022-11-08,CUST-3078,Aditya Joshi,57.0,Male,Consumer,Central,Madhya Pradesh,Office Supplies,Binders,View Binder,256.15,6,0.4,11.22
ORD-105933,2024-12-24,2024-12-29,CUST-4610,Rahul Gupta,47.0,Male,Home Office,North,Delhi,Technology,Phones,Cordless Landline,5350.24,7,0.4,-916.63
ORD-105934,2023-03-19,2023-03-20,CUST-6566,Suresh Reddy,31.0,Male,Home Office,North,Uttar Pradesh,Furniture,Furnishings,Wall Clock,3010.18,6,0.2,198.72
ORD-105935,2024-03-31,2024-04-02,CUST-8967,Shreya Rao,31.0,Female,Consumer,South,Karnataka,Furniture,Furnishings,Wall Clock,907.09,2,0.15,261.61
ORD-105936,2024-01-26,2024-01-30,CUST-8950,Nikhil Verma,53.0,Male,Consumer,North,Uttar Pradesh,Office Supplies,Art,Marker Set,57.08,1,0.0,14.9
ORD-105937,2022-10-02,2022-10-03,CUST-6691,Ritu Verma,37.0,Female,Consumer,East,Bihar,Office Supplies,Binders,Clip Binder,302.36,5,0.2,41.79
ORD-105938,2022-10-29,2022-11-03,CUST-7215,Suresh Kapoor,38.0,Male,Home Office,East,West Bengal,Office Supplies,Envelopes,Window Envelopes,118.57,5,0.15,18.91
ORD-105939,2022-11-30,2022-12-05,CUST-7305,Karan Iyer,21.0,Male,Corporate,East,Odisha,Technology,Copiers,Office Copier 200,4451.44,5,0.0,942.15
ORD-105940,2023-04-16,2023-04-20,CUST-5662,Neha Patel,50.0,Female,Consumer,Central,Madhya Pradesh,Technology,Accessories,Webcam HD,3171.48,4,0.0,1104.18
ORD-105941,2022-10-25,2022-10-26,CUST-6891,Arjun Joshi,44.0,Male,Consumer,East,Bihar,Office Supplies,Paper,Notebook Set,471.58,6,0.0,136.71
ORD-105942,2022-01-27,2022-02-03,CUST-8425,Rohan Iyer,48.0,Male,Home Office,North,Punjab,Office Supplies,Storage,Storage Box Set,207.89,4,0.0,50.73
ORD-105943,2024-10-03,2024-10-09,CUST-9392,Amit Patel,30.0,Male,Consumer,West,Maharashtra,Furniture,Chairs,Executive Leather Chair,179.15,1,0.3,9.72
ORD-105944,2024-12-11,2024-12-14,CUST-6891,Arjun Joshi,43.0,Male,Corporate,East,Odisha,Furniture,Bookcases,5-Shelf Bookcase,1387.93,3,0.1,177.72
ORD-105945,2023-01-12,2023-01-16,CUST-1623,Ritu Singh,42.0,Female,Corporate,Central,Madhya Pradesh,Furniture,Chairs,Ergo Mesh Office Chair,996.27,5,0.15,147.47
ORD-105946,2023-01-08,2023-01-13,CUST-1844,Arjun Iyer,33.0,Male,Consumer,East,West Bengal,Office Supplies,Storage,Desk Organizer,421.62,7,0.0,157.04
ORD-105947,2022-01-10,2022-01-12,CUST-9683,Sneha Singh,34.0,Female,Home Office,West,Maharashtra,Technology,Phones,Cordless Landline,4058.53,7,0.15,287.03
ORD-105948,2024-01-20,2024-01-21,CUST-7861,Nikhil Sharma,32.0,Male,Consumer,West,Gujarat,Furniture,Bookcases,Ladder Bookshelf,632.47,4,0.0,138.6
ORD-105949,2024-07-29,2024-08-04,CUST-7215,Suresh Kapoor,37.0,Male,Home Office,West,Gujarat,Technology,Machines,3D Printer Mini,109.88,2,0.0,43.36
ORD-105950,2022-07-13,2022-07-16,CUST-4496,Priya Kapoor,29.0,Female,Consumer,West,Maharashtra,Office Supplies,Paper,Sticky Notes Pack,347.09,5,0.2,80.92
ORD-105951,2022-07-31,2022-08-02,CUST-5994,Nikhil Iyer,50.0,Male,Home Office,West,Maharashtra,Office Supplies,Labels,Shipping Labels,428.87,7,0.3,-9.79
ORD-105952,2024-06-12,2024-06-13,CUST-3075,Manish Rao,39.0,Male,Home Office,North,Uttar Pradesh,Furniture,Bookcases,Corner Bookcase,621.25,3,0.0,139.41
ORD-105953,2023-12-01,2023-12-07,CUST-6691,Ritu Verma,36.0,Female,Consumer,East,West Bengal,Technology,Copiers,Office Copier 200,1038.75,2,0.0,457.67
ORD-105954,2022-03-05,2022-03-09,CUST-6691,Ritu Verma,39.0,Female,Consumer,East,Odisha,Furniture,Chairs,Ergo Mesh Office Chair,2774.67,7,0.2,137.71
ORD-105955,2023-12-05,2023-12-11,CUST-3911,Kavita Reddy,45.0,Female,Consumer,West,Rajasthan,Furniture,Chairs,Recliner Lounge Chair,398.85,2,0.0,144.9
ORD-105956,2022-12-17,2022-12-21,CUST-3929,Meera Kapoor,48.0,Female,Consumer,North,Uttar Pradesh,Furniture,Bookcases,Ladder Bookshelf,2037.75,7,0.3,292.65
ORD-105957,2023-02-20,2023-02-27,CUST-2181,Anjali Singh,38.0,Female,Corporate,North,Delhi,Technology,Machines,Label Maker,618.91,2,0.2,48.86
ORD-105958,2024-05-17,2024-05-18,CUST-8505,Anita Joshi,18.0,Female,Consumer,West,Rajasthan,Office Supplies,Binders,View Binder,73.4,5,0.1,13.16
ORD-105959,2024-07-09,2024-07-15,CUST-9683,Sneha Singh,34.0,Female,Corporate,East,Bihar,Office Supplies,Envelopes,Mailing Envelopes,218.95,6,0.0,74.1
ORD-105960,2023-04-02,2023-04-05,CUST-7305,Karan Iyer,24.0,Male,Consumer,East,West Bengal,Office Supplies,Envelopes,Mailing Envelopes,135.8,3,0.4,-13.06
ORD-105961,2024-11-29,2024-12-05,CUST-5506,Isha Nair,41.0,Female,Consumer,South,Karnataka,Office Supplies,Envelopes,Mailing Envelopes,325.16,6,0.1,110.13
ORD-105962,2023-04-10,2023-04-11,CUST-4218,Vikram Singh,33.0,Male,Corporate,North,Haryana,Office Supplies,Binders,Clip Binder,310.7,4,0.15,52.14
ORD-105963,2024-05-20,2024-05-22,CUST-4496,Priya Kapoor,29.0,Female,Home Office,East,Odisha,Office Supplies,Art,Sketch Pad,427.7,6,0.0,117.61
ORD-105964,2023-07-19,2023-07-21,CUST-6177,Karan Rao,44.0,Male,Consumer,North,Delhi,Office Supplies,Paper,Notebook Set,102.45,6,0.1,15.97
ORD-105965,2024-10-21,2024-10-27,CUST-5662,Neha Patel,52.0,Female,Consumer,South,Kerala,Office Supplies,Binders,View Binder,36.7,3,0.0,14.66
ORD-105966,2024-10-31,2024-11-06,CUST-8290,Anjali Iyer,27.0,Female,Consumer,North,Haryana,Office Supplies,Binders,View Binder,229.93,7,0.0,96.82
ORD-105967,2022-04-28,2022-05-02,CUST-2234,Aditya Sharma,30.0,Male,Consumer,West,Rajasthan,Furniture,Tables,Adjustable Standing Desk,2340.23,4,0.0,944.97
ORD-105968,2024-11-21,2024-11-22,CUST-6177,Karan Rao,42.0,Male,Home Office,Central,Chhattisgarh,Technology,Phones,Smartphone X12,3914.96,6,0.0,1215.41
ORD-105969,2024-07-29,2024-08-02,CUST-6743,Isha Verma,39.0,Female,Corporate,East,Bihar,Furniture,Tables,Round Side Table,704.37,6,0.1,193.05
ORD-105970,2024-06-13,2024-06-16,CUST-1783,Suresh Patel,46.0,Male,Corporate,North,Uttar Pradesh,Office Supplies,Art,Colored Pencils,298.36,7,0.0,
ORD-105971,2022-09-20,2022-09-27,CUST-4394,Priya Joshi,18.0,Female,Corporate,West,Gujarat,Technology,Machines,3D Printer Mini,4752.16,7,0.0,1554.57
ORD-105972,2024-07-01,2024-07-03,CUST-9532,Suresh Gupta,34.0,Male,Consumer,West,Rajasthan,Furniture,Furnishings,Table Lamp,379.89,1,0.1,108.69
ORD-105973,2024-08-30,2024-09-04,CUST-7816,Nikhil Singh,26.0,Male,Consumer,West,Rajasthan,Office Supplies,Storage,Storage Box Set,133.22,4,0.0,46.91
ORD-105974,2022-12-05,2022-12-10,CUST-7518,Meera Rao,41.0,Female,Home Office,North,Haryana,Office Supplies,Art,Marker Set,148.41,7,0.4,-26.09
ORD-105975,2024-12-02,2024-12-03,CUST-5888,Ritu Singh,41.0,Female,Consumer,Central,Chhattisgarh,Office Supplies,Storage,Desk Organizer,61.72,1,0.0,21.26
ORD-105976,2022-03-11,2022-03-12,CUST-1082,Priya Kapoor,34.0,Female,Corporate,North,Uttar Pradesh,Furniture,Tables,Oak Dining Table,945.47,3,0.0,256.17
ORD-105977,2022-07-17,2022-07-22,CUST-5888,Ritu Singh,43.0,Female,Consumer,South,Karnataka,Office Supplies,Labels,Address Labels,136.83,3,0.15,26.49
ORD-105978,2023-09-24,2023-09-25,CUST-3810,Kavita Gupta,37.0,Female,Corporate,West,Gujarat,Office Supplies,Binders,View Binder,60.3,4,0.0,20.51
ORD-105979,2023-11-02,2023-11-04,CUST-7816,Nikhil Singh,29.0,Male,Corporate,West,Maharashtra,Furniture,Tables,Oak Dining Table,2068.74,6,,923.41
ORD-105980,2023-12-19,2023-12-22,CUST-1296,Rohan Singh,28.0,Male,Consumer,South,Karnataka,Office Supplies,Storage,Storage Box Set,45.35,2,0.0,15.71
ORD-105981,2022-01-24,2022-01-27,CUST-7070,Aditya Nair,34.0,Male,Corporate,West,Gujarat,Technology,Phones,Budget Smartphone S5,3144.67,4,0.0,1248.21
ORD-105982,2024-12-07,2024-12-11,CUST-1783,Suresh Patel,45.0,Male,Home Office,North,Delhi,Furniture,Chairs,Recliner Lounge Chair,1538.06,5,0.2,308.53
ORD-105983,2022-03-04,2022-03-06,CUST-6177,Karan Rao,42.0,Male,Home Office,South,Karnataka,Furniture,Bookcases,Corner Bookcase,657.46,3,0.15,42.6
ORD-105984,2022-07-08,2022-07-15,CUST-7070,Aditya Nair,33.0,Male,Corporate,East,Odisha,Technology,Accessories,Wireless Mouse,738.8,2,0.15,141.91
ORD-105985,2022-01-20,2022-01-21,CUST-9673,Aditya Sharma,42.0,Male,Home Office,South,Tamil Nadu,Technology,Copiers,Compact Copier,956.32,7,0.2,66.31
ORD-105986,2023-10-24,2023-10-25,CUST-3810,Kavita Gupta,38.0,Female,Consumer,West,Rajasthan,Office Supplies,Envelopes,Window Envelopes,134.22,2,0.15,
ORD-105987,2024-11-18,2024-11-25,CUST-8864,Anjali Sharma,43.0,Female,Corporate,North,Punjab,Furniture,Bookcases,5-Shelf Bookcase,1071.22,7,0.1,346.47
ORD-105988,2023-12-31,2024-01-04,CUST-9909,Kavita Reddy,35.0,Female,Consumer,South,Telangana,Technology,Accessories,Mechanical Keyboard,573.09,3,0.1,195.14
ORD-105989,2024-07-25,2024-07-29,CUST-3929,Meera Kapoor,45.0,Female,Consumer,North,Uttar Pradesh,Furniture,Tables,Round Side Table,2166.86,5,0.2,390.11
ORD-105990,2022-01-19,2022-01-20,CUST-2263,Anita Iyer,52.0,Female,Consumer,North,Punjab,Technology,Copiers,Compact Copier,599.68,6,0.4,-83.56
ORD-105991,2023-09-29,2023-09-30,CUST-1531,Aditya Verma,42.0,Male,Consumer,East,West Bengal,Office Supplies,Binders,Clip Binder,355.38,6,0.15,80.94
ORD-105992,2023-06-16,2023-06-23,CUST-8999,Anjali Kapoor,42.0,Female,Corporate,South,Karnataka,Office Supplies,Art,Sketch Pad,546.87,7,0.0,235.31
ORD-105993,2023-08-08,2023-08-10,CUST-6264,Anjali Rao,,Female,Consumer,South,Telangana,Technology,Machines,Laser Printer,292.99,3,,87.81
ORD-105994,2022-04-09,2022-04-16,CUST-7057,Manish Patel,38.0,Male,Consumer,East,Bihar,Office Supplies,Binders,View Binder,35.79,1,0.1,11.98
ORD-105995,2024-01-26,2024-01-30,CUST-3078,Aditya Joshi,56.0,Male,Consumer,South,Kerala,Office Supplies,Paper,A4 Copy Paper Ream,239.6,5,0.2,10.55
ORD-105996,2023-08-13,2023-08-20,CUST-5663,Ritu Sharma,59.0,Female,Home Office,North,Delhi,Furniture,Furnishings,Wall Clock,665.47,2,0.15,186.11
ORD-105997,2024-05-12,2024-05-19,CUST-7070,Aditya Nair,31.0,Male,Consumer,East,West Bengal,Furniture,Tables,Glass Coffee Table,597.87,2,0.0,178.72
ORD-105998,2023-07-20,2023-07-27,CUST-9909,Kavita Reddy,36.0,Female,Consumer,West,Rajasthan,Office Supplies,Binders,View Binder,310.37,6,0.0,96.09
ORD-105999,2022-07-17,2022-07-19,CUST-6498,Vivek Nair,18.0,Male,Corporate,East,West Bengal,Furniture,Bookcases,Corner Bookcase,2241.96,6,0.3,55.18
ORD-106000,2023-12-21,2023-12-27,CUST-6498,Vivek Nair,19.0,Male,Consumer,West,Rajasthan,Technology,Machines,Label Maker,453.5,1,0.1,135.09
ORD-106001,2022-08-16,2022-08-17,CUST-5675,Priya Reddy,55.0,Female,Consumer,West,Rajasthan,Technology,Accessories,USB-C Hub,1377.26,6,0.15,402.33
ORD-106002,2024-09-25,2024-09-30,CUST-2672,Priya Mehta,31.0,Female,Corporate,East,West Bengal,Office Supplies,Art,Colored Pencils,104.53,5,0.1,17.37
ORD-106003,2023-11-29,2023-12-06,CUST-2672,Priya Mehta,32.0,Female,Corporate,East,Odisha,Furniture,Chairs,Ergo Mesh Office Chair,252.34,3,0.2,0.49
ORD-106004,2022-07-27,2022-08-01,CUST-2654,Aditya Mehta,37.0,Male,Consumer,Central,Chhattisgarh,Technology,Machines,3D Printer Mini,3422.4,5,0.0,1508.01
ORD-106005,2024-12-09,2024-12-15,CUST-7961,Anjali Mehta,18.0,Female,Home Office,North,Uttar Pradesh,Furniture,Tables,Round Side Table,791.21,3,0.0,163.36
ORD-106006,2023-09-02,2023-09-03,CUST-7070,Aditya Nair,30.0,Male,Corporate,South,Karnataka,Furniture,Tables,Adjustable Standing Desk,399.51,3,0.2,53.3
ORD-106007,2022-04-10,2022-04-14,CUST-3435,Sanjay Patel,38.0,Male,Corporate,North,Delhi,Office Supplies,Storage,File Cabinet,52.09,1,0.15,4.56
ORD-106008,2023-12-07,2023-12-12,CUST-9381,Anjali Kapoor,32.0,Female,Consumer,South,Tamil Nadu,Technology,Machines,Laser Printer,2980.39,4,0.1,833.45
ORD-106009,2022-11-09,2022-11-13,CUST-7961,Anjali Mehta,18.0,Female,Consumer,South,Karnataka,Office Supplies,Binders,View Binder,154.33,2,0.0,47.11
ORD-106010,2024-06-29,2024-07-04,CUST-1531,Aditya Verma,42.0,Male,Home Office,South,Telangana,Furniture,Bookcases,5-Shelf Bookcase,939.77,4,0.0,381.04
ORD-106011,2024-07-19,2024-07-23,CUST-3126,Neha Reddy,18.0,Female,Consumer,Central,Madhya Pradesh,Office Supplies,Paper,Notebook Set,112.27,2,0.0,26.31
ORD-106012,2024-12-19,2024-12-26,CUST-4868,Nikhil Rao,51.0,Male,Home Office,East,Odisha,Office Supplies,Binders,View Binder,74.2,5,0.1,12.58
ORD-106013,2023-08-12,2023-08-17,CUST-1709,Nikhil Verma,18.0,Male,Home Office,West,Maharashtra,Technology,Accessories,Webcam HD,164.64,1,0.0,51.39
ORD-106014,2023-06-10,2023-06-14,CUST-3435,Sanjay Patel,37.0,Male,Consumer,East,Bihar,Furniture,Tables,Adjustable Standing Desk,4059.79,7,0.15,734.22
ORD-106015,2024-04-27,2024-05-03,CUST-1296,Rohan Singh,29.0,Male,Consumer,North,Uttar Pradesh,Office Supplies,Storage,File Cabinet,93.81,2,0.1,18.53
ORD-106016,2022-06-24,2022-06-26,CUST-1296,Rohan Singh,27.0,Male,Consumer,East,West Bengal,Furniture,Furnishings,Table Lamp,563.11,2,0.15,143.89
ORD-106017,2023-10-04,2023-10-08,CUST-6553,Divya Gupta,43.0,Female,Corporate,West,Gujarat,Office Supplies,Art,Marker Set,64.38,1,0.2,13.01
ORD-106018,2023-10-03,2023-10-05,CUST-9381,Anjali Kapoor,33.0,Female,Consumer,North,Punjab,Office Supplies,Art,Sketch Pad,16.27,1,0.15,3.86
ORD-106019,2022-05-01,2022-05-03,CUST-9046,Sneha Verma,34.0,Female,Consumer,North,Delhi,Office Supplies,Envelopes,Window Envelopes,40.36,1,0.2,3.92
ORD-106020,2023-04-25,2023-04-26,CUST-9041,Amit Patel,33.0,Male,Consumer,North,Punjab,Furniture,Furnishings,Area Rug,2159.64,7,0.2,9.31
ORD-106021,2024-09-03,2024-09-10,CUST-6553,Divya Gupta,40.0,Female,Consumer,East,Bihar,Office Supplies,Storage,Desk Organizer,144.73,5,0.0,34.3
ORD-106022,2024-09-06,2024-09-12,CUST-2220,Arjun Verma,30.0,Male,Consumer,South,Telangana,Office Supplies,Storage,File Cabinet,84.92,2,0.15,14.33
ORD-106023,2022-05-13,2022-05-15,CUST-4143,Sneha Gupta,38.0,Female,Home Office,Central,Madhya Pradesh,Technology,Accessories,USB-C Hub,619.13,3,0.15,101.34
ORD-106024,2022-05-03,2022-05-06,CUST-3078,Aditya Joshi,57.0,Male,Consumer,North,Uttar Pradesh,Office Supplies,Envelopes,Window Envelopes,124.87,7,0.0,35.07
ORD-106025,2022-11-16,2022-11-23,CUST-9351,Neha Gupta,22.0,Female,Consumer,West,Gujarat,Office Supplies,Art,Sketch Pad,228.57,7,0.2,47.19
ORD-106026,2024-09-28,2024-09-30,CUST-6264,Anjali Rao,25.0,Female,Consumer,West,Rajasthan,Technology,Accessories,USB-C Hub,1032.56,2,0.0,449.64
ORD-106027,2022-06-19,2022-06-23,CUST-6553,Divya Gupta,43.0,Female,Consumer,North,Delhi,Technology,Copiers,Office Copier 200,4469.24,7,0.1,451.36
ORD-106028,2024-03-15,2024-03-17,CUST-2220,Arjun Verma,31.0,Male,Home Office,North,Delhi,Furniture,Tables,Round Side Table,1742.94,5,0.0,444.15
ORD-106029,2022-05-15,2022-05-19,CUST-9046,Sneha Verma,30.0,Female,Consumer,West,Gujarat,Office Supplies,Paper,Sticky Notes Pack,28.76,5,0.4,
ORD-106030,2023-12-05,2023-12-09,CUST-9791,Aditya Singh,25.0,Male,Consumer,North,Haryana,Furniture,Furnishings,Area Rug,495.51,4,0.3,55.61
ORD-106031,2023-02-01,2023-02-04,CUST-7358,Kavita Kapoor,26.0,Female,Consumer,East,Odisha,Office Supplies,Art,Sketch Pad,10.15,1,0.15,0.81
ORD-106032,2024-06-10,2024-06-12,CUST-8805,Sneha Joshi,47.0,Female,Consumer,East,Bihar,Technology,Machines,Label Maker,426.95,1,0.3,11.53
ORD-106033,2022-10-24,2022-10-26,CUST-4143,Sneha Gupta,35.0,Female,Corporate,West,Rajasthan,Office Supplies,Binders,Clip Binder,96.3,3,0.2,7.07
ORD-106034,2023-12-15,2023-12-20,CUST-3435,Sanjay Patel,38.0,Male,Consumer,East,West Bengal,Office Supplies,Paper,Notebook Set,515.74,7,0.2,112.65
ORD-106035,2022-10-26,2022-11-02,CUST-9791,Aditya Singh,26.0,Male,Home Office,South,Kerala,Office Supplies,Envelopes,Mailing Envelopes,20.34,1,0.1,3.92
ORD-106036,2024-03-07,2024-03-12,CUST-4092,Priya Joshi,38.0,Female,Home Office,West,Gujarat,Office Supplies,Paper,Notebook Set,72.27,7,0.1,16.67
ORD-106037,2024-09-27,2024-09-28,CUST-3257,Vivek Joshi,42.0,Male,Home Office,East,Bihar,Office Supplies,Binders,View Binder,129.51,2,0.0,48.84
ORD-106038,2022-06-17,2022-06-21,CUST-8805,Sneha Joshi,45.0,Female,Corporate,West,Gujarat,Technology,Machines,Label Maker,2461.72,6,0.15,687.69
ORD-106039,2024-09-18,2024-09-21,CUST-9048,Divya Iyer,24.0,Female,Consumer,South,Karnataka,Technology,Machines,3D Printer Mini,696.97,1,0.2,173.55
ORD-106040,2023-11-15,2023-11-20,CUST-9542,Pooja Joshi,35.0,Female,Consumer,Central,Madhya Pradesh,Office Supplies,Storage,Desk Organizer,178.89,4,0.1,55.24
ORD-106041,2022-06-17,2022-06-19,CUST-2400,Arjun Nair,32.0,Male,Consumer,South,Tamil Nadu,Furniture,Bookcases,Ladder Bookshelf,399.87,3,0.15,58.09
ORD-106042,2023-05-07,2023-05-08,CUST-7796,Neha Mehta,35.0,Female,Consumer,West,Maharashtra,Office Supplies,Art,Colored Pencils,25.89,3,0.0,5.99
ORD-106043,2022-08-01,2022-08-04,CUST-3423,Neha Rao,18.0,Female,Corporate,South,Tamil Nadu,Office Supplies,Labels,Address Labels,383.45,7,0.0,103.19
ORD-106044,2024-02-17,2024-02-23,CUST-7796,Neha Mehta,37.0,Female,Consumer,South,Telangana,Office Supplies,Storage,File Cabinet,110.17,3,0.2,15.38
ORD-106045,2024-05-04,2024-05-06,CUST-5692,Divya Iyer,42.0,Female,Corporate,West,Rajasthan,Furniture,Bookcases,5-Shelf Bookcase,297.42,2,0.0,103.86
ORD-106046,2022-05-21,2022-05-23,CUST-5692,Divya Iyer,40.0,Female,Corporate,North,Punjab,Office Supplies,Paper,Sticky Notes Pack,141.86,2,0.1,19.58
ORD-106047,2023-08-17,2023-08-23,CUST-7796,Neha Mehta,36.0,Female,Consumer,North,Uttar Pradesh,Office Supplies,Envelopes,Window Envelopes,268.25,5,0.3,25.15
ORD-106048,2024-07-14,2024-07-18,CUST-9046,Sneha Verma,31.0,Female,Consumer,South,Tamil Nadu,Office Supplies,Envelopes,Mailing Envelopes,281.44,4,0.15,64.87
ORD-106049,2024-11-21,2024-11-25,CUST-1709,Nikhil Verma,18.0,Male,Consumer,East,West Bengal,Furniture,Chairs,Foldable Study Chair,598.33,7,0.2,145.22
ORD-106050,2023-08-27,2023-09-01,CUST-4868,Nikhil Rao,53.0,Male,Consumer,South,Telangana,Furniture,Tables,Adjustable Standing Desk,126.1,1,0.2,17.61
ORD-106051,2024-12-01,2024-12-06,CUST-3423,Neha Rao,18.0,Female,Consumer,North,Punjab,Technology,Machines,3D Printer Mini,1217.33,2,0.0,461.36
ORD-106052,2023-09-22,2023-09-24,CUST-4438,Vivek Kapoor,22.0,Male,Corporate,South,Kerala,Technology,Phones,Budget Smartphone S5,3800.05,7,0.2,485.73
ORD-106053,2023-03-25,2023-04-01,CUST-9791,Aditya Singh,29.0,Male,Home Office,North,Haryana,Technology,Phones,Cordless Landline,169.29,1,0.15,40.13
ORD-106054,2024-08-28,2024-08-30,CUST-2400,Arjun Nair,33.0,Male,Home Office,South,Telangana,Office Supplies,Art,Sketch Pad,233.38,4,0.1,78.64
ORD-106055,2023-07-31,2023-08-05,CUST-6459,Suresh Gupta,40.0,Male,Consumer,South,Karnataka,Furniture,Tables,Oak Dining Table,2090.67,4,0.1,726.52
ORD-106056,2023-07-02,2023-07-08,CUST-6652,Kavita Reddy,31.0,Female,Consumer,East,West Bengal,Office Supplies,Storage,Storage Box Set,145.87,2,0.1,36.9
ORD-106057,2023-07-27,2023-08-01,CUST-9791,Aditya Singh,29.0,Male,Corporate,North,Delhi,Furniture,Tables,Glass Coffee Table,1016.77,4,0.1,195.44
ORD-106058,2024-08-26,2024-08-28,CUST-9979,Karan Iyer,26.0,Male,Consumer,West,Gujarat,Furniture,Chairs,Foldable Study Chair,1754.32,5,0.0,787.78
ORD-106059,2024-08-07,2024-08-10,CUST-6652,Kavita Reddy,31.0,Female,Consumer,Central,Chhattisgarh,Office Supplies,Binders,Clip Binder,49.46,1,0.1,13.15
ORD-106060,2023-04-07,2023-04-09,CUST-8491,Vikram Gupta,49.0,Male,Home Office,South,Tamil Nadu,Furniture,Chairs,Foldable Study Chair,272.82,2,0.4,-33.3
ORD-106061,2023-01-01,2023-01-04,CUST-5675,Priya Reddy,56.0,Female,Corporate,Central,Madhya Pradesh,Technology,Copiers,Compact Copier,487.41,7,0.1,53.93
ORD-106062,2023-07-30,2023-08-02,CUST-2922,Divya Patel,,Female,Corporate,North,Haryana,Technology,Phones,Smartphone X12,2106.47,3,0.3,80.94
ORD-106063,2023-10-30,2023-11-01,CUST-2024,Anita Sharma,61.0,Female,Consumer,Central,Chhattisgarh,Furniture,Chairs,Foldable Study Chair,968.57,5,0.0,389.05
ORD-106064,2022-10-29,2022-11-05,CUST-2400,Arjun Nair,33.0,Male,Corporate,West,Maharashtra,Furniture,Chairs,Executive Leather Chair,644.15,2,0.3,-36.83
ORD-106065,2024-06-17,2024-06-24,CUST-9288,Kavita Gupta,18.0,Female,Consumer,South,Telangana,Technology,Accessories,Webcam HD,1289.61,2,0.1,250.17
ORD-106066,2023-07-22,2023-07-23,CUST-7193,Isha Nair,30.0,Female,Home Office,South,Telangana,Office Supplies,Binders,3-Ring Binder,133.71,2,0.1,37.8
ORD-106067,2023-01-02,2023-01-07,CUST-8782,Kavita Rao,28.0,Female,Corporate,North,Delhi,Office Supplies,Paper,A4 Copy Paper Ream,10.74,1,0.2,0.43
ORD-106068,2022-05-22,2022-05-29,CUST-4014,Vikram Rao,49.0,Male,Consumer,South,Kerala,Furniture,Chairs,Executive Leather Chair,2439.2,5,0.2,460.05
ORD-106069,2022-10-29,2022-11-02,CUST-3435,Sanjay Patel,35.0,Male,Consumer,North,Delhi,Office Supplies,Labels,Address Labels,100.15,2,0.1,10.24
ORD-106070,2024-12-01,2024-12-03,CUST-3435,Sanjay Patel,39.0,Male,Consumer,South,Telangana,Furniture,Bookcases,Corner Bookcase,1686.76,3,0.2,257.69
ORD-106071,2022-12-14,2022-12-17,CUST-8349,Rahul Patel,41.0,Male,Corporate,Central,Chhattisgarh,Furniture,Furnishings,Curtain Set,1324.84,5,0.2,282.28
ORD-106072,2022-08-12,2022-08-14,CUST-2173,Manish Joshi,37.0,Male,Consumer,West,Maharashtra,Office Supplies,Labels,Shipping Labels,491.87,7,0.4,-34.17
ORD-106073,2023-06-18,2023-06-23,CUST-1709,Nikhil Verma,18.0,Male,Consumer,West,Rajasthan,Office Supplies,Binders,Clip Binder,112.73,5,0.15,8.6
ORD-106074,2022-12-16,2022-12-22,CUST-7796,Neha Mehta,37.0,Female,Consumer,South,Kerala,Office Supplies,Art,Sketch Pad,64.29,4,0.1,13.69
ORD-106075,2022-02-19,2022-02-26,CUST-6038,Sneha Rao,28.0,Female,Home Office,North,Uttar Pradesh,Technology,Copiers,Office Copier 200,860.86,1,0.0,317.76
ORD-106076,2022-12-25,2023-01-01,CUST-5357,Amit Verma,42.0,Male,Consumer,South,Karnataka,Technology,Accessories,Wireless Mouse,882.88,1,0.15,181.28
ORD-106077,2023-10-01,2023-10-08,CUST-2173,Manish Joshi,35.0,Male,Consumer,North,Haryana,Office Supplies,Binders,Clip Binder,286.64,7,0.0,65.59
ORD-106078,2023-10-09,2023-10-12,CUST-3681,Suresh Gupta,35.0,Male,Consumer,Central,Madhya Pradesh,Office Supplies,Binders,Clip Binder,197.47,5,0.1,21.58
ORD-106079,2023-02-02,2023-02-06,CUST-5687,Kavita Reddy,40.0,Female,Consumer,South,Karnataka,Office Supplies,Envelopes,Window Envelopes,110.03,4,0.0,40.31
ORD-106080,2023-05-31,2023-06-04,CUST-3318,Vikram Sharma,38.0,Male,Corporate,West,Gujarat,Technology,Machines,Laser Printer,488.95,1,0.0,201.78
ORD-106081,2024-12-10,2024-12-17,CUST-4410,Arjun Gupta,45.0,Male,Consumer,West,Rajasthan,Office Supplies,Labels,Shipping Labels,109.75,2,0.1,15.76
ORD-106082,2023-03-04,2023-03-08,CUST-2087,Shreya Reddy,23.0,Female,Consumer,Central,Madhya Pradesh,Furniture,Chairs,Recliner Lounge Chair,1332.91,7,0.0,503.34
ORD-106083,2022-11-13,2022-11-19,CUST-3986,Rahul Sharma,46.0,Male,Home Office,South,Kerala,Office Supplies,Storage,Desk Organizer,28.37,1,0.1,9.11
ORD-106084,2022-11-02,2022-11-09,CUST-6665,Nikhil Gupta,18.0,Male,Corporate,East,Odisha,Office Supplies,Storage,File Cabinet,146.94,4,0.15,36.03
ORD-106085,2023-06-14,2023-06-15,CUST-5357,Amit Verma,41.0,Male,Consumer,East,Bihar,Furniture,Bookcases,Corner Bookcase,1637.68,7,0.0,723.2
ORD-106086,2024-05-05,2024-05-08,CUST-9942,Vikram Singh,33.0,Male,Consumer,Central,Chhattisgarh,Furniture,Tables,Adjustable Standing Desk,1548.13,5,0.1,520.84
ORD-106087,2022-09-26,2022-10-02,CUST-9979,Karan Iyer,28.0,Male,Home Office,North,Haryana,Technology,Accessories,Mechanical Keyboard,2185.47,4,,570.86
ORD-106088,2024-03-01,2024-03-04,CUST-2529,Manish Sharma,37.0,Male,Corporate,West,Rajasthan,Office Supplies,Binders,View Binder,69.09,1,0.1,20.13
ORD-106089,2022-01-30,2022-02-06,CUST-7795,Karan Verma,24.0,Male,Corporate,East,West Bengal,Office Supplies,Binders,3-Ring Binder,310.24,5,0.2,5.29
ORD-106090,2023-04-26,2023-05-02,CUST-7246,Meera Patel,36.0,Female,Consumer,Central,Madhya Pradesh,Office Supplies,Storage,File Cabinet,226.98,4,0.15,45.49
ORD-106091,2024-05-25,2024-06-01,CUST-2087,Shreya Reddy,21.0,Female,Consumer,West,Gujarat,Technology,Copiers,Office Copier 200,441.06,1,0.0,179.07
ORD-106092,2023-01-08,2023-01-14,CUST-2087,Shreya Reddy,21.0,Female,Corporate,North,Delhi,Furniture,Chairs,Foldable Study Chair,2869.22,5,0.1,443.94
ORD-106093,2023-10-21,2023-10-28,CUST-4868,Nikhil Rao,51.0,Male,Consumer,East,Odisha,Office Supplies,Storage,Desk Organizer,44.86,5,0.1,11.29
ORD-106094,2022-09-24,2022-09-25,CUST-1534,Arjun Nair,30.0,Male,Corporate,North,Uttar Pradesh,Office Supplies,Storage,File Cabinet,302.83,6,0.1,53.29
ORD-106095,2024-04-13,2024-04-16,CUST-8512,Kavita Reddy,37.0,Female,Consumer,North,Delhi,Office Supplies,Envelopes,Window Envelopes,39.94,2,0.0,8.58
ORD-106096,2022-03-14,2022-03-20,CUST-1149,Aditya Nair,43.0,Male,Consumer,North,Uttar Pradesh,Furniture,Furnishings,Wall Clock,3511.17,6,0.15,940.64
ORD-106097,2024-09-02,2024-09-03,CUST-7327,Nikhil Sharma,39.0,Male,Corporate,East,Bihar,Technology,Copiers,Office Copier 200,817.57,1,0.3,33.67
ORD-106098,2022-09-17,2022-09-19,CUST-8499,Anita Reddy,37.0,Female,Corporate,North,Punjab,Furniture,Bookcases,Corner Bookcase,557.36,1,0.0,120.32
ORD-106099,2024-09-27,2024-10-04,CUST-3176,Karan Rao,50.0,Male,Consumer,South,Kerala,Office Supplies,Labels,Shipping Labels,71.71,2,0.2,11.61
ORD-106100,2023-01-27,2023-02-01,CUST-7193,Isha Nair,33.0,Female,Consumer,West,Maharashtra,Furniture,Tables,Oak Dining Table,1896.07,7,0.2,271.08
ORD-106101,2024-03-19,2024-03-25,CUST-3986,Rahul Sharma,45.0,Male,Home Office,East,Bihar,Office Supplies,Paper,A4 Copy Paper Ream,73.2,3,0.15,15.69
ORD-106102,2022-12-23,2022-12-27,CUST-6054,Vikram Singh,38.0,Male,Consumer,North,Haryana,Office Supplies,Envelopes,Mailing Envelopes,96.61,2,0.4,-6.23
ORD-106103,2024-10-29,2024-10-30,CUST-6038,Sneha Rao,28.0,Female,Home Office,Central,Madhya Pradesh,Office Supplies,Labels,Shipping Labels,180.36,5,0.0,52.34
ORD-106104,2022-06-16,2022-06-17,CUST-2453,Amit Rao,29.0,Male,Corporate,North,Uttar Pradesh,Furniture,Furnishings,Curtain Set,444.62,4,0.0,95.78
ORD-106105,2022-08-24,2022-08-30,CUST-4642,Suresh Verma,43.0,Male,Corporate,Central,Madhya Pradesh,Office Supplies,Paper,Sticky Notes Pack,205.41,4,0.2,34.54
ORD-106106,2023-07-31,2023-08-01,CUST-7053,Rahul Sharma,33.0,Male,Consumer,South,Telangana,Technology,Phones,Budget Smartphone S5,1002.49,2,0.3,-28.55
ORD-106107,2022-04-21,2022-04-23,CUST-7317,Anita Singh,40.0,Female,Corporate,East,Odisha,Office Supplies,Binders,Clip Binder,29.7,2,0.3,2.2
ORD-106108,2022-09-14,2022-09-15,CUST-6013,Rahul Singh,39.0,Male,Consumer,East,West Bengal,Office Supplies,Envelopes,Window Envelopes,258.69,7,0.2,59.48
ORD-106109,2024-11-27,2024-12-02,CUST-3120,Pooja Reddy,46.0,Female,Corporate,East,West Bengal,Technology,Machines,3D Printer Mini,3807.37,7,0.15,540.9
ORD-106110,2024-12-17,2024-12-22,CUST-7795,Karan Verma,20.0,Male,Consumer,South,Telangana,Office Supplies,Labels,Shipping Labels,105.53,2,0.1,
ORD-106111,2023-03-02,2023-03-09,CUST-3986,Rahul Sharma,49.0,Male,Corporate,South,Telangana,Office Supplies,Paper,Sticky Notes Pack,52.49,3,0.0,11.31
ORD-106112,2024-11-12,2024-11-19,CUST-2139,Neha Mehta,28.0,Female,Consumer,West,Rajasthan,Office Supplies,Envelopes,Mailing Envelopes,117.92,3,0.2,17.63
ORD-106113,2023-10-02,2023-10-06,CUST-3795,Anita Gupta,,Female,Home Office,South,Telangana,Furniture,Bookcases,5-Shelf Bookcase,2376.81,5,0.0,564.67
ORD-106114,2022-11-21,2022-11-23,CUST-3012,Pooja Verma,43.0,Female,Corporate,North,Uttar Pradesh,Office Supplies,Art,Marker Set,350.14,5,0.0,76.55
ORD-106115,2024-02-20,2024-02-25,CUST-7053,Rahul Sharma,31.0,Male,Corporate,Central,Chhattisgarh,Furniture,Chairs,Ergo Mesh Office Chair,2686.73,7,0.0,677.56
ORD-106116,2023-12-27,2024-01-02,CUST-7066,Rahul Mehta,36.0,Male,Corporate,North,Punjab,Technology,Phones,Budget Smartphone S5,481.84,1,0.1,64.18
ORD-106117,2024-12-25,2024-12-28,CUST-7204,Karan Rao,36.0,Male,Consumer,North,Punjab,Office Supplies,Envelopes,Mailing Envelopes,96.63,2,0.15,25.12
ORD-106118,2022-11-18,2022-11-21,CUST-2453,Amit Rao,28.0,Male,Consumer,West,Rajasthan,Office Supplies,Labels,Shipping Labels,262.67,7,0.15,39.5
ORD-106119,2024-01-09,2024-01-12,CUST-6933,Ritu Verma,66.0,Female,Consumer,South,Tamil Nadu,Office Supplies,Storage,Desk Organizer,109.26,2,0.1,11.32
ORD-106120,2022-03-14,2022-03-21,CUST-9682,Vikram Reddy,34.0,Male,Corporate,South,Kerala,Technology,Machines,Label Maker,393.98,6,0.3,22.31
ORD-106121,2022-05-31,2022-06-06,CUST-2840,Suresh Nair,38.0,Male,Home Office,West,Maharashtra,Office Supplies,Binders,View Binder,20.77,1,0.0,4.83
ORD-106122,2022-01-06,2022-01-07,CUST-3795,Anita Gupta,25.0,Female,Consumer,North,Punjab,Technology,Accessories,Mechanical Keyboard,4461.5,6,0.15,1291.14
ORD-106123,2024-12-31,2025-01-06,CUST-3120,Pooja Reddy,49.0,Female,Corporate,South,Kerala,Technology,Machines,Laser Printer,2050.6,3,0.1,304.16
ORD-106124,2024-06-28,2024-06-29,CUST-1915,Neha Patel,41.0,Female,Consumer,West,Gujarat,Office Supplies,Binders,Clip Binder,122.06,5,0.15,14.52
ORD-106125,2024-06-08,2024-06-11,CUST-1489,Amit Gupta,28.0,Male,Corporate,South,Karnataka,Office Supplies,Envelopes,Mailing Envelopes,93.71,7,0.2,21.02
ORD-106126,2023-08-22,2023-08-26,CUST-7795,Karan Verma,20.0,Male,Home Office,West,Rajasthan,Technology,Accessories,USB-C Hub,135.78,1,0.2,0.89
ORD-106127,2022-12-11,2022-12-15,CUST-6497,Shreya Mehta,59.0,Female,Corporate,East,Odisha,Technology,Copiers,Compact Copier,4843.23,6,0.2,1056.71
ORD-106128,2022-07-19,2022-07-20,CUST-7011,Suresh Gupta,38.0,Male,Corporate,West,Maharashtra,Furniture,Tables,Oak Dining Table,905.67,2,0.0,299.97
ORD-106129,2022-12-02,2022-12-05,CUST-6615,Arjun Iyer,32.0,Male,Consumer,South,Karnataka,Office Supplies,Art,Marker Set,99.39,5,0.1,20.36
ORD-106130,2023-03-02,2023-03-08,CUST-4642,Suresh Verma,42.0,Male,Home Office,East,Bihar,Technology,Accessories,USB-C Hub,5241.62,6,0.3,-142.26
ORD-106131,2024-05-01,2024-05-05,CUST-2672,Suresh Gupta,20.0,Male,Consumer,North,Delhi,Office Supplies,Labels,Shipping Labels,364.16,6,0.3,-18.42
ORD-106132,2023-09-26,2023-09-27,CUST-8374,Vikram Gupta,20.0,Male,Consumer,West,Maharashtra,Furniture,Chairs,Ergo Mesh Office Chair,2132.71,5,0.2,72.99
ORD-106133,2022-04-16,2022-04-22,CUST-2000,Rahul Reddy,29.0,Male,Home Office,North,Punjab,Technology,Phones,Cordless Landline,1285.12,4,0.3,-112.34
ORD-106134,2022-01-25,2022-01-28,CUST-7886,Arjun Gupta,51.0,Male,Consumer,North,Uttar Pradesh,Technology,Phones,Cordless Landline,2263.48,3,0.2,175.26
ORD-106135,2022-05-17,2022-05-19,CUST-7584,Karan Gupta,42.0,Male,Consumer,West,Maharashtra,Technology,Machines,3D Printer Mini,1594.34,3,0.15,265.68
ORD-106136,2023-04-16,2023-04-19,CUST-5947,Priya Singh,37.0,Female,Home Office,West,Maharashtra,Office Supplies,Envelopes,Window Envelopes,402.43,6,0.1,108.5
ORD-106137,2024-11-19,2024-11-26,CUST-3986,Rahul Sharma,45.0,Male,Consumer,South,Kerala,Technology,Copiers,Office Copier 200,2873.75,5,0.15,553.23
ORD-106138,2023-12-14,2023-12-17,CUST-4671,Shreya Sharma,51.0,Female,Consumer,East,Odisha,Office Supplies,Envelopes,Window Envelopes,287.3,6,0.3,-2.23
ORD-106139,2024-06-27,2024-07-03,CUST-7011,Suresh Gupta,39.0,Male,Corporate,East,West Bengal,Furniture,Tables,Adjustable Standing Desk,2088.93,6,0.0,584.37
ORD-106140,2023-06-25,2023-07-01,CUST-9416,Sanjay Reddy,29.0,Male,Consumer,West,Gujarat,Office Supplies,Envelopes,Mailing Envelopes,94.93,2,0.0,38.31
ORD-106141,2023-02-09,2023-02-14,CUST-3200,Meera Joshi,36.0,Female,Consumer,Central,Chhattisgarh,Office Supplies,Paper,Sticky Notes Pack,36.74,4,0.0,13.97
ORD-106142,2022-05-24,2022-05-29,CUST-6734,Ritu Singh,51.0,Female,Corporate,South,Kerala,Office Supplies,Art,Marker Set,7.24,1,0.0,1.53
ORD-106143,2024-09-29,2024-10-05,CUST-7019,Anjali Verma,18.0,Female,Corporate,East,West Bengal,Furniture,Tables,Glass Coffee Table,2067.38,4,0.0,902.1
ORD-106144,2024-06-03,2024-06-09,CUST-1915,Neha Patel,43.0,Female,Corporate,South,Tamil Nadu,Furniture,Chairs,Ergo Mesh Office Chair,2205.11,6,0.0,630.91
ORD-106145,2022-08-11,2022-08-13,CUST-2882,Priya Iyer,36.0,Female,Consumer,Central,Madhya Pradesh,Technology,Accessories,USB-C Hub,3157.05,6,0.3,-144.32
ORD-106146,2023-08-25,2023-08-27,CUST-5773,Pooja Verma,23.0,Female,Consumer,East,Odisha,Technology,Copiers,Office Copier 200,1995.62,5,0.3,-52.62
ORD-106147,2023-07-23,2023-07-26,CUST-7011,Suresh Gupta,36.0,Male,Consumer,South,Kerala,Office Supplies,Paper,Notebook Set,174.73,4,0.0,45.82
ORD-106148,2023-12-06,2023-12-13,CUST-4132,Arjun Iyer,23.0,Male,Corporate,West,Maharashtra,Office Supplies,Binders,3-Ring Binder,463.92,6,0.2,69.68
ORD-106149,2024-11-28,2024-12-02,CUST-3988,Kavita Rao,20.0,Female,Home Office,West,Gujarat,Technology,Phones,Budget Smartphone S5,2361.28,7,0.4,-369.44
ORD-106150,2023-11-04,2023-11-11,CUST-6665,Nikhil Gupta,18.0,Male,Corporate,South,Telangana,Technology,Copiers,Compact Copier,4354.16,6,0.1,449.98
ORD-106151,2023-09-27,2023-09-29,CUST-5968,Suresh Kapoor,43.0,Male,Corporate,South,Karnataka,Furniture,Tables,Glass Coffee Table,386.19,3,0.15,41.84
ORD-106152,2022-03-12,2022-03-15,CUST-6318,Sanjay Verma,45.0,Male,Corporate,Central,Madhya Pradesh,Technology,Phones,Cordless Landline,2566.77,3,0.3,363.81
ORD-106153,2022-03-28,2022-04-04,CUST-1971,Nikhil Reddy,18.0,Male,Consumer,Central,Chhattisgarh,Furniture,Furnishings,Table Lamp,1162.88,5,0.15,229.52
ORD-106154,2022-09-04,2022-09-05,CUST-2882,Priya Iyer,37.0,Female,Consumer,West,Maharashtra,Office Supplies,Art,Colored Pencils,37.83,5,0.15,6.77
ORD-106155,2022-02-15,2022-02-20,CUST-9416,Sanjay Reddy,29.0,Male,Corporate,East,Odisha,Office Supplies,Binders,3-Ring Binder,15.85,1,0.0,6.07
ORD-106156,2024-04-14,2024-04-21,CUST-3754,Pooja Mehta,34.0,Female,Consumer,East,Odisha,Furniture,Tables,Oak Dining Table,2372.93,5,0.2,275.09
ORD-106157,2024-03-19,2024-03-23,CUST-8990,Anjali Joshi,49.0,Female,Consumer,West,Gujarat,Furniture,Chairs,Recliner Lounge Chair,182.24,2,0.1,46.53
ORD-106158,2022-06-28,2022-07-01,CUST-7019,Anjali Verma,18.0,Female,Consumer,East,Odisha,Furniture,Bookcases,5-Shelf Bookcase,335.03,1,0.1,113.53
ORD-106159,2024-08-12,2024-08-19,CUST-2882,Priya Iyer,35.0,Female,Corporate,North,Delhi,Furniture,Furnishings,Curtain Set,580.46,1,0.1,139.55
ORD-106160,2022-07-24,2022-07-30,CUST-9555,Priya Verma,40.0,Female,Corporate,North,Haryana,Office Supplies,Storage,File Cabinet,214.01,3,0.3,3.89
ORD-106161,2022-12-12,2022-12-13,CUST-7564,Karan Iyer,38.0,Male,Consumer,East,Odisha,Office Supplies,Paper,Notebook Set,340.56,7,0.0,76.1
ORD-106162,2022-11-06,2022-11-11,CUST-1971,Nikhil Reddy,18.0,Male,Consumer,South,Telangana,Technology,Accessories,USB-C Hub,438.55,2,,-11.99
ORD-106163,2023-02-25,2023-02-26,CUST-9852,Nikhil Patel,30.0,Male,Consumer,North,Uttar Pradesh,Furniture,Bookcases,5-Shelf Bookcase,432.32,5,0.1,108.85
ORD-106164,2022-11-10,2022-11-13,CUST-7905,Divya Gupta,18.0,Female,Consumer,North,Delhi,Office Supplies,Storage,Storage Box Set,146.22,7,0.15,18.33
ORD-106165,2023-07-25,2023-07-27,CUST-7502,Sanjay Mehta,26.0,Male,Corporate,South,Karnataka,Office Supplies,Envelopes,Mailing Envelopes,94.93,5,0.3,-8.44
ORD-106166,2023-04-12,2023-04-17,CUST-5769,Divya Rao,34.0,Female,Corporate,Central,Chhattisgarh,Technology,Accessories,Wireless Mouse,2422.39,6,0.1,401.05
ORD-106167,2024-12-23,2024-12-24,CUST-5652,Sanjay Mehta,34.0,Male,Corporate,Central,Madhya Pradesh,Furniture,Bookcases,Ladder Bookshelf,553.29,1,0.0,139.78
ORD-106168,2022-03-19,2022-03-21,CUST-5769,Divya Rao,34.0,Female,Consumer,South,Tamil Nadu,Furniture,Furnishings,Table Lamp,542.46,1,0.15,79.81
ORD-106169,2022-07-07,2022-07-11,CUST-6965,Amit Nair,42.0,Male,Corporate,East,Bihar,Furniture,Chairs,Executive Leather Chair,1347.91,4,0.15,329.53
ORD-106170,2022-03-15,2022-03-18,CUST-4810,Shreya Singh,31.0,Female,Consumer,North,Uttar Pradesh,Furniture,Furnishings,Curtain Set,662.58,2,0.1,217.73
ORD-106171,2023-12-07,2023-12-10,CUST-4948,Amit Gupta,31.0,Male,Consumer,West,Rajasthan,Office Supplies,Storage,Desk Organizer,359.12,5,0.0,139.67
ORD-106172,2022-03-17,2022-03-22,CUST-7905,Divya Gupta,18.0,Female,Consumer,Central,Madhya Pradesh,Furniture,Bookcases,Corner Bookcase,1343.27,3,0.4,-82.15
ORD-106173,2024-08-13,2024-08-14,CUST-4810,Vivek Joshi,49.0,Male,Consumer,North,Haryana,Technology,Phones,Budget Smartphone S5,1077.2,3,0.1,202.98
ORD-106174,2023-08-25,2023-08-29,CUST-7074,Rohan Kapoor,36.0,Male,Home Office,Central,Madhya Pradesh,Furniture,Furnishings,Curtain Set,425.1,2,0.15,64.69
ORD-106175,2023-09-12,2023-09-18,CUST-2020,Manish Reddy,18.0,Male,Home Office,South,Tamil Nadu,Furniture,Furnishings,Table Lamp,352.3,1,0.3,41.21
ORD-106176,2023-10-19,2023-10-24,CUST-4948,Amit Gupta,30.0,Male,Home Office,North,Haryana,Furniture,Tables,Adjustable Standing Desk,88.79,1,0.0,35.34
ORD-106177,2022-08-14,2022-08-20,CUST-9966,Shreya Verma,44.0,Female,Consumer,South,Telangana,Technology,Accessories,Webcam HD,226.62,1,0.3,2.06
ORD-106178,2022-09-16,2022-09-21,CUST-8565,Nikhil Joshi,35.0,Male,Home Office,South,Telangana,Technology,Machines,Laser Printer,855.32,6,0.1,296.56
ORD-106179,2022-12-23,2022-12-24,CUST-4948,Amit Gupta,32.0,Male,Home Office,Central,Chhattisgarh,Office Supplies,Art,Colored Pencils,257.8,7,0.2,33.67
ORD-106180,2023-11-14,2023-11-18,CUST-4948,Amit Gupta,30.0,Male,Corporate,South,Telangana,Furniture,Tables,Glass Coffee Table,419.1,1,0.0,148.25
ORD-106181,2022-09-30,2022-10-01,CUST-4810,Shreya Singh,31.0,Female,Corporate,East,West Bengal,Technology,Copiers,Office Copier 200,730.75,6,0.0,278.67
ORD-106182,2022-06-03,2022-06-06,CUST-4810,Shreya Singh,32.0,Female,Home Office,South,Telangana,Furniture,Furnishings,Wall Clock,1492.68,4,0.1,330.29
ORD-106183,2024-12-13,2024-12-19,CUST-2322,Suresh Sharma,32.0,Male,Home Office,North,Uttar Pradesh,Technology,Machines,Laser Printer,1683.62,2,0.3,231.47
ORD-106184,2022-01-31,2022-02-02,CUST-3605,Ritu Rao,26.0,Female,Home Office,East,West Bengal,Furniture,Chairs,Foldable Study Chair,778.84,2,0.0,206.58
ORD-106185,2024-06-28,2024-07-05,CUST-8565,Nikhil Joshi,38.0,Male,Consumer,Central,Chhattisgarh,Office Supplies,Envelopes,Mailing Envelopes,49.78,4,0.0,12.22
ORD-106186,2024-06-09,2024-06-12,CUST-8570,Divya Rao,43.0,Female,Home Office,West,Rajasthan,Furniture,Chairs,Executive Leather Chair,1601.58,5,0.15,469.21
ORD-106187,2022-12-10,2022-12-13,CUST-8570,Divya Rao,42.0,Female,Consumer,East,Bihar,Furniture,Tables,Adjustable Standing Desk,1098.03,5,0.2,221.05
ORD-106188,2022-06-28,2022-07-04,CUST-6528,Meera Reddy,32.0,Female,Home Office,North,Haryana,Technology,Machines,Label Maker,3877.67,7,0.2,254.56
ORD-106189,2022-07-11,2022-07-16,CUST-5455,Anita Iyer,41.0,Female,Consumer,South,Tamil Nadu,Office Supplies,Art,Marker Set,68.93,2,0.3,2.04
ORD-106190,2024-02-13,2024-02-16,CUST-8456,Shreya Mehta,26.0,Female,Home Office,East,Odisha,Furniture,Bookcases,Corner Bookcase,1391.98,3,0.0,470.18
ORD-106191,2023-12-17,2023-12-24,CUST-3053,Rohan Nair,25.0,Male,Consumer,North,Haryana,Office Supplies,Envelopes,Window Envelopes,216.64,3,0.4,-2.98
ORD-106192,2024-06-02,2024-06-06,CUST-6528,Meera Reddy,30.0,Female,Consumer,East,Bihar,Office Supplies,Storage,Desk Organizer,208.95,3,0.15,24.91
ORD-106193,2024-11-22,2024-11-25,CUST-7905,Divya Gupta,19.0,Female,Corporate,North,Punjab,Furniture,Bookcases,Ladder Bookshelf,3145.55,6,0.4,-389.12
ORD-106194,2024-02-05,2024-02-09,CUST-8565,Nikhil Joshi,37.0,Male,Consumer,South,Karnataka,Office Supplies,Storage,Storage Box Set,260.54,6,0.1,46.14
ORD-106195,2022-07-26,2022-07-27,CUST-6965,Amit Nair,41.0,Male,Corporate,Central,Chhattisgarh,Technology,Copiers,Office Copier 200,1873.15,7,0.0,641.35
ORD-106196,2022-11-02,2022-11-07,CUST-9381,Manish Rao,20.0,Male,Home Office,West,Maharashtra,Furniture,Tables,Round Side Table,2079.81,7,0.15,144.06
ORD-106197,2024-08-20,2024-08-24,CUST-6683,Sneha Sharma,41.0,Female,Consumer,South,Kerala,Office Supplies,Paper,Notebook Set,152.17,2,0.0,43.47
ORD-106198,2022-09-29,2022-10-02,CUST-2085,Sneha Nair,38.0,Female,Home Office,North,Uttar Pradesh,Furniture,Chairs,Recliner Lounge Chair,2120.61,4,0.0,908.52
ORD-106199,2022-04-09,2022-04-14,CUST-9129,Sneha Mehta,38.0,Female,Home Office,South,Kerala,Furniture,Furnishings,Wall Clock,498.49,6,0.0,165.18
ORD-106200,2024-02-22,2024-02-29,CUST-8565,Nikhil Joshi,37.0,Male,Consumer,Central,Chhattisgarh,Office Supplies,Binders,View Binder,32.28,1,0.1,7.11
ORD-106201,2023-04-05,2023-04-10,CUST-6734,Ritu Singh,52.0,Female,Consumer,Central,Chhattisgarh,Technology,Phones,Cordless Landline,1585.47,4,0.0,446.55
ORD-106202,2024-11-09,2024-11-13,CUST-3053,Rohan Nair,27.0,Male,Consumer,East,Odisha,Office Supplies,Labels,Shipping Labels,85.94,3,0.0,20.18
ORD-106203,2023-12-22,2023-12-26,CUST-9636,Kavita Kapoor,21.0,Female,Corporate,North,Punjab,Office Supplies,Paper,A4 Copy Paper Ream,48.23,4,0.0,15.03
ORD-106204,2022-05-02,2022-05-04,CUST-2627,Sanjay Gupta,33.0,Male,Consumer,West,Rajasthan,Furniture,Furnishings,Area Rug,997.4,7,0.15,257.03
ORD-106205,2024-11-30,2024-12-02,CUST-6528,Meera Reddy,31.0,Female,Consumer,East,West Bengal,Office Supplies,Art,Sketch Pad,51.53,1,0.0,19.95
ORD-106206,2022-11-13,2022-11-18,CUST-9223,Anita Rao,38.0,Female,Consumer,Central,Chhattisgarh,Technology,Accessories,Mechanical Keyboard,341.75,2,0.15,92.85
ORD-106207,2023-01-06,2023-01-12,CUST-1331,Shreya Rao,49.0,Female,Consumer,North,Delhi,Technology,Machines,Label Maker,2538.57,6,0.15,759.62
ORD-106208,2023-04-05,2023-04-11,CUST-2627,Sanjay Gupta,31.0,Male,Consumer,West,Rajasthan,Office Supplies,Paper,A4 Copy Paper Ream,47.2,1,0.1,5.69
ORD-106209,2022-03-13,2022-03-15,CUST-4937,Amit Joshi,42.0,Male,Corporate,South,Telangana,Furniture,Tables,Glass Coffee Table,976.3,2,0.1,251.65
ORD-106210,2023-08-05,2023-08-08,CUST-7371,Neha Mehta,42.0,Female,Consumer,East,Bihar,Office Supplies,Envelopes,Mailing Envelopes,522.05,7,0.15,105.3
ORD-106211,2022-06-12,2022-06-13,CUST-1730,Meera Mehta,34.0,Female,Corporate,Central,Madhya Pradesh,Technology,Accessories,Webcam HD,2659.05,4,0.3,-138.62
ORD-106212,2023-04-03,2023-04-08,CUST-7884,Ritu Patel,19.0,Female,Consumer,East,Odisha,Furniture,Tables,Glass Coffee Table,1034.29,2,0.1,208.03
ORD-106213,2023-01-25,2023-01-26,CUST-7398,Manish Patel,59.0,Male,Consumer,North,Uttar Pradesh,Office Supplies,Art,Sketch Pad,30.38,1,0.1,7.98
ORD-106214,2024-05-21,2024-05-23,CUST-7884,Ritu Patel,19.0,Female,Consumer,South,Tamil Nadu,Furniture,Tables,Oak Dining Table,3417.81,6,0.0,1146.35
ORD-106215,2024-06-29,2024-07-03,CUST-9506,Nikhil Nair,36.0,Male,Corporate,West,Maharashtra,Office Supplies,Paper,Notebook Set,235.92,4,0.1,78.03
ORD-106216,2022-07-22,2022-07-29,CUST-5458,Vikram Sharma,28.0,Male,Corporate,East,Odisha,Office Supplies,Envelopes,Mailing Envelopes,163.69,7,0.3,-9.76
ORD-106217,2023-02-16,2023-02-21,CUST-8456,Shreya Mehta,28.0,Female,Consumer,North,Uttar Pradesh,Office Supplies,Art,Marker Set,63.8,3,0.1,20.42
ORD-106218,2023-02-26,2023-02-28,CUST-7371,Neha Mehta,44.0,Female,Corporate,South,Tamil Nadu,Technology,Phones,Cordless Landline,2866.9,6,0.2,165.82
ORD-106219,2022-07-19,2022-07-22,CUST-7412,Anita Singh,30.0,Female,Corporate,East,Odisha,Technology,Accessories,Wireless Mouse,3991.01,6,0.2,611.93
ORD-106220,2024-06-23,2024-06-30,CUST-2964,Aditya Rao,19.0,Male,Consumer,North,Uttar Pradesh,Furniture,Bookcases,Ladder Bookshelf,1767.69,4,0.15,473.26
ORD-106221,2024-02-27,2024-03-03,CUST-9506,Nikhil Nair,35.0,Male,Corporate,East,Odisha,Office Supplies,Binders,3-Ring Binder,110.6,4,0.15,30.76
ORD-106222,2022-09-08,2022-09-13,CUST-7935,Pooja Mehta,39.0,Female,Corporate,West,Gujarat,Office Supplies,Labels,Shipping Labels,477.5,6,0.2,39.79
ORD-106223,2023-02-17,2023-02-23,CUST-3117,Aditya Reddy,41.0,Male,Consumer,East,West Bengal,Furniture,Furnishings,Curtain Set,1737.56,3,0.1,408.69
ORD-106224,2022-05-21,2022-05-25,CUST-3982,Priya Patel,18.0,Female,Consumer,Central,Chhattisgarh,Furniture,Tables,Glass Coffee Table,3461.54,7,0.0,1361.8
ORD-106225,2023-12-08,2023-12-13,CUST-3566,Neha Rao,20.0,Female,Corporate,West,Gujarat,Office Supplies,Storage,Storage Box Set,313.26,7,0.3,-5.78
ORD-106226,2022-06-10,2022-06-14,CUST-7935,Pooja Mehta,,Female,Consumer,West,Gujarat,Technology,Copiers,Office Copier 200,4993.54,6,0.1,1400.52
ORD-106227,2024-12-23,2024-12-25,CUST-2241,Karan Patel,24.0,Male,Consumer,West,Rajasthan,Technology,Accessories,Mechanical Keyboard,1405.45,3,0.2,96.58
ORD-106228,2024-05-31,2024-06-03,CUST-1695,Manish Joshi,30.0,Male,Consumer,West,Maharashtra,Furniture,Chairs,Recliner Lounge Chair,852.03,6,0.2,1.23
ORD-106229,2023-03-20,2023-03-27,CUST-9338,Kavita Singh,45.0,Female,Consumer,East,West Bengal,Technology,Machines,Laser Printer,3789.9,5,0.1,626.14
ORD-106230,2023-11-04,2023-11-11,CUST-9506,Nikhil Nair,38.0,Male,Home Office,North,Uttar Pradesh,Furniture,Chairs,Recliner Lounge Chair,829.33,2,0.15,65.41
ORD-106231,2024-11-03,2024-11-06,CUST-3566,Neha Rao,21.0,Female,Corporate,North,Delhi,Furniture,Furnishings,Area Rug,630.86,3,0.15,107.79
ORD-106232,2023-10-11,2023-10-16,CUST-7255,Vikram Reddy,24.0,Male,Corporate,North,Uttar Pradesh,Office Supplies,Binders,Clip Binder,101.74,2,0.0,27.51
ORD-106233,2022-08-19,2022-08-24,CUST-7819,Aditya Rao,49.0,Male,Consumer,East,West Bengal,Technology,Phones,Smartphone X12,1595.5,3,0.3,66.05
ORD-106234,2023-03-05,2023-03-07,CUST-3342,Meera Patel,41.0,Female,Consumer,East,Bihar,Technology,Copiers,Office Copier 200,5325.13,7,0.15,792.64
ORD-106235,2024-08-21,2024-08-27,CUST-7412,Anita Singh,30.0,Female,Corporate,East,Odisha,Office Supplies,Paper,A4 Copy Paper Ream,181.98,3,0.0,
ORD-106236,2023-12-18,2023-12-24,CUST-7398,Manish Patel,59.0,Male,Consumer,North,Delhi,Office Supplies,Envelopes,Mailing Envelopes,102.6,5,0.3,12.88
ORD-106237,2023-12-22,2023-12-28,CUST-7255,Vikram Reddy,23.0,Male,Home Office,East,West Bengal,Furniture,Bookcases,Ladder Bookshelf,711.87,6,0.2,168.79
ORD-106238,2024-09-19,2024-09-23,CUST-9200,Manish Nair,20.0,Male,Corporate,South,Kerala,Office Supplies,Storage,Desk Organizer,21.93,1,0.2,4.49
ORD-106239,2024-10-17,2024-10-23,CUST-9200,Manish Nair,21.0,Male,Consumer,West,Rajasthan,Office Supplies,Storage,File Cabinet,165.67,5,0.0,44.07
ORD-106240,2024-11-09,2024-11-12,CUST-7575,Anita Kapoor,43.0,Female,Consumer,West,Rajasthan,Furniture,Tables,Adjustable Standing Desk,1315.78,3,0.0,301.78
ORD-106241,2022-05-08,2022-05-15,CUST-7482,Manish Mehta,,Male,Consumer,East,West Bengal,Office Supplies,Envelopes,Window Envelopes,138.45,6,0.0,38.16
ORD-106242,2023-10-01,2023-10-08,CUST-2964,Aditya Rao,18.0,Male,Consumer,West,Maharashtra,Furniture,Bookcases,5-Shelf Bookcase,377.76,1,0.3,42.76
ORD-106243,2024-04-11,2024-04-15,CUST-9965,Sanjay Rao,36.0,Male,Corporate,South,Tamil Nadu,Furniture,Bookcases,Corner Bookcase,297.7,3,0.3,7.56
ORD-106244,2024-05-02,2024-05-04,CUST-7575,Anita Kapoor,43.0,Female,Corporate,North,Uttar Pradesh,Technology,Machines,3D Printer Mini,1726.1,3,0.0,682.69
ORD-106245,2023-11-24,2023-11-27,CUST-7482,Manish Mehta,30.0,Male,Consumer,West,Maharashtra,Office Supplies,Storage,File Cabinet,26.17,4,0.15,7.78
ORD-106246,2022-08-09,2022-08-16,CUST-7398,Manish Patel,59.0,Male,Corporate,East,West Bengal,Technology,Copiers,Office Copier 200,1082.2,5,0.2,157.75
ORD-106247,2024-06-21,2024-06-24,CUST-8456,Shreya Mehta,27.0,Female,Consumer,South,Tamil Nadu,Office Supplies,Storage,Storage Box Set,155.86,5,0.2,29.08
ORD-106248,2024-03-15,2024-03-22,CUST-1946,Sneha Patel,25.0,Female,Consumer,North,Haryana,Furniture,Furnishings,Curtain Set,560.8,2,0.0,199.12
ORD-106249,2022-04-27,2022-04-28,CUST-1565,Arjun Patel,25.0,Male,Consumer,North,Delhi,Furniture,Chairs,Foldable Study Chair,2813.67,7,0.2,538.23
ORD-106250,2023-06-22,2023-06-24,CUST-4441,Divya Reddy,35.0,Female,Consumer,West,Maharashtra,Office Supplies,Envelopes,Window Envelopes,129.27,6,0.0,57.82
ORD-106251,2022-08-18,2022-08-20,CUST-7846,Ritu Mehta,34.0,Female,Corporate,West,Rajasthan,Office Supplies,Storage,Desk Organizer,239.66,5,0.4,-20.24
ORD-106252,2023-01-06,2023-01-07,CUST-8976,Shreya Reddy,34.0,Female,Consumer,North,Haryana,Office Supplies,Art,Colored Pencils,163.99,6,0.1,38.97
ORD-106253,2022-01-25,2022-01-29,CUST-1946,Sneha Patel,28.0,Female,Consumer,North,Haryana,Furniture,Tables,Glass Coffee Table,1374.69,7,0.1,250.35
ORD-106254,2023-04-02,2023-04-09,CUST-1565,Arjun Patel,27.0,Male,Corporate,South,Karnataka,Furniture,Tables,Adjustable Standing Desk,824.05,2,0.1,213.01
ORD-106255,2023-10-07,2023-10-14,CUST-8221,Sanjay Iyer,39.0,Male,Corporate,North,Delhi,Office Supplies,Storage,Storage Box Set,173.52,3,0.15,27.93
ORD-106256,2023-12-03,2023-12-10,CUST-9025,Aditya Verma,23.0,Male,Consumer,West,Gujarat,Office Supplies,Binders,View Binder,190.82,3,0.0,68.85
ORD-106257,2023-12-30,2024-01-05,CUST-7886,Arjun Gupta,53.0,Male,Corporate,South,Tamil Nadu,Office Supplies,Storage,Storage Box Set,40.96,2,0.2,1.58
ORD-106258,2024-08-12,2024-08-18,CUST-6176,Kavita Kapoor,44.0,Female,Consumer,South,Telangana,Office Supplies,Envelopes,Window Envelopes,280.45,7,0.1,49.15
ORD-106259,2022-10-06,2022-10-12,CUST-9434,Nikhil Mehta,24.0,Male,Consumer,North,Haryana,Furniture,Chairs,Foldable Study Chair,393.72,1,0.0,
ORD-106260,2022-06-08,2022-06-14,CUST-4441,Divya Reddy,35.0,Female,Home Office,Central,Chhattisgarh,Office Supplies,Paper,Sticky Notes Pack,70.35,4,0.15,11.27
ORD-106261,2024-09-01,2024-09-07,CUST-2964,Aditya Rao,19.0,Male,Consumer,Central,Madhya Pradesh,Furniture,Furnishings,Table Lamp,2467.44,7,0.15,429.68
ORD-106262,2022-07-27,2022-07-28,CUST-1946,Sneha Patel,25.0,Female,Consumer,South,Kerala,Office Supplies,Envelopes,Window Envelopes,65.41,2,0.0,27.8
ORD-106263,2024-12-16,2024-12-18,CUST-7819,Aditya Rao,45.0,Male,Consumer,South,Telangana,Technology,Phones,Smartphone X12,1966.36,6,0.1,490.7
ORD-106264,2024-08-20,2024-08-24,CUST-4506,Nikhil Singh,31.0,Male,Consumer,North,Uttar Pradesh,Technology,Phones,Cordless Landline,1831.74,5,0.1,450.76
ORD-106265,2023-08-10,2023-08-13,CUST-8221,Sanjay Iyer,38.0,Male,Consumer,Central,Chhattisgarh,Technology,Copiers,Office Copier 200,170.69,2,0.4,-18.84
ORD-106266,2024-12-20,2024-12-26,CUST-9836,Isha Patel,44.0,Female,Corporate,South,Karnataka,Office Supplies,Envelopes,Window Envelopes,298.81,7,0.0,104.39
ORD-106267,2022-05-11,2022-05-12,CUST-9434,Nikhil Mehta,23.0,Male,Corporate,West,Rajasthan,Technology,Copiers,Office Copier 200,3113.89,7,0.4,-593.64
ORD-106268,2022-12-13,2022-12-20,CUST-3734,Shreya Singh,48.0,Female,Consumer,West,Maharashtra,Technology,Copiers,Compact Copier,4314.99,7,0.0,1143.76
ORD-106269,2023-12-14,2023-12-18,CUST-8221,Sanjay Iyer,39.0,Male,Consumer,South,Tamil Nadu,Office Supplies,Art,Marker Set,314.07,4,0.1,63.28
ORD-106270,2023-01-24,2023-01-28,CUST-5359,Isha Patel,39.0,Female,Corporate,North,Delhi,Office Supplies,Envelopes,Window Envelopes,46.36,5,0.0,13.7
ORD-106271,2024-11-15,2024-11-19,CUST-3332,Aditya Iyer,46.0,Male,Home Office,South,Kerala,Office Supplies,Paper,Notebook Set,219.78,4,0.0,54.43
ORD-106272,2022-03-31,2022-04-01,CUST-7375,Isha Verma,45.0,Female,Corporate,South,Tamil Nadu,Furniture,Tables,Adjustable Standing Desk,307.61,3,0.0,135.64
ORD-106273,2023-10-07,2023-10-10,CUST-2024,Anita Sharma,62.0,Female,Consumer,West,Maharashtra,Technology,Machines,3D Printer Mini,2576.54,7,0.3,-237.9
ORD-106274,2023-11-13,2023-11-19,CUST-8653,Suresh Joshi,54.0,Male,Consumer,Central,Madhya Pradesh,Furniture,Furnishings,Area Rug,1014.05,2,0.2,11.21
ORD-106275,2023-12-23,2023-12-27,CUST-9836,Isha Patel,42.0,Female,Consumer,East,Odisha,Office Supplies,Art,Colored Pencils,423.19,7,0.3,-11.42
ORD-106276,2022-11-11,2022-11-12,CUST-1946,Sneha Patel,25.0,Female,Consumer,West,Maharashtra,Office Supplies,Art,Marker Set,375.32,5,0.0,154.29
ORD-106277,2023-02-13,2023-02-20,CUST-5991,Sneha Joshi,30.0,Female,Consumer,North,Haryana,Furniture,Chairs,Recliner Lounge Chair,195.63,2,0.1,36.88
ORD-106278,2024-08-22,2024-08-24,CUST-1946,Sneha Patel,27.0,Female,Consumer,North,Uttar Pradesh,Furniture,Tables,Adjustable Standing Desk,439.4,3,0.2,35.99
ORD-106279,2022-09-13,2022-09-20,CUST-1946,Sneha Patel,28.0,Female,Corporate,West,Gujarat,Technology,Copiers,Compact Copier,2587.06,4,0.4,0.58
ORD-106280,2024-07-31,2024-08-01,CUST-5991,Sneha Joshi,34.0,Female,Consumer,South,Karnataka,Furniture,Bookcases,5-Shelf Bookcase,3367.86,7,0.15,996.33
ORD-106281,2023-10-20,2023-10-21,CUST-9897,Anita Reddy,38.0,Female,Consumer,South,Kerala,Technology,Copiers,Compact Copier,3218.79,4,0.15,916.97
ORD-106282,2024-05-08,2024-05-09,CUST-3576,Arjun Reddy,34.0,Male,Consumer,West,Gujarat,Office Supplies,Binders,3-Ring Binder,177.43,3,0.2,32.47
ORD-106283,2024-03-07,2024-03-11,CUST-8427,Kavita Sharma,21.0,Female,Consumer,South,Telangana,Office Supplies,Paper,Sticky Notes Pack,31.27,5,0.3,-0.56
ORD-106284,2022-09-27,2022-09-28,CUST-3364,Vivek Iyer,29.0,Male,Corporate,South,Telangana,Technology,Phones,Budget Smartphone S5,1069.49,3,0.0,327.1
ORD-106285,2023-10-26,2023-10-28,CUST-5894,Kavita Reddy,43.0,Female,Consumer,West,Maharashtra,Furniture,Chairs,Ergo Mesh Office Chair,1777.61,3,0.0,787.29
ORD-106286,2024-09-20,2024-09-24,CUST-7583,Kavita Verma,34.0,Female,Home Office,North,Punjab,Furniture,Furnishings,Area Rug,1033.16,4,0.0,234.7
ORD-106287,2023-05-13,2023-05-20,CUST-3982,Priya Patel,18.0,Female,Consumer,North,Punjab,Furniture,Furnishings,Area Rug,1174.91,5,0.1,274.09
ORD-106288,2024-12-11,2024-12-13,CUST-3332,Aditya Iyer,47.0,Male,Corporate,South,Karnataka,Office Supplies,Art,Marker Set,50.64,3,0.1,13.3
ORD-106289,2023-06-07,2023-06-12,CUST-9434,Nikhil Mehta,20.0,Male,Corporate,Central,Madhya Pradesh,Office Supplies,Envelopes,Window Envelopes,270.24,5,0.15,48.96
ORD-106290,2022-07-08,2022-07-15,CUST-5188,Ritu Reddy,45.0,Female,Corporate,South,Karnataka,Office Supplies,Paper,Sticky Notes Pack,93.55,7,0.4,-8.32
ORD-106291,2023-03-19,2023-03-20,CUST-9058,Shreya Gupta,26.0,Female,Consumer,Central,Madhya Pradesh,Office Supplies,Binders,Clip Binder,397.32,7,0.0,161.59
ORD-106292,2024-12-02,2024-12-08,CUST-3576,Arjun Reddy,32.0,Male,Home Office,Central,Madhya Pradesh,Office Supplies,Labels,Shipping Labels,159.81,2,0.1,30.16
ORD-106293,2022-12-23,2022-12-29,CUST-8221,Sanjay Iyer,36.0,Male,Consumer,North,Haryana,Office Supplies,Labels,Shipping Labels,81.1,4,0.3,2.16
ORD-106294,2024-09-20,2024-09-24,CUST-3576,Arjun Reddy,33.0,Male,Corporate,West,Gujarat,Office Supplies,Storage,Desk Organizer,106.81,5,0.1,27.61
ORD-106295,2024-10-05,2024-10-11,CUST-9897,Anita Reddy,36.0,Female,Consumer,South,Telangana,Office Supplies,Storage,File Cabinet,224.07,6,0.15,53.68
ORD-106296,2023-01-24,2023-01-31,CUST-3576,Arjun Reddy,34.0,Male,Consumer,East,Bihar,Furniture,Furnishings,Table Lamp,1168.18,3,0.2,124.76
ORD-106297,2022-04-23,2022-04-27,CUST-8682,Divya Singh,42.0,Female,Home Office,East,Odisha,Office Supplies,Storage,Desk Organizer,21.24,3,0.15,
ORD-106298,2024-03-21,2024-03-28,CUST-8199,Kavita Sharma,31.0,Female,Consumer,East,Odisha,Furniture,Tables,Round Side Table,121.21,1,0.0,36.86
ORD-106299,2022-12-18,2022-12-19,CUST-3886,Arjun Kapoor,38.0,Male,Home Office,Central,Chhattisgarh,Office Supplies,Art,Sketch Pad,369.77,6,0.1,78.77
ORD-106300,2024-06-03,2024-06-06,CUST-5188,Ritu Reddy,48.0,Female,Corporate,West,Maharashtra,Office Supplies,Paper,Sticky Notes Pack,126.55,2,0.15,6.58
ORD-106301,2023-05-26,2023-05-29,CUST-6230,Arjun Singh,28.0,Male,Home Office,North,Haryana,Office Supplies,Art,Colored Pencils,124.01,4,0.2,22.97
ORD-106302,2023-07-20,2023-07-22,CUST-3131,Arjun Verma,48.0,Male,Corporate,Central,Madhya Pradesh,Technology,Copiers,Compact Copier,755.28,2,0.1,263.43
ORD-106303,2024-05-27,2024-05-28,CUST-3850,Sanjay Patel,39.0,Male,Consumer,North,Haryana,Furniture,Bookcases,Corner Bookcase,245.0,2,0.0,95.74
ORD-106304,2023-03-10,2023-03-16,CUST-5454,Vivek Singh,,Male,Home Office,South,Kerala,Office Supplies,Art,Colored Pencils,88.78,4,0.0,
ORD-106305,2023-05-26,2023-05-27,CUST-3538,Rahul Rao,29.0,Male,Consumer,Central,Chhattisgarh,Office Supplies,Storage,Storage Box Set,203.34,3,0.15,33.19
ORD-106306,2023-03-02,2023-03-07,CUST-8653,Suresh Joshi,51.0,Male,Consumer,West,Gujarat,Furniture,Furnishings,Table Lamp,432.37,1,0.0,128.53
ORD-106307,2023-02-18,2023-02-21,CUST-3467,Arjun Joshi,52.0,Male,Corporate,East,Bihar,Office Supplies,Art,Sketch Pad,168.63,4,0.3,3.74
ORD-106308,2023-09-10,2023-09-16,CUST-5059,Anjali Reddy,30.0,Female,Consumer,West,Gujarat,Office Supplies,Paper,Sticky Notes Pack,479.9,6,0.4,-66.21
ORD-106309,2024-07-06,2024-07-13,CUST-5749,Rahul Sharma,20.0,Male,Corporate,West,Gujarat,Office Supplies,Envelopes,Mailing Envelopes,353.58,5,0.0,97.44
ORD-106310,2023-02-09,2023-02-16,CUST-2964,Aditya Rao,18.0,Male,Consumer,East,Odisha,Office Supplies,Binders,View Binder,138.62,2,0.2,15.98
ORD-106311,2023-09-08,2023-09-11,CUST-3300,Pooja Kapoor,39.0,Female,Corporate,North,Delhi,Technology,Accessories,Wireless Mouse,619.04,2,0.0,134.01
ORD-106312,2024-01-07,2024-01-08,CUST-1852,Pooja Iyer,33.0,Female,Corporate,West,Gujarat,Office Supplies,Envelopes,Window Envelopes,212.69,6,0.0,70.41
ORD-106313,2022-11-21,2022-11-27,CUST-1852,Pooja Iyer,32.0,Female,Consumer,Central,Chhattisgarh,Office Supplies,Paper,Sticky Notes Pack,105.24,6,0.0,34.01
ORD-106314,2022-11-27,2022-11-29,CUST-9521,Aditya Patel,39.0,Male,Corporate,East,Bihar,Technology,Phones,Cordless Landline,1825.7,7,0.2,249.59
ORD-106315,2024-11-19,2024-11-26,CUST-2333,Arjun Reddy,26.0,Male,Consumer,East,West Bengal,Office Supplies,Binders,3-Ring Binder,210.35,3,0.1,65.77
ORD-106316,2024-03-20,2024-03-21,CUST-8682,Divya Singh,40.0,Female,Consumer,North,Haryana,Furniture,Bookcases,Ladder Bookshelf,940.52,2,0.2,5.12
ORD-106317,2023-11-03,2023-11-05,CUST-8125,Vivek Verma,34.0,Male,Consumer,West,Maharashtra,Office Supplies,Storage,File Cabinet,26.04,1,0.0,6.35
ORD-106318,2023-12-20,2023-12-26,CUST-8682,Divya Singh,42.0,Female,Consumer,Central,Chhattisgarh,Office Supplies,Envelopes,Mailing Envelopes,73.97,1,0.1,16.63
ORD-106319,2022-02-10,2022-02-13,CUST-3300,Pooja Kapoor,35.0,Female,Consumer,North,Punjab,Technology,Accessories,Mechanical Keyboard,2436.8,4,0.2,505.15
ORD-106320,2023-12-02,2023-12-07,CUST-9521,Aditya Patel,35.0,Male,Home Office,South,Tamil Nadu,Technology,Phones,Cordless Landline,510.63,1,0.3,19.25
ORD-106321,2023-08-21,2023-08-25,CUST-5462,Kavita Nair,63.0,Female,Home Office,North,Punjab,Office Supplies,Envelopes,Window Envelopes,83.12,7,0.1,24.81
ORD-106322,2023-10-03,2023-10-06,CUST-3982,Priya Patel,18.0,Female,Home Office,Central,Chhattisgarh,Technology,Accessories,Webcam HD,973.84,7,0.1,306.57
ORD-106323,2023-02-06,2023-02-08,CUST-8325,Anita Singh,38.0,Female,Consumer,Central,Chhattisgarh,Furniture,Bookcases,5-Shelf Bookcase,470.01,2,0.1,151.23
ORD-106324,2022-04-21,2022-04-22,CUST-8125,Vivek Verma,33.0,Male,Consumer,Central,Madhya Pradesh,Technology,Copiers,Compact Copier,2467.99,3,0.15,240.54
ORD-106325,2022-09-11,2022-09-18,CUST-2964,Aditya Rao,18.0,Male,Consumer,North,Haryana,Technology,Machines,Laser Printer,537.16,1,0.0,116.61
ORD-106326,2024-12-01,2024-12-07,CUST-8849,Suresh Rao,28.0,Male,Consumer,West,Rajasthan,Technology,Machines,3D Printer Mini,1128.15,2,0.2,54.74
ORD-106327,2023-04-13,2023-04-16,CUST-5286,Manish Kapoor,38.0,Male,Consumer,East,West Bengal,Office Supplies,Binders,3-Ring Binder,135.8,6,0.1,19.99
ORD-106328,2023-06-25,2023-07-02,CUST-1852,Pooja Iyer,30.0,Female,Home Office,West,Maharashtra,Office Supplies,Envelopes,Mailing Envelopes,161.72,6,0.3,17.11
ORD-106329,2022-03-15,2022-03-22,CUST-5454,Vivek Singh,41.0,Male,Corporate,East,Odisha,Technology,Copiers,Office Copier 200,3639.72,5,0.1,936.27
ORD-106330,2022-02-22,2022-02-27,CUST-8427,Kavita Sharma,22.0,Female,Home Office,South,Kerala,Technology,Machines,Laser Printer,1252.83,2,0.0,326.03
ORD-106331,2024-03-12,2024-03-18,CUST-9022,Meera Iyer,18.0,Female,Consumer,South,Tamil Nadu,Furniture,Furnishings,Table Lamp,2304.82,7,0.15,339.58
ORD-106332,2023-09-24,2023-09-26,CUST-8125,Vivek Verma,34.0,Male,Home Office,Central,Chhattisgarh,Office Supplies,Envelopes,Mailing Envelopes,25.09,2,0.1,3.99
ORD-106333,2023-08-20,2023-08-26,CUST-6156,Rohan Verma,35.0,Male,Consumer,West,Rajasthan,Office Supplies,Art,Marker Set,22.24,1,0.15,4.04
ORD-106334,2022-11-02,2022-11-08,CUST-4571,Manish Kapoor,27.0,Male,Consumer,South,Karnataka,Technology,Machines,Laser Printer,1335.51,2,0.2,262.36
ORD-106335,2024-04-16,2024-04-17,CUST-3467,Arjun Joshi,53.0,Male,Consumer,Central,Madhya Pradesh,Furniture,Chairs,Ergo Mesh Office Chair,625.61,3,0.2,103.85
ORD-106336,2022-08-11,2022-08-15,CUST-3354,Suresh Reddy,25.0,Male,Consumer,Central,Chhattisgarh,Office Supplies,Labels,Address Labels,476.94,7,0.2,93.8
ORD-106337,2022-09-07,2022-09-14,CUST-6282,Isha Verma,29.0,Female,Consumer,Central,Madhya Pradesh,Office Supplies,Paper,A4 Copy Paper Ream,426.96,7,0.3,-0.12
ORD-106338,2023-06-18,2023-06-20,CUST-9515,Aditya Kapoor,18.0,Male,Consumer,North,Punjab,Office Supplies,Binders,Clip Binder,317.73,4,0.3,26.41
ORD-106339,2022-12-03,2022-12-04,CUST-3131,Arjun Verma,46.0,Male,Corporate,West,Rajasthan,Office Supplies,Art,Marker Set,197.82,6,0.1,22.87
ORD-106340,2022-11-05,2022-11-12,CUST-8325,Anita Singh,35.0,Female,Corporate,Central,Chhattisgarh,Office Supplies,Storage,File Cabinet,244.08,5,0.15,60.21
ORD-106341,2023-12-19,2023-12-23,CUST-3354,Suresh Reddy,29.0,Male,Corporate,North,Haryana,Furniture,Furnishings,Area Rug,508.31,2,0.0,199.75
ORD-106342,2023-12-22,2023-12-23,CUST-7126,Anita Rao,27.0,Female,Corporate,East,West Bengal,Furniture,Tables,Glass Coffee Table,3199.87,7,0.0,907.74
ORD-106343,2024-07-28,2024-08-01,CUST-2563,Sanjay Joshi,39.0,Male,Home Office,West,Rajasthan,Office Supplies,Labels,Shipping Labels,16.0,1,0.3,2.12
ORD-106344,2023-04-25,2023-04-29,CUST-6734,Ritu Singh,54.0,Female,Corporate,South,Karnataka,Office Supplies,Paper,Notebook Set,51.13,1,0.0,17.71
ORD-106345,2022-04-10,2022-04-14,CUST-9116,Pooja Reddy,22.0,Female,Home Office,South,Kerala,Technology,Phones,Smartphone X12,3004.89,4,0.15,218.91
ORD-106346,2022-11-24,2022-11-25,CUST-5749,Rahul Sharma,23.0,Male,Consumer,West,Maharashtra,Furniture,Bookcases,Ladder Bookshelf,955.95,2,0.3,-0.85
ORD-106347,2024-12-19,2024-12-25,CUST-3883,Sneha Mehta,44.0,Female,Consumer,Central,Chhattisgarh,Furniture,Chairs,Ergo Mesh Office Chair,1079.67,5,0.4,-85.36
ORD-106348,2023-11-17,2023-11-21,CUST-2280,Pooja Nair,23.0,Female,Consumer,Central,Chhattisgarh,Office Supplies,Paper,A4 Copy Paper Ream,127.35,5,0.3,-11.14
ORD-106349,2024-03-02,2024-03-08,CUST-7793,Anjali Reddy,36.0,Female,Corporate,East,Bihar,Furniture,Furnishings,Area Rug,2462.69,5,0.1,809.49
ORD-106350,2022-01-11,2022-01-18,CUST-8125,Vivek Verma,30.0,Male,Consumer,North,Punjab,Technology,Accessories,USB-C Hub,2028.4,6,0.0,544.79
ORD-106351,2023-09-02,2023-09-09,CUST-8342,Priya Iyer,43.0,Female,Consumer,North,Punjab,Office Supplies,Storage,Storage Box Set,8.03,1,0.3,-0.23
ORD-106352,2022-02-22,2022-02-24,CUST-6917,Ritu Singh,22.0,Female,Corporate,East,Odisha,Office Supplies,Binders,Clip Binder,235.45,3,0.1,58.92
ORD-106353,2023-10-26,2023-10-31,CUST-3033,Kavita Reddy,39.0,Female,Home Office,South,Kerala,Office Supplies,Storage,Desk Organizer,513.9,7,0.0,143.22
ORD-106354,2024-11-10,2024-11-16,CUST-3699,Ritu Joshi,28.0,Female,Consumer,South,Karnataka,Furniture,Furnishings,Table Lamp,324.74,4,0.1,92.77
ORD-106355,2024-12-12,2024-12-19,CUST-9978,Rohan Verma,48.0,Male,Consumer,South,Telangana,Technology,Phones,Cordless Landline,83.11,1,0.0,22.87
ORD-106356,2023-09-27,2023-10-02,CUST-6083,Neha Singh,21.0,Female,Consumer,East,Odisha,Office Supplies,Labels,Shipping Labels,131.8,7,0.3,-6.01
ORD-106357,2023-06-14,2023-06-18,CUST-3768,Ritu Joshi,37.0,Female,Corporate,West,Gujarat,Technology,Phones,Smartphone X12,592.8,1,0.1,123.7
ORD-106358,2024-11-27,2024-12-02,CUST-8871,Neha Reddy,44.0,Female,Home Office,North,Punjab,Office Supplies,Envelopes,Window Envelopes,265.76,4,0.4,-21.98
ORD-106359,2024-01-11,2024-01-16,CUST-3356,Nikhil Patel,20.0,Male,Home Office,West,Gujarat,Office Supplies,Art,Marker Set,417.84,6,0.0,84.44
ORD-106360,2022-03-30,2022-04-03,CUST-7234,Pooja Singh,38.0,Female,Corporate,South,Kerala,Furniture,Chairs,Executive Leather Chair,671.67,6,0.0,152.54
ORD-106361,2023-06-24,2023-06-30,CUST-2563,Sanjay Joshi,36.0,Male,Home Office,North,Haryana,Office Supplies,Labels,Shipping Labels,30.67,5,0.3,0.82
ORD-106362,2022-10-30,2022-11-03,CUST-1852,Sanjay Mehta,,Male,Consumer,West,Maharashtra,Office Supplies,Envelopes,Window Envelopes,62.81,7,0.3,4.3
ORD-106363,2023-06-29,2023-07-01,CUST-8871,Neha Reddy,41.0,Female,Home Office,East,Odisha,Furniture,Tables,Adjustable Standing Desk,1739.11,6,0.3,4.62
ORD-106364,2023-06-11,2023-06-14,CUST-7234,Pooja Singh,35.0,Female,Consumer,Central,Chhattisgarh,Technology,Machines,3D Printer Mini,2353.51,3,0.1,407.12
ORD-106365,2023-11-06,2023-11-07,CUST-5334,Anita Iyer,23.0,Female,Consumer,West,Gujarat,Furniture,Tables,Oak Dining Table,1079.91,2,0.15,237.48
ORD-106366,2023-02-02,2023-02-06,CUST-5454,Vivek Singh,42.0,Male,Consumer,West,Maharashtra,Furniture,Furnishings,Curtain Set,705.45,6,0.15,64.4
ORD-106367,2022-08-06,2022-08-10,CUST-6160,Anita Sharma,28.0,Female,Consumer,East,West Bengal,Technology,Phones,Budget Smartphone S5,294.15,1,0.2,50.63
ORD-106368,2023-08-14,2023-08-19,CUST-7234,Pooja Singh,36.0,Female,Home Office,South,Karnataka,Office Supplies,Storage,Storage Box Set,87.46,3,0.1,16.38
ORD-106369,2024-08-04,2024-08-06,CUST-3467,Arjun Joshi,51.0,Male,Consumer,South,Karnataka,Office Supplies,Storage,File Cabinet,61.53,4,0.4,-11.86
ORD-106370,2023-12-30,2024-01-06,CUST-9515,Aditya Kapoor,18.0,Male,Home Office,South,Tamil Nadu,Office Supplies,Art,Sketch Pad,217.75,5,0.2,17.58
ORD-106371,2023-01-08,2023-01-15,CUST-1367,Anjali Singh,36.0,Female,Corporate,North,Delhi,Technology,Machines,3D Printer Mini,283.14,1,0.15,24.33
ORD-106372,2024-11-21,2024-11-26,CUST-2447,Arjun Gupta,30.0,Male,Consumer,East,Odisha,Furniture,Bookcases,Corner Bookcase,3272.49,6,,178.46
ORD-106373,2024-11-03,2024-11-09,CUST-9872,Rohan Singh,29.0,Male,Home Office,East,Bihar,Office Supplies,Labels,Shipping Labels,85.81,2,0.0,21.07
ORD-106374,2022-09-30,2022-10-04,CUST-9810,Nikhil Rao,36.0,Male,Corporate,North,Delhi,Furniture,Bookcases,Corner Bookcase,1205.96,6,0.0,422.76
ORD-106375,2022-02-25,2022-03-01,CUST-9872,Rohan Singh,25.0,Male,Home Office,Central,Madhya Pradesh,Technology,Accessories,USB-C Hub,520.7,1,0.15,40.04
ORD-106376,2024-04-12,2024-04-17,CUST-6222,Suresh Sharma,32.0,Male,Home Office,West,Maharashtra,Office Supplies,Paper,A4 Copy Paper Ream,153.3,2,0.1,17.75
ORD-106377,2024-08-01,2024-08-05,CUST-7300,Anita Singh,53.0,Female,Home Office,West,Gujarat,Office Supplies,Binders,View Binder,177.4,4,0.0,60.73
ORD-106378,2024-12-12,2024-12-18,CUST-2160,Rohan Mehta,,Male,Home Office,East,Odisha,Office Supplies,Paper,Sticky Notes Pack,320.03,7,0.4,-37.26
ORD-106379,2024-10-13,2024-10-16,CUST-1367,Anjali Singh,38.0,Female,Consumer,West,Maharashtra,Technology,Phones,Cordless Landline,3310.7,4,0.0,717.78
ORD-106380,2023-11-20,2023-11-21,CUST-5013,Shreya Verma,38.0,Female,Home Office,North,Delhi,Furniture,Bookcases,Corner Bookcase,2048.35,4,0.2,459.31
ORD-106381,2023-09-15,2023-09-16,CUST-8375,Rahul Nair,31.0,Male,Home Office,Central,Madhya Pradesh,Furniture,Furnishings,Wall Clock,801.65,2,0.0,229.37
ORD-106382,2022-02-08,2022-02-09,CUST-9515,Aditya Kapoor,18.0,Male,Corporate,South,Kerala,Technology,Machines,3D Printer Mini,517.15,7,0.0,138.87
ORD-106383,2022-11-04,2022-11-07,CUST-8375,Rahul Nair,30.0,Male,Consumer,Central,Madhya Pradesh,Furniture,Chairs,Foldable Study Chair,114.63,1,0.1,22.83
ORD-106384,2023-06-16,2023-06-20,CUST-4369,Priya Verma,18.0,Female,Consumer,Central,Chhattisgarh,Technology,Machines,Label Maker,4987.67,6,0.0,1387.13
ORD-106385,2023-12-09,2023-12-14,CUST-6160,Anita Sharma,,Female,Home Office,West,Gujarat,Furniture,Bookcases,5-Shelf Bookcase,1658.19,4,0.2,144.98
ORD-106386,2023-10-14,2023-10-21,CUST-8393,Ritu Patel,26.0,Female,Corporate,East,Bihar,Office Supplies,Art,Colored Pencils,79.18,2,0.0,18.91
ORD-106387,2024-04-13,2024-04-15,CUST-5751,Sneha Kapoor,46.0,Female,Consumer,North,Uttar Pradesh,Office Supplies,Binders,Clip Binder,317.12,6,0.0,129.44
ORD-106388,2022-11-29,2022-12-03,CUST-9889,Pooja Joshi,39.0,Female,Consumer,North,Uttar Pradesh,Technology,Accessories,Webcam HD,3957.61,5,0.15,950.18
ORD-106389,2023-10-22,2023-10-25,CUST-8917,Karan Mehta,29.0,Male,Home Office,South,Karnataka,Office Supplies,Binders,View Binder,551.72,7,0.0,193.83
ORD-106390,2022-04-29,2022-05-05,CUST-8447,Anita Sharma,30.0,Female,Consumer,South,Kerala,Technology,Machines,3D Printer Mini,4153.5,6,0.0,976.32
ORD-106391,2023-04-20,2023-04-23,CUST-6466,Sanjay Mehta,41.0,Male,Consumer,South,Kerala,Office Supplies,Paper,Notebook Set,142.53,7,0.0,47.68
ORD-106392,2024-04-23,2024-04-30,CUST-8871,Neha Reddy,44.0,Female,Consumer,North,Delhi,Office Supplies,Binders,View Binder,233.64,7,0.1,64.42
ORD-106393,2024-02-07,2024-02-08,CUST-9325,Nikhil Nair,21.0,Male,Consumer,East,Odisha,Office Supplies,Labels,Shipping Labels,124.67,6,0.1,25.41
ORD-106394,2024-12-26,2024-12-30,CUST-6466,Sanjay Mehta,42.0,Male,Corporate,East,West Bengal,Office Supplies,Storage,Storage Box Set,151.26,4,0.0,52.9
ORD-106395,2022-11-27,2022-12-04,CUST-8393,Ritu Patel,25.0,Female,Corporate,West,Maharashtra,Technology,Copiers,Compact Copier,367.56,1,0.0,164.97
ORD-106396,2023-08-07,2023-08-08,CUST-5022,Manish Gupta,61.0,Male,Consumer,West,Gujarat,Furniture,Furnishings,Wall Clock,1399.12,4,0.0,518.73
ORD-106397,2022-12-29,2022-12-31,CUST-9889,Pooja Joshi,37.0,Female,Consumer,East,Bihar,Furniture,Tables,Adjustable Standing Desk,257.43,2,0.2,15.03
ORD-106398,2023-05-23,2023-05-29,CUST-8917,Karan Mehta,25.0,Male,Consumer,Central,Chhattisgarh,Office Supplies,Storage,File Cabinet,144.41,2,0.2,31.03
ORD-106399,2024-09-07,2024-09-08,CUST-3541,Sanjay Patel,19.0,Male,Consumer,North,Punjab,Furniture,Furnishings,Wall Clock,2253.88,6,0.1,231.49
ORD-106400,2024-01-25,2024-01-27,CUST-2160,Rohan Mehta,37.0,Male,Consumer,North,Delhi,Furniture,Bookcases,Ladder Bookshelf,2683.79,6,0.1,368.49
ORD-106401,2024-10-06,2024-10-09,CUST-2730,Vikram Joshi,50.0,Male,Consumer,North,Punjab,Furniture,Bookcases,Corner Bookcase,2369.39,4,0.15,507.75
ORD-106402,2022-09-23,2022-09-24,CUST-9978,Rohan Verma,48.0,Male,Home Office,East,Odisha,Office Supplies,Envelopes,Mailing Envelopes,67.13,1,0.0,22.43
ORD-106403,2024-09-26,2024-09-27,CUST-8780,Kavita Gupta,37.0,Female,Consumer,South,Karnataka,Technology,Machines,Label Maker,669.88,4,0.1,114.08
ORD-106404,2022-03-24,2022-03-29,CUST-4369,Priya Verma,18.0,Female,Consumer,East,West Bengal,Furniture,Furnishings,Curtain Set,410.91,3,0.15,91.89
ORD-106405,2024-10-12,2024-10-18,CUST-7606,Manish Reddy,20.0,Male,Consumer,North,Delhi,Office Supplies,Storage,Desk Organizer,310.82,7,0.4,-17.18
ORD-106406,2022-12-29,2023-01-04,CUST-8393,Ritu Patel,29.0,Female,Corporate,East,Odisha,Office Supplies,Paper,A4 Copy Paper Ream,192.81,5,0.2,20.26
ORD-106407,2022-12-20,2022-12-27,CUST-4845,Anita Joshi,33.0,Female,Consumer,Central,Chhattisgarh,Technology,Accessories,Webcam HD,1242.79,3,0.0,533.67
ORD-106408,2023-08-25,2023-08-28,CUST-9836,Nikhil Mehta,31.0,Male,Corporate,Central,Chhattisgarh,Office Supplies,Paper,Notebook Set,246.24,5,0.2,57.6
ORD-106409,2024-11-24,2024-11-29,CUST-5561,Sneha Rao,35.0,Female,Corporate,North,Punjab,Technology,Accessories,USB-C Hub,378.87,1,0.0,84.66
ORD-106410,2022-03-08,2022-03-15,CUST-8917,Karan Mehta,29.0,Male,Consumer,West,Maharashtra,Office Supplies,Labels,Address Labels,39.57,6,0.0,9.71
ORD-106411,2023-01-27,2023-01-29,CUST-9978,Rohan Verma,47.0,Male,Consumer,North,Haryana,Technology,Phones,Budget Smartphone S5,98.66,1,0.1,16.06
ORD-106412,2024-09-07,2024-09-14,CUST-6466,Sanjay Mehta,42.0,Male,Corporate,South,Kerala,Furniture,Bookcases,Corner Bookcase,471.99,2,0.0,182.94
ORD-106413,2023-03-28,2023-03-30,CUST-5453,Anita Reddy,45.0,Female,Home Office,North,Delhi,Technology,Phones,Smartphone X12,2610.88,6,0.15,340.73
ORD-106414,2022-09-18,2022-09-21,CUST-7966,Neha Gupta,22.0,Female,Consumer,East,Bihar,Furniture,Tables,Glass Coffee Table,2697.57,7,0.15,556.04
ORD-106415,2023-05-04,2023-05-10,CUST-2800,Anjali Iyer,39.0,Female,Consumer,North,Delhi,Office Supplies,Binders,3-Ring Binder,11.41,1,0.1,1.67
ORD-106416,2023-03-14,2023-03-16,CUST-8393,Ritu Patel,28.0,Female,Home Office,South,Karnataka,Office Supplies,Labels,Address Labels,318.77,7,0.1,77.6
ORD-106417,2024-11-06,2024-11-09,CUST-9978,Rohan Verma,45.0,Male,Corporate,West,Gujarat,Office Supplies,Storage,File Cabinet,87.31,7,0.1,28.39
ORD-106418,2024-05-08,2024-05-15,CUST-8834,Rahul Verma,48.0,Male,Consumer,East,Bihar,Technology,Phones,Smartphone X12,1086.0,4,0.3,40.48
ORD-106419,2023-08-16,2023-08-18,CUST-9836,Nikhil Mehta,32.0,Male,Consumer,South,Kerala,Office Supplies,Storage,File Cabinet,101.12,2,0.0,35.2
ORD-106420,2024-12-24,2024-12-28,CUST-1355,Isha Iyer,33.0,Female,Consumer,West,Rajasthan,Furniture,Tables,Glass Coffee Table,1200.41,4,0.2,152.62
ORD-106421,2023-06-23,2023-06-24,CUST-8056,Amit Kapoor,,Male,Corporate,South,Telangana,Office Supplies,Binders,Clip Binder,72.71,1,0.15,9.43
ORD-106422,2022-03-22,2022-03-29,CUST-6466,Sanjay Mehta,42.0,Male,Consumer,West,Maharashtra,Furniture,Tables,Adjustable Standing Desk,2040.69,6,0.2,271.79
ORD-106423,2022-11-16,2022-11-22,CUST-5453,Anita Reddy,47.0,Female,Corporate,North,Uttar Pradesh,Office Supplies,Storage,Desk Organizer,234.24,6,0.0,83.53
ORD-106424,2023-05-18,2023-05-25,CUST-2429,Divya Gupta,40.0,Female,Consumer,South,Karnataka,Furniture,Chairs,Recliner Lounge Chair,505.33,1,0.1,98.93
ORD-106425,2022-07-27,2022-07-31,CUST-4008,Vikram Rao,25.0,Male,Consumer,East,Bihar,Technology,Phones,Budget Smartphone S5,954.42,3,0.1,123.27
ORD-106426,2024-11-29,2024-12-02,CUST-3318,Manish Reddy,26.0,Male,Home Office,West,Gujarat,Office Supplies,Envelopes,Mailing Envelopes,195.55,6,0.2,38.12
ORD-106427,2024-05-14,2024-05-17,CUST-3479,Rahul Patel,27.0,Male,Corporate,West,Maharashtra,Office Supplies,Labels,Shipping Labels,156.35,2,0.0,58.66
ORD-106428,2022-11-20,2022-11-27,CUST-1957,Sanjay Patel,42.0,Male,Home Office,East,West Bengal,Office Supplies,Envelopes,Mailing Envelopes,376.24,5,0.0,150.66
ORD-106429,2023-11-13,2023-11-17,CUST-3479,Rahul Patel,27.0,Male,Consumer,North,Delhi,Furniture,Bookcases,Ladder Bookshelf,508.34,1,0.3,2.67
ORD-106430,2024-03-17,2024-03-24,CUST-9836,Nikhil Mehta,30.0,Male,Consumer,Central,Madhya Pradesh,Office Supplies,Binders,3-Ring Binder,246.65,6,0.2,4.32
ORD-106431,2024-11-25,2024-11-26,CUST-2347,Vivek Mehta,23.0,Male,Corporate,Central,Chhattisgarh,Furniture,Chairs,Executive Leather Chair,1422.16,4,0.0,480.23
ORD-106432,2024-10-05,2024-10-06,CUST-4369,Priya Verma,18.0,Female,Consumer,East,Bihar,Office Supplies,Paper,Sticky Notes Pack,235.93,6,0.0,82.42
ORD-106433,2023-08-29,2023-09-03,CUST-2800,Anjali Iyer,38.0,Female,Home Office,South,Telangana,Office Supplies,Binders,View Binder,161.84,4,0.0,48.0
ORD-106434,2024-05-23,2024-05-25,CUST-1724,Meera Kapoor,31.0,Female,Home Office,North,Haryana,Furniture,Tables,Oak Dining Table,4139.42,7,0.1,773.44
ORD-106435,2023-10-19,2023-10-24,CUST-7667,Priya Rao,49.0,Female,Consumer,West,Gujarat,Office Supplies,Storage,File Cabinet,328.4,6,0.1,114.43
ORD-106436,2023-10-10,2023-10-11,CUST-8239,Divya Joshi,41.0,Female,Corporate,North,Haryana,Office Supplies,Art,Sketch Pad,331.08,6,0.1,61.18
ORD-106437,2022-06-01,2022-06-05,CUST-1894,Kavita Nair,48.0,Female,Home Office,South,Kerala,Technology,Phones,Smartphone X12,2605.25,3,0.0,810.48
ORD-106438,2022-06-16,2022-06-18,CUST-4347,Amit Nair,38.0,Male,Home Office,South,Kerala,Technology,Machines,Laser Printer,708.82,2,0.0,198.81
ORD-106439,2023-09-15,2023-09-19,CUST-1957,Sanjay Patel,42.0,Male,Consumer,North,Delhi,Office Supplies,Art,Colored Pencils,45.8,2,0.0,19.55
ORD-106440,2022-11-21,2022-11-26,CUST-8239,Divya Joshi,42.0,Female,Home Office,East,Bihar,Technology,Copiers,Compact Copier,99.8,1,0.0,28.98
ORD-106441,2022-01-29,2022-02-01,CUST-7966,Neha Gupta,21.0,Female,Home Office,South,Kerala,Furniture,Chairs,Foldable Study Chair,1186.66,3,0.3,106.88
ORD-106442,2024-03-19,2024-03-23,CUST-7955,Anjali Reddy,36.0,Female,Corporate,West,Maharashtra,Technology,Accessories,USB-C Hub,2801.94,4,0.0,832.28
ORD-106443,2022-02-15,2022-02-20,CUST-7920,Vikram Mehta,47.0,Male,Corporate,North,Uttar Pradesh,Furniture,Chairs,Foldable Study Chair,1310.8,5,0.3,-21.0
ORD-106444,2023-11-16,2023-11-21,CUST-1957,Sanjay Patel,42.0,Male,Corporate,Central,Madhya Pradesh,Furniture,Tables,Oak Dining Table,221.32,1,0.0,85.03
ORD-106445,2023-09-26,2023-10-01,CUST-2026,Suresh Iyer,53.0,Male,Consumer,West,Rajasthan,Furniture,Tables,Glass Coffee Table,2808.96,6,0.15,332.07
ORD-106446,2024-12-12,2024-12-15,CUST-7398,Manish Patel,57.0,Male,Corporate,South,Karnataka,Office Supplies,Labels,Shipping Labels,363.01,6,0.0,113.54
ORD-106447,2023-07-19,2023-07-22,CUST-7920,Vikram Mehta,48.0,Male,Consumer,South,Telangana,Office Supplies,Envelopes,Mailing Envelopes,210.43,6,0.1,72.55
ORD-106448,2022-03-29,2022-04-05,CUST-7135,Aditya Gupta,44.0,Male,Consumer,West,Rajasthan,Office Supplies,Storage,File Cabinet,63.28,5,0.2,0.1
ORD-106449,2023-10-09,2023-10-12,CUST-7398,Manish Patel,55.0,Male,Consumer,East,Bihar,Technology,Phones,Cordless Landline,2403.5,3,0.4,-92.74
ORD-106450,2024-08-19,2024-08-21,CUST-4485,Pooja Patel,19.0,Female,Consumer,North,Punjab,Technology,Phones,Smartphone X12,1229.37,3,0.2,221.01
ORD-106451,2024-12-30,2025-01-02,CUST-3891,Vivek Joshi,41.0,Male,Consumer,Central,Chhattisgarh,Office Supplies,Labels,Shipping Labels,151.93,2,0.2,20.88
ORD-106452,2023-05-11,2023-05-14,CUST-8393,Ritu Patel,28.0,Female,Consumer,East,West Bengal,Office Supplies,Labels,Address Labels,465.0,6,0.0,149.38
ORD-106453,2022-12-24,2022-12-27,CUST-9233,Neha Kapoor,58.0,Female,Consumer,Central,Chhattisgarh,Office Supplies,Binders,View Binder,70.59,1,0.0,14.34
ORD-106454,2024-10-30,2024-11-03,CUST-9836,Nikhil Mehta,32.0,Male,Corporate,South,Kerala,Office Supplies,Paper,A4 Copy Paper Ream,230.86,5,0.3,-22.7
ORD-106455,2022-09-09,2022-09-12,CUST-7757,Sneha Gupta,31.0,Female,Consumer,North,Delhi,Technology,Copiers,Office Copier 200,3028.74,4,0.0,835.84
ORD-106456,2023-12-01,2023-12-03,CUST-2508,Sanjay Iyer,39.0,Male,Corporate,Central,Chhattisgarh,Office Supplies,Paper,A4 Copy Paper Ream,94.79,4,0.0,23.98
ORD-106457,2023-04-09,2023-04-14,CUST-4596,Rohan Kapoor,24.0,Male,Home Office,Central,Madhya Pradesh,Office Supplies,Art,Colored Pencils,59.44,1,0.3,2.52
ORD-106458,2022-02-28,2022-03-04,CUST-8888,Pooja Gupta,44.0,Female,Consumer,East,Bihar,Technology,Phones,Smartphone X12,1714.73,7,0.0,621.45
ORD-106459,2023-01-20,2023-01-21,CUST-7920,Vikram Mehta,48.0,Male,Consumer,West,Rajasthan,Technology,Accessories,Wireless Mouse,652.58,3,0.1,144.78
ORD-106460,2022-11-18,2022-11-21,CUST-2412,Kavita Rao,18.0,Female,Consumer,West,Rajasthan,Office Supplies,Envelopes,Mailing Envelopes,279.97,4,0.0,73.05
ORD-106461,2024-01-28,2024-02-04,CUST-1826,Sneha Verma,52.0,Female,Consumer,East,Odisha,Office Supplies,Art,Marker Set,76.7,1,0.0,32.29
ORD-106462,2024-11-30,2024-12-07,CUST-3100,Isha Verma,27.0,Female,Consumer,South,Tamil Nadu,Furniture,Chairs,Ergo Mesh Office Chair,931.56,4,0.1,253.91
ORD-106463,2022-11-20,2022-11-25,CUST-8013,Rahul Singh,25.0,Male,Consumer,Central,Chhattisgarh,Technology,Copiers,Office Copier 200,3468.69,6,0.1,1179.53
ORD-106464,2024-07-10,2024-07-15,CUST-5648,Anita Joshi,43.0,Female,Corporate,Central,Chhattisgarh,Office Supplies,Art,Sketch Pad,159.4,4,0.2,8.39
ORD-106465,2022-03-18,2022-03-22,CUST-6199,Isha Patel,26.0,Female,Home Office,North,Punjab,Furniture,Tables,Adjustable Standing Desk,858.1,2,0.0,269.72
ORD-106466,2023-09-25,2023-10-02,CUST-6346,Divya Rao,26.0,Female,Corporate,East,West Bengal,Technology,Copiers,Office Copier 200,530.19,2,0.15,97.54
ORD-106467,2022-04-07,2022-04-08,CUST-3006,Pooja Verma,41.0,Female,Corporate,South,Telangana,Office Supplies,Paper,A4 Copy Paper Ream,512.29,7,0.2,72.8
ORD-106468,2024-11-19,2024-11-25,CUST-2412,Kavita Rao,18.0,Female,Home Office,South,Kerala,Technology,Copiers,Compact Copier,378.91,2,0.0,110.37
ORD-106469,2024-05-13,2024-05-20,CUST-7920,Vikram Mehta,45.0,Male,Consumer,North,Delhi,Office Supplies,Labels,Shipping Labels,311.31,7,0.0,107.3
ORD-106470,2023-12-26,2024-01-02,CUST-1595,Manish Sharma,34.0,Male,Corporate,North,Delhi,Technology,Phones,Budget Smartphone S5,4392.55,6,0.1,1017.03
ORD-106471,2024-07-27,2024-07-29,CUST-7966,Neha Gupta,23.0,Female,Consumer,West,Maharashtra,Office Supplies,Paper,A4 Copy Paper Ream,229.7,3,0.0,51.58
ORD-106472,2023-12-20,2023-12-26,CUST-6179,Kavita Sharma,31.0,Female,Consumer,South,Kerala,Office Supplies,Envelopes,Mailing Envelopes,44.42,6,0.0,13.56
ORD-106473,2024-12-13,2024-12-18,CUST-1402,Anjali Sharma,33.0,Female,Consumer,Central,Madhya Pradesh,Technology,Accessories,Mechanical Keyboard,2407.39,3,0.0,648.71
ORD-106474,2024-03-07,2024-03-13,CUST-8692,Suresh Verma,,Male,Corporate,North,Uttar Pradesh,Office Supplies,Binders,View Binder,72.35,6,0.0,28.24
ORD-106475,2024-11-13,2024-11-20,CUST-7966,Neha Gupta,22.0,Female,Corporate,South,Telangana,Technology,Copiers,Office Copier 200,981.5,3,0.2,197.59
ORD-106476,2023-08-31,2023-09-05,CUST-3006,Pooja Verma,42.0,Female,Corporate,North,Uttar Pradesh,Office Supplies,Binders,View Binder,72.54,6,0.0,26.63
ORD-106477,2022-06-04,2022-06-10,CUST-7922,Manish Nair,37.0,Male,Consumer,North,Delhi,Office Supplies,Labels,Shipping Labels,155.81,2,0.15,44.25
ORD-106478,2023-09-13,2023-09-18,CUST-6473,Priya Verma,18.0,Female,Consumer,North,Haryana,Office Supplies,Art,Colored Pencils,204.33,3,0.1,43.48
ORD-106479,2022-06-17,2022-06-22,CUST-4178,Divya Gupta,57.0,Female,Consumer,East,Bihar,Furniture,Furnishings,Table Lamp,1472.22,6,0.15,196.68
ORD-106480,2023-11-14,2023-11-18,CUST-2026,Suresh Iyer,53.0,Male,Consumer,East,Odisha,Technology,Copiers,Office Copier 200,209.05,1,0.15,14.79
ORD-106481,2023-07-17,2023-07-18,CUST-3541,Sanjay Patel,18.0,Male,Consumer,East,Bihar,Office Supplies,Paper,Sticky Notes Pack,195.04,3,0.2,28.79
ORD-106482,2023-12-05,2023-12-10,CUST-7233,Sanjay Sharma,41.0,Male,Home Office,South,Karnataka,Technology,Machines,Laser Printer,684.96,1,0.15,
ORD-106483,2022-01-14,2022-01-16,CUST-4596,Rohan Kapoor,22.0,Male,Consumer,North,Delhi,Furniture,Furnishings,Curtain Set,601.97,3,0.0,142.08
ORD-106484,2022-09-13,2022-09-20,CUST-4596,Rohan Kapoor,20.0,Male,Corporate,West,Gujarat,Technology,Phones,Budget Smartphone S5,1089.98,2,0.15,243.9
ORD-106485,2023-07-29,2023-08-05,CUST-8605,Meera Sharma,47.0,Female,Consumer,North,Punjab,Furniture,Tables,Oak Dining Table,1596.99,5,0.1,303.56
ORD-106486,2024-12-01,2024-12-03,CUST-7233,Sanjay Sharma,43.0,Male,Consumer,East,West Bengal,Technology,Phones,Cordless Landline,2505.56,7,0.3,17.62
ORD-106487,2023-03-12,2023-03-15,CUST-1699,Anjali Rao,31.0,Female,Consumer,East,West Bengal,Office Supplies,Binders,3-Ring Binder,104.24,2,0.0,46.66
ORD-106488,2023-05-03,2023-05-08,CUST-5885,Pooja Patel,21.0,Female,Home Office,South,Tamil Nadu,Furniture,Furnishings,Area Rug,1567.76,6,0.2,196.71
ORD-106489,2024-03-08,2024-03-13,CUST-6346,Divya Rao,27.0,Female,Consumer,North,Delhi,Furniture,Tables,Glass Coffee Table,1774.24,4,0.3,165.09
ORD-106490,2023-11-22,2023-11-27,CUST-7715,Manish Verma,46.0,Male,Consumer,West,Rajasthan,Technology,Machines,3D Printer Mini,1367.61,3,0.1,147.92
ORD-106491,2022-12-11,2022-12-17,CUST-7922,Manish Nair,38.0,Male,Consumer,Central,Chhattisgarh,Furniture,Bookcases,5-Shelf Bookcase,1686.4,4,0.0,581.64
ORD-106492,2023-04-16,2023-04-21,CUST-9282,Priya Rao,24.0,Female,Corporate,East,Odisha,Furniture,Tables,Oak Dining Table,1091.46,3,0.1,326.34
ORD-106493,2022-10-08,2022-10-13,CUST-8679,Sneha Patel,61.0,Female,Consumer,West,Rajasthan,Furniture,Furnishings,Table Lamp,3590.37,7,0.0,1179.18
ORD-106494,2024-12-11,2024-12-13,CUST-7715,Manish Verma,46.0,Male,Consumer,North,Punjab,Office Supplies,Art,Colored Pencils,105.63,3,0.2,21.95
ORD-106495,2022-06-21,2022-06-22,CUST-8425,Vikram Gupta,20.0,Male,Home Office,North,Uttar Pradesh,Office Supplies,Binders,Clip Binder,78.82,1,0.2,2.52
ORD-106496,2023-02-24,2023-02-25,CUST-9304,Rohan Nair,31.0,Male,Consumer,South,Tamil Nadu,Technology,Accessories,Mechanical Keyboard,1510.05,5,0.3,204.57
ORD-106497,2022-02-05,2022-02-08,CUST-7728,Anjali Iyer,23.0,Female,Consumer,Central,Madhya Pradesh,Office Supplies,Storage,Desk Organizer,298.64,4,0.1,80.33
ORD-106498,2022-10-12,2022-10-14,CUST-1762,Priya Verma,26.0,Female,Corporate,North,Haryana,Technology,Copiers,Compact Copier,1347.61,4,0.1,231.57
ORD-106499,2024-05-31,2024-06-05,CUST-6568,Nikhil Sharma,34.0,Male,Consumer,South,Kerala,Technology,Phones,Cordless Landline,1988.68,4,0.3,105.19
